
///////////////////////////////////
// Efinity Synthesis Started 
// Sep 20, 2026 20:49:37
///////////////////////////////////

[EFX-0011 VERI-WARNING] port 'probe5' remains unconnected for this instance (VERI-1927) (/home/steve/video_streaming_10g_demo_v1.4.1/fpga/Ti375N1156-DK/work_dbg/debug_top.v:124)
[EFX-0011 VERI-WARNING] input port 'probe5[0]' remains unconnected for this instance (VDB-1053) (/home/steve/video_streaming_10g_demo_v1.4.1/fpga/Ti375N1156-DK/work_dbg/debug_top.v:99)
[EFX-0200 WARNING] Removing redundant signal : compared_in[0]. (/home/steve/video_streaming_10g_demo_v1.4.1/fpga/Ti375N1156-DK/work_dbg/debug_top.v:5501)
[EFX-0200 WARNING] Removing redundant signal : mask_in[0]. (/home/steve/video_streaming_10g_demo_v1.4.1/fpga/Ti375N1156-DK/work_dbg/debug_top.v:5502)
[EFX-0200 WARNING] Removing redundant signal : trigger_in. (/home/steve/video_streaming_10g_demo_v1.4.1/fpga/Ti375N1156-DK/work_dbg/debug_top.v:5712)
[EFX-0200 WARNING] Removing redundant signal : din[5]. (/home/steve/video_streaming_10g_demo_v1.4.1/fpga/Ti375N1156-DK/work_dbg/debug_top.v:4597)
[EFX-0200 WARNING] Removing redundant signal : trig_out. (/home/steve/video_streaming_10g_demo_v1.4.1/fpga/Ti375N1156-DK/work_dbg/debug_top.v:4878)
[EFX-0200 WARNING] Removing redundant signal : trig_out_ack. (/home/steve/video_streaming_10g_demo_v1.4.1/fpga/Ti375N1156-DK/work_dbg/debug_top.v:4879)
[EFX-0200 WARNING] Removing redundant signal : bscan_DRCK. (/home/steve/video_streaming_10g_demo_v1.4.1/fpga/Ti375N1156-DK/work_dbg/debug_top.v:1030)
[EFX-0200 WARNING] Removing redundant signal : bscan_RUNTEST. (/home/steve/video_streaming_10g_demo_v1.4.1/fpga/Ti375N1156-DK/work_dbg/debug_top.v:1032)
[EFX-0200 WARNING] Removing redundant signal : bscan_SEL. (/home/steve/video_streaming_10g_demo_v1.4.1/fpga/Ti375N1156-DK/work_dbg/debug_top.v:1033)
[EFX-0200 WARNING] Removing redundant signal : bscan_TMS. (/home/steve/video_streaming_10g_demo_v1.4.1/fpga/Ti375N1156-DK/work_dbg/debug_top.v:1037)
[EFX-0200 WARNING] Removing redundant signal : trig_in_ack. (/home/steve/video_streaming_10g_demo_v1.4.1/fpga/Ti375N1156-DK/work_dbg/debug_top.v:1048)
[EFX-0200 WARNING] Removing redundant signal : mux_capture_cmp[4]. (/home/steve/video_streaming_10g_demo_v1.4.1/fpga/Ti375N1156-DK/work_dbg/debug_top.v:3462)
[EFX-0200 WARNING] Removing redundant signal : mux_capture_cmp[3]. (/home/steve/video_streaming_10g_demo_v1.4.1/fpga/Ti375N1156-DK/work_dbg/debug_top.v:3462)
[EFX-0200 WARNING] Removing redundant signal : mux_capture_cmp[2]. (/home/steve/video_streaming_10g_demo_v1.4.1/fpga/Ti375N1156-DK/work_dbg/debug_top.v:3462)
[EFX-0200 WARNING] Removing redundant signal : mux_capture_cmp[1]. (/home/steve/video_streaming_10g_demo_v1.4.1/fpga/Ti375N1156-DK/work_dbg/debug_top.v:3462)
[EFX-0200 WARNING] Removing redundant signal : mux_capture_cmp[0]. (/home/steve/video_streaming_10g_demo_v1.4.1/fpga/Ti375N1156-DK/work_dbg/debug_top.v:3462)
[EFX-0200 WARNING] Removing redundant signal : bscan_CAPTURE. (/home/steve/video_streaming_10g_demo_v1.4.1/fpga/Ti375N1156-DK/work_dbg/debug_top.v:281)
[EFX-0200 WARNING] Removing redundant signal : bscan_DRCK. (/home/steve/video_streaming_10g_demo_v1.4.1/fpga/Ti375N1156-DK/work_dbg/debug_top.v:282)
[EFX-0200 WARNING] Removing redundant signal : bscan_RUNTEST. (/home/steve/video_streaming_10g_demo_v1.4.1/fpga/Ti375N1156-DK/work_dbg/debug_top.v:284)
[EFX-0200 WARNING] Removing redundant signal : bscan_TMS. (/home/steve/video_streaming_10g_demo_v1.4.1/fpga/Ti375N1156-DK/work_dbg/debug_top.v:289)
[EFX-0201 WARNING] Re-wiring to GND non-driven net 'la0.probe5[0]'. (/home/steve/video_streaming_10g_demo_v1.4.1/fpga/Ti375N1156-DK/work_dbg/debug_top.v:99)
[EFX-0201 WARNING] Re-wiring to GND non-driven net 'la0.probe6[0]'. (/home/steve/video_streaming_10g_demo_v1.4.1/fpga/Ti375N1156-DK/work_dbg/debug_top.v:99)
[EFX-0201 WARNING] Re-wiring to GND non-driven net 'la0.probe7[0]'. (/home/steve/video_streaming_10g_demo_v1.4.1/fpga/Ti375N1156-DK/work_dbg/debug_top.v:99)
[EFX-0201 WARNING] Re-wiring to GND non-driven net 'la0.probe8[0]'. (/home/steve/video_streaming_10g_demo_v1.4.1/fpga/Ti375N1156-DK/work_dbg/debug_top.v:99)
[EFX-0201 WARNING] Re-wiring to GND non-driven net 'la0.probe9[0]'. (/home/steve/video_streaming_10g_demo_v1.4.1/fpga/Ti375N1156-DK/work_dbg/debug_top.v:99)
[EFX-0201 WARNING] Re-wiring to GND non-driven net 'la0.probe10[0]'. (/home/steve/video_streaming_10g_demo_v1.4.1/fpga/Ti375N1156-DK/work_dbg/debug_top.v:99)
[EFX-0201 WARNING] Re-wiring to GND non-driven net 'la0.probe11[0]'. (/home/steve/video_streaming_10g_demo_v1.4.1/fpga/Ti375N1156-DK/work_dbg/debug_top.v:99)
[EFX-0201 WARNING] Re-wiring to GND non-driven net 'la0.probe12[0]'. (/home/steve/video_streaming_10g_demo_v1.4.1/fpga/Ti375N1156-DK/work_dbg/debug_top.v:99)
[EFX-0201 WARNING] Re-wiring to GND non-driven net 'la0.probe13[0]'. (/home/steve/video_streaming_10g_demo_v1.4.1/fpga/Ti375N1156-DK/work_dbg/debug_top.v:99)
[EFX-0201 WARNING] Re-wiring to GND non-driven net 'la0.probe14[0]'. (/home/steve/video_streaming_10g_demo_v1.4.1/fpga/Ti375N1156-DK/work_dbg/debug_top.v:99)
[EFX-0011 VERI-WARNING] Input/inout port bscan_DRCK is unconnected and will be removed. (VDB-8003) (/home/steve/video_streaming_10g_demo_v1.4.1/fpga/Ti375N1156-DK/work_dbg/debug_top.v:13)
[EFX-0011 VERI-WARNING] Input/inout port bscan_RUNTEST is unconnected and will be removed. (VDB-8003) (/home/steve/video_streaming_10g_demo_v1.4.1/fpga/Ti375N1156-DK/work_dbg/debug_top.v:15)
[EFX-0011 VERI-WARNING] Input/inout port bscan_TMS is unconnected and will be removed. (VDB-8003) (/home/steve/video_streaming_10g_demo_v1.4.1/fpga/Ti375N1156-DK/work_dbg/debug_top.v:20)

///////////////////////////////////
// Efinity Synthesis Started 
// Sep 20, 2026 20:50:03
///////////////////////////////////

[EFX-0256 WARNING] The primary output port 'sfp0_PMA_TX_ELEC_IDLE' wire 'sfp0_PMA_TX_ELEC_IDLE' is not driven.
[EFX-0256 WARNING] The primary output port 'sfp0_ETH_EEE_ALERT_EN' wire 'sfp0_ETH_EEE_ALERT_EN' is not driven.
[EFX-0200 WARNING] Removing redundant signal : k[31]. (/home/steve/video_streaming_10g_demo_v1.4.1/rtl/debounce_switch.v:56)
[EFX-0200 WARNING] Removing redundant signal : k[30]. (/home/steve/video_streaming_10g_demo_v1.4.1/rtl/debounce_switch.v:56)
[EFX-0200 WARNING] Removing redundant signal : k[29]. (/home/steve/video_streaming_10g_demo_v1.4.1/rtl/debounce_switch.v:56)
[EFX-0200 WARNING] Removing redundant signal : k[28]. (/home/steve/video_streaming_10g_demo_v1.4.1/rtl/debounce_switch.v:56)
[EFX-0200 WARNING] Removing redundant signal : k[27]. (/home/steve/video_streaming_10g_demo_v1.4.1/rtl/debounce_switch.v:56)
[EFX-0200 WARNING] Removing redundant signal : k[26]. (/home/steve/video_streaming_10g_demo_v1.4.1/rtl/debounce_switch.v:56)
[EFX-0200 WARNING] Removing redundant signal : k[25]. (/home/steve/video_streaming_10g_demo_v1.4.1/rtl/debounce_switch.v:56)
[EFX-0200 WARNING] Removing redundant signal : k[24]. (/home/steve/video_streaming_10g_demo_v1.4.1/rtl/debounce_switch.v:56)
[EFX-0200 WARNING] Removing redundant signal : k[23]. (/home/steve/video_streaming_10g_demo_v1.4.1/rtl/debounce_switch.v:56)
[EFX-0200 WARNING] Removing redundant signal : k[22]. (/home/steve/video_streaming_10g_demo_v1.4.1/rtl/debounce_switch.v:56)
[EFX-0200 WARNING] Removing redundant signal : k[21]. (/home/steve/video_streaming_10g_demo_v1.4.1/rtl/debounce_switch.v:56)
[EFX-0200 WARNING] Removing redundant signal : k[20]. (/home/steve/video_streaming_10g_demo_v1.4.1/rtl/debounce_switch.v:56)
[EFX-0200 WARNING] Removing redundant signal : k[19]. (/home/steve/video_streaming_10g_demo_v1.4.1/rtl/debounce_switch.v:56)
[EFX-0200 WARNING] Removing redundant signal : k[18]. (/home/steve/video_streaming_10g_demo_v1.4.1/rtl/debounce_switch.v:56)
[EFX-0200 WARNING] Removing redundant signal : k[17]. (/home/steve/video_streaming_10g_demo_v1.4.1/rtl/debounce_switch.v:56)
[EFX-0200 WARNING] Removing redundant signal : k[16]. (/home/steve/video_streaming_10g_demo_v1.4.1/rtl/debounce_switch.v:56)
[EFX-0200 WARNING] Removing redundant signal : k[15]. (/home/steve/video_streaming_10g_demo_v1.4.1/rtl/debounce_switch.v:56)
[EFX-0200 WARNING] Removing redundant signal : k[14]. (/home/steve/video_streaming_10g_demo_v1.4.1/rtl/debounce_switch.v:56)
[EFX-0200 WARNING] Removing redundant signal : k[13]. (/home/steve/video_streaming_10g_demo_v1.4.1/rtl/debounce_switch.v:56)
[EFX-0200 WARNING] Removing redundant signal : k[12]. (/home/steve/video_streaming_10g_demo_v1.4.1/rtl/debounce_switch.v:56)
[EFX-0201 WARNING] Re-wiring to GND non-driven net 'IBusCachedPlugin_cache_io_cpu_fetch_isRemoved'. (/home/steve/video_streaming_10g_demo_v1.4.1/fpga/Ti375N1156-DK/ip/sapphire_gen/sapphire_gen.v:10942)
[EFX-0201 WARNING] Re-wiring to GND non-driven net 'dataCache_1_io_cpu_writeBack_fence_SW'. (/home/steve/video_streaming_10g_demo_v1.4.1/fpga/Ti375N1156-DK/ip/sapphire_gen/sapphire_gen.v:10955)
[EFX-0201 WARNING] Re-wiring to GND non-driven net 'dataCache_1_io_cpu_writeBack_fence_SR'. (/home/steve/video_streaming_10g_demo_v1.4.1/fpga/Ti375N1156-DK/ip/sapphire_gen/sapphire_gen.v:10956)
[EFX-0201 WARNING] Re-wiring to GND non-driven net 'dataCache_1_io_cpu_writeBack_fence_SO'. (/home/steve/video_streaming_10g_demo_v1.4.1/fpga/Ti375N1156-DK/ip/sapphire_gen/sapphire_gen.v:10957)
[EFX-0201 WARNING] Re-wiring to GND non-driven net 'dataCache_1_io_cpu_writeBack_fence_SI'. (/home/steve/video_streaming_10g_demo_v1.4.1/fpga/Ti375N1156-DK/ip/sapphire_gen/sapphire_gen.v:10958)
[EFX-0201 WARNING] Re-wiring to GND non-driven net 'dataCache_1_io_cpu_writeBack_fence_PW'. (/home/steve/video_streaming_10g_demo_v1.4.1/fpga/Ti375N1156-DK/ip/sapphire_gen/sapphire_gen.v:10959)
[EFX-0201 WARNING] Re-wiring to GND non-driven net 'dataCache_1_io_cpu_writeBack_fence_PR'. (/home/steve/video_streaming_10g_demo_v1.4.1/fpga/Ti375N1156-DK/ip/sapphire_gen/sapphire_gen.v:10960)
[EFX-0201 WARNING] Re-wiring to GND non-driven net 'dataCache_1_io_cpu_writeBack_fence_PO'. (/home/steve/video_streaming_10g_demo_v1.4.1/fpga/Ti375N1156-DK/ip/sapphire_gen/sapphire_gen.v:10961)
[EFX-0201 WARNING] Re-wiring to GND non-driven net 'dataCache_1_io_cpu_writeBack_fence_PI'. (/home/steve/video_streaming_10g_demo_v1.4.1/fpga/Ti375N1156-DK/ip/sapphire_gen/sapphire_gen.v:10962)
[EFX-0201 WARNING] Re-wiring to GND non-driven net 'dataCache_1_io_cpu_writeBack_fence_FM[3]'. (/home/steve/video_streaming_10g_demo_v1.4.1/fpga/Ti375N1156-DK/ip/sapphire_gen/sapphire_gen.v:10963)
[EFX-0656 WARNING] Optimizing into logic zero initialized read-only memory block 'inst_rd_address_decoder_1/inst_simple_dual_port_ram_00/ram__D$y1'. (/home/steve/video_streaming_10g_demo_v1.4.1/rtl/lib/common/simple_dual_port_ram.sv:32)
[EFX-0656 WARNING] Optimizing into logic zero initialized read-only memory block 'inst_rd_address_decoder_1/inst_simple_dual_port_ram_00/ram__D$x12'. (/home/steve/video_streaming_10g_demo_v1.4.1/rtl/lib/common/simple_dual_port_ram.sv:32)
[EFX-0656 WARNING] Optimizing into logic zero initialized read-only memory block 'inst_rd_address_decoder_1/inst_simple_dual_port_ram_00/ram__D$w12'. (/home/steve/video_streaming_10g_demo_v1.4.1/rtl/lib/common/simple_dual_port_ram.sv:32)
[EFX-0656 WARNING] Optimizing into logic zero initialized read-only memory block 'inst_rd_address_decoder_1/inst_simple_dual_port_ram_00/ram__D$v12'. (/home/steve/video_streaming_10g_demo_v1.4.1/rtl/lib/common/simple_dual_port_ram.sv:32)
[EFX-0656 WARNING] Optimizing into logic zero initialized read-only memory block 'inst_rd_address_decoder_1/inst_simple_dual_port_ram_00/ram__D$u12'. (/home/steve/video_streaming_10g_demo_v1.4.1/rtl/lib/common/simple_dual_port_ram.sv:32)
[EFX-0656 WARNING] Optimizing into logic zero initialized read-only memory block 'inst_rd_address_decoder_1/inst_simple_dual_port_ram_00/ram__D$t12'. (/home/steve/video_streaming_10g_demo_v1.4.1/rtl/lib/common/simple_dual_port_ram.sv:32)
[EFX-0656 WARNING] Optimizing into logic zero initialized read-only memory block 'inst_rd_address_decoder_1/inst_simple_dual_port_ram_00/ram__D$s12'. (/home/steve/video_streaming_10g_demo_v1.4.1/rtl/lib/common/simple_dual_port_ram.sv:32)
[EFX-0656 WARNING] Optimizing into logic zero initialized read-only memory block 'inst_rd_address_decoder_1/inst_simple_dual_port_ram_00/ram__D$r12'. (/home/steve/video_streaming_10g_demo_v1.4.1/rtl/lib/common/simple_dual_port_ram.sv:32)
[EFX-0656 WARNING] Optimizing into logic zero initialized read-only memory block 'inst_rd_address_decoder_1/inst_simple_dual_port_ram_00/ram__D$q12'. (/home/steve/video_streaming_10g_demo_v1.4.1/rtl/lib/common/simple_dual_port_ram.sv:32)
[EFX-0656 WARNING] Optimizing into logic zero initialized read-only memory block 'inst_rd_address_decoder_1/inst_simple_dual_port_ram_00/ram__D$p12'. (/home/steve/video_streaming_10g_demo_v1.4.1/rtl/lib/common/simple_dual_port_ram.sv:32)
[EFX-0656 WARNING] Optimizing into logic zero initialized read-only memory block 'inst_rd_address_decoder_1/inst_simple_dual_port_ram_00/ram__D$o12'. (/home/steve/video_streaming_10g_demo_v1.4.1/rtl/lib/common/simple_dual_port_ram.sv:32)
[EFX-0656 WARNING] Optimizing into logic zero initialized read-only memory block 'inst_rd_address_decoder_1/inst_simple_dual_port_ram_00/ram__D$n12'. (/home/steve/video_streaming_10g_demo_v1.4.1/rtl/lib/common/simple_dual_port_ram.sv:32)
[EFX-0656 WARNING] Optimizing into logic zero initialized read-only memory block 'inst_rd_address_decoder_1/inst_simple_dual_port_ram_00/ram__D$m12'. (/home/steve/video_streaming_10g_demo_v1.4.1/rtl/lib/common/simple_dual_port_ram.sv:32)
[EFX-0656 WARNING] Optimizing into logic zero initialized read-only memory block 'inst_rd_address_decoder_1/inst_simple_dual_port_ram_00/ram__D$l12'. (/home/steve/video_streaming_10g_demo_v1.4.1/rtl/lib/common/simple_dual_port_ram.sv:32)
[EFX-0656 WARNING] Optimizing into logic zero initialized read-only memory block 'inst_rd_address_decoder_1/inst_simple_dual_port_ram_00/ram__D$k12'. (/home/steve/video_streaming_10g_demo_v1.4.1/rtl/lib/common/simple_dual_port_ram.sv:32)
[EFX-0656 WARNING] Optimizing into logic zero initialized read-only memory block 'inst_rd_address_decoder_1/inst_simple_dual_port_ram_00/ram__D$j12'. (/home/steve/video_streaming_10g_demo_v1.4.1/rtl/lib/common/simple_dual_port_ram.sv:32)
[EFX-0656 WARNING] Optimizing into logic zero initialized read-only memory block 'inst_rd_address_decoder_1/inst_simple_dual_port_ram_00/ram__D$i12'. (/home/steve/video_streaming_10g_demo_v1.4.1/rtl/lib/common/simple_dual_port_ram.sv:32)
[EFX-0656 WARNING] Optimizing into logic zero initialized read-only memory block 'inst_rd_address_decoder_1/inst_simple_dual_port_ram_00/ram__D$h12'. (/home/steve/video_streaming_10g_demo_v1.4.1/rtl/lib/common/simple_dual_port_ram.sv:32)
[EFX-0656 WARNING] Optimizing into logic zero initialized read-only memory block 'inst_rd_address_decoder_1/inst_simple_dual_port_ram_00/ram__D$g12'. (/home/steve/video_streaming_10g_demo_v1.4.1/rtl/lib/common/simple_dual_port_ram.sv:32)
[EFX-0656 WARNING] Optimizing into logic zero initialized read-only memory block 'inst_rd_address_decoder_1/inst_simple_dual_port_ram_00/ram__D$f12'. (/home/steve/video_streaming_10g_demo_v1.4.1/rtl/lib/common/simple_dual_port_ram.sv:32)
[EFX-0656 WARNING] Optimizing into logic zero initialized read-only memory block 'inst_rd_address_decoder_1/inst_simple_dual_port_ram_00/ram__D$e12'. (/home/steve/video_streaming_10g_demo_v1.4.1/rtl/lib/common/simple_dual_port_ram.sv:32)
[EFX-0656 WARNING] Optimizing into logic zero initialized read-only memory block 'inst_rd_address_decoder_1/inst_simple_dual_port_ram_00/ram__D$d12'. (/home/steve/video_streaming_10g_demo_v1.4.1/rtl/lib/common/simple_dual_port_ram.sv:32)
[EFX-0656 WARNING] Optimizing into logic zero initialized read-only memory block 'inst_rd_address_decoder_1/inst_simple_dual_port_ram_00/ram__D$c12'. (/home/steve/video_streaming_10g_demo_v1.4.1/rtl/lib/common/simple_dual_port_ram.sv:32)
[EFX-0656 WARNING] Optimizing into logic zero initialized read-only memory block 'inst_rd_address_decoder_1/inst_simple_dual_port_ram_00/ram__D$b12'. (/home/steve/video_streaming_10g_demo_v1.4.1/rtl/lib/common/simple_dual_port_ram.sv:32)
[EFX-0656 WARNING] Optimizing into logic zero initialized read-only memory block 'inst_rd_address_decoder_1/inst_simple_dual_port_ram_00/ram__D$12'. (/home/steve/video_streaming_10g_demo_v1.4.1/rtl/lib/common/simple_dual_port_ram.sv:32)
[EFX-0656 WARNING] Optimizing into logic zero initialized read-only memory block 'inst_rd_address_decoder_1/inst_simple_dual_port_ram_00/ram__D$2'. (/home/steve/video_streaming_10g_demo_v1.4.1/rtl/lib/common/simple_dual_port_ram.sv:32)
[EFX-0656 WARNING] Optimizing into logic zero initialized read-only memory block 'inst_frame_buffer_512/inst_wr_address_decoder_1/genblk1[5].inst_pclk_to_axi_buffer/ram__D$1'. (/home/steve/video_streaming_10g_demo_v1.4.1/rtl/lib/common/simple_dual_port_ram.sv:32)
[EFX-0656 WARNING] Optimizing into logic zero initialized read-only memory block 'inst_frame_buffer_512/inst_wr_address_decoder_1/genblk1[5].inst_pclk_to_axi_buffer/ram__D$2'. (/home/steve/video_streaming_10g_demo_v1.4.1/rtl/lib/common/simple_dual_port_ram.sv:32)
[EFX-0656 WARNING] Optimizing into logic zero initialized read-only memory block 'inst_frame_buffer_512/inst_wr_address_decoder_1/genblk1[4].inst_pclk_to_axi_buffer/ram__D$1'. (/home/steve/video_streaming_10g_demo_v1.4.1/rtl/lib/common/simple_dual_port_ram.sv:32)
[EFX-0656 WARNING] Optimizing into logic zero initialized read-only memory block 'inst_frame_buffer_512/inst_wr_address_decoder_1/genblk1[4].inst_pclk_to_axi_buffer/ram__D$2'. (/home/steve/video_streaming_10g_demo_v1.4.1/rtl/lib/common/simple_dual_port_ram.sv:32)
[EFX-0656 WARNING] Optimizing into logic zero initialized read-only memory block 'inst_frame_buffer_512/inst_wr_address_decoder_1/genblk1[3].inst_pclk_to_axi_buffer/ram__D$1'. (/home/steve/video_streaming_10g_demo_v1.4.1/rtl/lib/common/simple_dual_port_ram.sv:32)
[EFX-0656 WARNING] Optimizing into logic zero initialized read-only memory block 'inst_frame_buffer_512/inst_wr_address_decoder_1/genblk1[3].inst_pclk_to_axi_buffer/ram__D$2'. (/home/steve/video_streaming_10g_demo_v1.4.1/rtl/lib/common/simple_dual_port_ram.sv:32)
[EFX-0656 WARNING] Optimizing into logic zero initialized read-only memory block 'inst_frame_buffer_512/inst_wr_address_decoder_1/genblk1[2].inst_pclk_to_axi_buffer/ram__D$1'. (/home/steve/video_streaming_10g_demo_v1.4.1/rtl/lib/common/simple_dual_port_ram.sv:32)
[EFX-0656 WARNING] Optimizing into logic zero initialized read-only memory block 'inst_frame_buffer_512/inst_wr_address_decoder_1/genblk1[2].inst_pclk_to_axi_buffer/ram__D$2'. (/home/steve/video_streaming_10g_demo_v1.4.1/rtl/lib/common/simple_dual_port_ram.sv:32)
[EFX-0656 WARNING] Optimizing into logic zero initialized read-only memory block 'inst_frame_buffer_512/inst_wr_address_decoder_1/genblk1[1].inst_pclk_to_axi_buffer/ram__D$1'. (/home/steve/video_streaming_10g_demo_v1.4.1/rtl/lib/common/simple_dual_port_ram.sv:32)
[EFX-0656 WARNING] Optimizing into logic zero initialized read-only memory block 'inst_frame_buffer_512/inst_wr_address_decoder_1/genblk1[1].inst_pclk_to_axi_buffer/ram__D$2'. (/home/steve/video_streaming_10g_demo_v1.4.1/rtl/lib/common/simple_dual_port_ram.sv:32)
[EFX-0656 WARNING] Optimizing into logic zero initialized read-only memory block 'inst_frame_buffer_512/inst_wr_address_decoder_1/genblk1[0].inst_pclk_to_axi_buffer/ram__D$1'. (/home/steve/video_streaming_10g_demo_v1.4.1/rtl/lib/common/simple_dual_port_ram.sv:32)
[EFX-0656 WARNING] Optimizing into logic zero initialized read-only memory block 'inst_frame_buffer_512/inst_wr_address_decoder_1/genblk1[0].inst_pclk_to_axi_buffer/ram__D$2'. (/home/steve/video_streaming_10g_demo_v1.4.1/rtl/lib/common/simple_dual_port_ram.sv:32)
[EFX-0656 WARNING] Optimizing into logic zero initialized read-only memory block 'inst_frame_buffer_512/inst_wr_address_decoder_1/genblk1[6].inst_pclk_to_axi_buffer/ram__D$2'. (/home/steve/video_streaming_10g_demo_v1.4.1/rtl/lib/common/simple_dual_port_ram.sv:32)
[EFX-0656 WARNING] Optimizing into logic zero initialized read-only memory block 'inst_frame_buffer_512/inst_wr_address_decoder_1/genblk1[6].inst_pclk_to_axi_buffer/ram__D$1'. (/home/steve/video_streaming_10g_demo_v1.4.1/rtl/lib/common/simple_dual_port_ram.sv:32)
[EFX-0656 WARNING] Optimizing into logic zero initialized read-only memory block 'inst_frame_buffer_512/inst_wr_address_decoder_1/genblk1[7].inst_pclk_to_axi_buffer/ram__D$2'. (/home/steve/video_streaming_10g_demo_v1.4.1/rtl/lib/common/simple_dual_port_ram.sv:32)
[EFX-0656 WARNING] Optimizing into logic zero initialized read-only memory block 'inst_frame_buffer_512/inst_wr_address_decoder_1/genblk1[7].inst_pclk_to_axi_buffer/ram__D$1'. (/home/steve/video_streaming_10g_demo_v1.4.1/rtl/lib/common/simple_dual_port_ram.sv:32)
[EFX-0656 WARNING] Optimizing into logic zero initialized read-only memory block 'inst_frame_buffer_512/inst_wr_address_decoder_1/genblk1[8].inst_pclk_to_axi_buffer/ram__D$2'. (/home/steve/video_streaming_10g_demo_v1.4.1/rtl/lib/common/simple_dual_port_ram.sv:32)
[EFX-0656 WARNING] Optimizing into logic zero initialized read-only memory block 'inst_frame_buffer_512/inst_wr_address_decoder_1/genblk1[8].inst_pclk_to_axi_buffer/ram__D$1'. (/home/steve/video_streaming_10g_demo_v1.4.1/rtl/lib/common/simple_dual_port_ram.sv:32)
[EFX-0656 WARNING] Optimizing into logic zero initialized read-only memory block 'inst_frame_buffer_512/inst_wr_address_decoder_1/genblk1[9].inst_pclk_to_axi_buffer/ram__D$2'. (/home/steve/video_streaming_10g_demo_v1.4.1/rtl/lib/common/simple_dual_port_ram.sv:32)
[EFX-0656 WARNING] Optimizing into logic zero initialized read-only memory block 'inst_frame_buffer_512/inst_wr_address_decoder_1/genblk1[9].inst_pclk_to_axi_buffer/ram__D$1'. (/home/steve/video_streaming_10g_demo_v1.4.1/rtl/lib/common/simple_dual_port_ram.sv:32)
[EFX-0656 WARNING] Optimizing into logic zero initialized read-only memory block 'inst_frame_buffer_512/inst_wr_address_decoder_1/genblk1[10].inst_pclk_to_axi_buffer/ram__D$2'. (/home/steve/video_streaming_10g_demo_v1.4.1/rtl/lib/common/simple_dual_port_ram.sv:32)
[EFX-0656 WARNING] Optimizing into logic zero initialized read-only memory block 'inst_frame_buffer_512/inst_wr_address_decoder_1/genblk1[10].inst_pclk_to_axi_buffer/ram__D$1'. (/home/steve/video_streaming_10g_demo_v1.4.1/rtl/lib/common/simple_dual_port_ram.sv:32)
[EFX-0656 WARNING] Optimizing into logic zero initialized read-only memory block 'inst_frame_buffer_512/inst_wr_address_decoder_1/genblk1[11].inst_pclk_to_axi_buffer/ram__D$2'. (/home/steve/video_streaming_10g_demo_v1.4.1/rtl/lib/common/simple_dual_port_ram.sv:32)
[EFX-0656 WARNING] Optimizing into logic zero initialized read-only memory block 'inst_frame_buffer_512/inst_wr_address_decoder_1/genblk1[11].inst_pclk_to_axi_buffer/ram__D$1'. (/home/steve/video_streaming_10g_demo_v1.4.1/rtl/lib/common/simple_dual_port_ram.sv:32)
[EFX-0656 WARNING] Optimizing into logic zero initialized read-only memory block 'inst_frame_buffer_512/inst_wr_address_decoder_1/genblk1[12].inst_pclk_to_axi_buffer/ram__D$2'. (/home/steve/video_streaming_10g_demo_v1.4.1/rtl/lib/common/simple_dual_port_ram.sv:32)
[EFX-0656 WARNING] Optimizing into logic zero initialized read-only memory block 'inst_frame_buffer_512/inst_wr_address_decoder_1/genblk1[12].inst_pclk_to_axi_buffer/ram__D$1'. (/home/steve/video_streaming_10g_demo_v1.4.1/rtl/lib/common/simple_dual_port_ram.sv:32)
[EFX-0656 WARNING] Optimizing into logic zero initialized read-only memory block 'inst_frame_buffer_512/inst_wr_address_decoder_1/genblk1[13].inst_pclk_to_axi_buffer/ram__D$2'. (/home/steve/video_streaming_10g_demo_v1.4.1/rtl/lib/common/simple_dual_port_ram.sv:32)
[EFX-0656 WARNING] Optimizing into logic zero initialized read-only memory block 'inst_frame_buffer_512/inst_wr_address_decoder_1/genblk1[13].inst_pclk_to_axi_buffer/ram__D$1'. (/home/steve/video_streaming_10g_demo_v1.4.1/rtl/lib/common/simple_dual_port_ram.sv:32)
[EFX-0656 WARNING] Optimizing into logic zero initialized read-only memory block 'inst_frame_buffer_512/inst_wr_address_decoder_1/genblk1[14].inst_pclk_to_axi_buffer/ram__D$2'. (/home/steve/video_streaming_10g_demo_v1.4.1/rtl/lib/common/simple_dual_port_ram.sv:32)
[EFX-0656 WARNING] Optimizing into logic zero initialized read-only memory block 'inst_frame_buffer_512/inst_wr_address_decoder_1/genblk1[14].inst_pclk_to_axi_buffer/ram__D$1'. (/home/steve/video_streaming_10g_demo_v1.4.1/rtl/lib/common/simple_dual_port_ram.sv:32)
[EFX-0656 WARNING] Optimizing into logic zero initialized read-only memory block 'inst_frame_buffer_512/inst_wr_address_decoder_1/genblk1[15].inst_pclk_to_axi_buffer/ram__D$2'. (/home/steve/video_streaming_10g_demo_v1.4.1/rtl/lib/common/simple_dual_port_ram.sv:32)
[EFX-0656 WARNING] Optimizing into logic zero initialized read-only memory block 'inst_frame_buffer_512/inst_wr_address_decoder_1/genblk1[15].inst_pclk_to_axi_buffer/ram__D$1'. (/home/steve/video_streaming_10g_demo_v1.4.1/rtl/lib/common/simple_dual_port_ram.sv:32)
[EFX-0657 WARNING] Mapping into logic memory block 'inst_udp_video_generator/inst_frame_buffer_512/inst_Axi4_2x512_1x512_00/io_axim_writeOnly_arbiter/cmdArbiter_io_output_fork_io_outputs_1_translated_fifo/ram' (4 bits) (/home/steve/video_streaming_10g_demo_v1.4.1/rtl/lib/common/frame_buffer_512/Axi4_2x512_1x512.v:1671) because size is too small (<=64)
[EFX-0657 WARNING] Mapping into logic memory block 'debounce_switch_inst/debounce_reg' (16 bits) (/home/steve/video_streaming_10g_demo_v1.4.1/rtl/debounce_switch.v:47) because size is too small (<=64)
[EFX-0657 WARNING] Mapping into logic memory block 'q1_apb_master/rom_mif' (1060 bits) (/home/steve/video_streaming_10g_demo_v1.4.1/rtl/apb_master.sv:49) because read port is not synchronous.
[EFX-0657 WARNING] Mapping into logic memory block 'inst_sapphire/u_EfxSapphireSoc/system_riscvJtag_debug_logic_dm/logic_progbufX_mem' (64 bits) (/home/steve/video_streaming_10g_demo_v1.4.1/fpga/Ti375N1156-DK/ip/sapphire_gen/sapphire_gen.v:10059) because size is too small (<=64)

///////////////////////////////////
// Efinity Synthesis Started 
// Sep 20, 2026 21:00:25
///////////////////////////////////

[EFX-0011 VERI-WARNING] port 'probe5' remains unconnected for this instance (VERI-1927) (/home/steve/video_streaming_10g_demo_v1.4.1/fpga/Ti375N1156-DK/work_dbg/debug_top.v:124)
[EFX-0011 VERI-WARNING] input port 'probe5[0]' remains unconnected for this instance (VDB-1053) (/home/steve/video_streaming_10g_demo_v1.4.1/fpga/Ti375N1156-DK/work_dbg/debug_top.v:99)
[EFX-0200 WARNING] Removing redundant signal : compared_in[0]. (/home/steve/video_streaming_10g_demo_v1.4.1/fpga/Ti375N1156-DK/work_dbg/debug_top.v:5501)
[EFX-0200 WARNING] Removing redundant signal : mask_in[0]. (/home/steve/video_streaming_10g_demo_v1.4.1/fpga/Ti375N1156-DK/work_dbg/debug_top.v:5502)
[EFX-0200 WARNING] Removing redundant signal : trigger_in. (/home/steve/video_streaming_10g_demo_v1.4.1/fpga/Ti375N1156-DK/work_dbg/debug_top.v:5712)
[EFX-0200 WARNING] Removing redundant signal : din[5]. (/home/steve/video_streaming_10g_demo_v1.4.1/fpga/Ti375N1156-DK/work_dbg/debug_top.v:4597)
[EFX-0200 WARNING] Removing redundant signal : trig_out. (/home/steve/video_streaming_10g_demo_v1.4.1/fpga/Ti375N1156-DK/work_dbg/debug_top.v:4878)
[EFX-0200 WARNING] Removing redundant signal : trig_out_ack. (/home/steve/video_streaming_10g_demo_v1.4.1/fpga/Ti375N1156-DK/work_dbg/debug_top.v:4879)
[EFX-0200 WARNING] Removing redundant signal : bscan_DRCK. (/home/steve/video_streaming_10g_demo_v1.4.1/fpga/Ti375N1156-DK/work_dbg/debug_top.v:1030)
[EFX-0200 WARNING] Removing redundant signal : bscan_RUNTEST. (/home/steve/video_streaming_10g_demo_v1.4.1/fpga/Ti375N1156-DK/work_dbg/debug_top.v:1032)
[EFX-0200 WARNING] Removing redundant signal : bscan_SEL. (/home/steve/video_streaming_10g_demo_v1.4.1/fpga/Ti375N1156-DK/work_dbg/debug_top.v:1033)
[EFX-0200 WARNING] Removing redundant signal : bscan_TMS. (/home/steve/video_streaming_10g_demo_v1.4.1/fpga/Ti375N1156-DK/work_dbg/debug_top.v:1037)
[EFX-0200 WARNING] Removing redundant signal : trig_in_ack. (/home/steve/video_streaming_10g_demo_v1.4.1/fpga/Ti375N1156-DK/work_dbg/debug_top.v:1048)
[EFX-0200 WARNING] Removing redundant signal : mux_capture_cmp[4]. (/home/steve/video_streaming_10g_demo_v1.4.1/fpga/Ti375N1156-DK/work_dbg/debug_top.v:3462)
[EFX-0200 WARNING] Removing redundant signal : mux_capture_cmp[3]. (/home/steve/video_streaming_10g_demo_v1.4.1/fpga/Ti375N1156-DK/work_dbg/debug_top.v:3462)
[EFX-0200 WARNING] Removing redundant signal : mux_capture_cmp[2]. (/home/steve/video_streaming_10g_demo_v1.4.1/fpga/Ti375N1156-DK/work_dbg/debug_top.v:3462)
[EFX-0200 WARNING] Removing redundant signal : mux_capture_cmp[1]. (/home/steve/video_streaming_10g_demo_v1.4.1/fpga/Ti375N1156-DK/work_dbg/debug_top.v:3462)
[EFX-0200 WARNING] Removing redundant signal : mux_capture_cmp[0]. (/home/steve/video_streaming_10g_demo_v1.4.1/fpga/Ti375N1156-DK/work_dbg/debug_top.v:3462)
[EFX-0200 WARNING] Removing redundant signal : bscan_CAPTURE. (/home/steve/video_streaming_10g_demo_v1.4.1/fpga/Ti375N1156-DK/work_dbg/debug_top.v:281)
[EFX-0200 WARNING] Removing redundant signal : bscan_DRCK. (/home/steve/video_streaming_10g_demo_v1.4.1/fpga/Ti375N1156-DK/work_dbg/debug_top.v:282)
[EFX-0200 WARNING] Removing redundant signal : bscan_RUNTEST. (/home/steve/video_streaming_10g_demo_v1.4.1/fpga/Ti375N1156-DK/work_dbg/debug_top.v:284)
[EFX-0200 WARNING] Removing redundant signal : bscan_TMS. (/home/steve/video_streaming_10g_demo_v1.4.1/fpga/Ti375N1156-DK/work_dbg/debug_top.v:289)
[EFX-0201 WARNING] Re-wiring to GND non-driven net 'la0.probe5[0]'. (/home/steve/video_streaming_10g_demo_v1.4.1/fpga/Ti375N1156-DK/work_dbg/debug_top.v:99)
[EFX-0201 WARNING] Re-wiring to GND non-driven net 'la0.probe6[0]'. (/home/steve/video_streaming_10g_demo_v1.4.1/fpga/Ti375N1156-DK/work_dbg/debug_top.v:99)
[EFX-0201 WARNING] Re-wiring to GND non-driven net 'la0.probe7[0]'. (/home/steve/video_streaming_10g_demo_v1.4.1/fpga/Ti375N1156-DK/work_dbg/debug_top.v:99)
[EFX-0201 WARNING] Re-wiring to GND non-driven net 'la0.probe8[0]'. (/home/steve/video_streaming_10g_demo_v1.4.1/fpga/Ti375N1156-DK/work_dbg/debug_top.v:99)
[EFX-0201 WARNING] Re-wiring to GND non-driven net 'la0.probe9[0]'. (/home/steve/video_streaming_10g_demo_v1.4.1/fpga/Ti375N1156-DK/work_dbg/debug_top.v:99)
[EFX-0201 WARNING] Re-wiring to GND non-driven net 'la0.probe10[0]'. (/home/steve/video_streaming_10g_demo_v1.4.1/fpga/Ti375N1156-DK/work_dbg/debug_top.v:99)
[EFX-0201 WARNING] Re-wiring to GND non-driven net 'la0.probe11[0]'. (/home/steve/video_streaming_10g_demo_v1.4.1/fpga/Ti375N1156-DK/work_dbg/debug_top.v:99)
[EFX-0201 WARNING] Re-wiring to GND non-driven net 'la0.probe12[0]'. (/home/steve/video_streaming_10g_demo_v1.4.1/fpga/Ti375N1156-DK/work_dbg/debug_top.v:99)
[EFX-0201 WARNING] Re-wiring to GND non-driven net 'la0.probe13[0]'. (/home/steve/video_streaming_10g_demo_v1.4.1/fpga/Ti375N1156-DK/work_dbg/debug_top.v:99)
[EFX-0201 WARNING] Re-wiring to GND non-driven net 'la0.probe14[0]'. (/home/steve/video_streaming_10g_demo_v1.4.1/fpga/Ti375N1156-DK/work_dbg/debug_top.v:99)
[EFX-0011 VERI-WARNING] Input/inout port bscan_DRCK is unconnected and will be removed. (VDB-8003) (/home/steve/video_streaming_10g_demo_v1.4.1/fpga/Ti375N1156-DK/work_dbg/debug_top.v:13)
[EFX-0011 VERI-WARNING] Input/inout port bscan_RUNTEST is unconnected and will be removed. (VDB-8003) (/home/steve/video_streaming_10g_demo_v1.4.1/fpga/Ti375N1156-DK/work_dbg/debug_top.v:15)
[EFX-0011 VERI-WARNING] Input/inout port bscan_TMS is unconnected and will be removed. (VDB-8003) (/home/steve/video_streaming_10g_demo_v1.4.1/fpga/Ti375N1156-DK/work_dbg/debug_top.v:20)

///////////////////////////////////
// Efinity Synthesis Started 
// Sep 20, 2026 21:00:51
///////////////////////////////////

[EFX-0256 WARNING] The primary output port 'sfp0_PMA_TX_ELEC_IDLE' wire 'sfp0_PMA_TX_ELEC_IDLE' is not driven.
[EFX-0256 WARNING] The primary output port 'sfp0_ETH_EEE_ALERT_EN' wire 'sfp0_ETH_EEE_ALERT_EN' is not driven.
[EFX-0200 WARNING] Removing redundant signal : k[31]. (/home/steve/video_streaming_10g_demo_v1.4.1/rtl/debounce_switch.v:56)
[EFX-0200 WARNING] Removing redundant signal : k[30]. (/home/steve/video_streaming_10g_demo_v1.4.1/rtl/debounce_switch.v:56)
[EFX-0200 WARNING] Removing redundant signal : k[29]. (/home/steve/video_streaming_10g_demo_v1.4.1/rtl/debounce_switch.v:56)
[EFX-0200 WARNING] Removing redundant signal : k[28]. (/home/steve/video_streaming_10g_demo_v1.4.1/rtl/debounce_switch.v:56)
[EFX-0200 WARNING] Removing redundant signal : k[27]. (/home/steve/video_streaming_10g_demo_v1.4.1/rtl/debounce_switch.v:56)
[EFX-0200 WARNING] Removing redundant signal : k[26]. (/home/steve/video_streaming_10g_demo_v1.4.1/rtl/debounce_switch.v:56)
[EFX-0200 WARNING] Removing redundant signal : k[25]. (/home/steve/video_streaming_10g_demo_v1.4.1/rtl/debounce_switch.v:56)
[EFX-0200 WARNING] Removing redundant signal : k[24]. (/home/steve/video_streaming_10g_demo_v1.4.1/rtl/debounce_switch.v:56)
[EFX-0200 WARNING] Removing redundant signal : k[23]. (/home/steve/video_streaming_10g_demo_v1.4.1/rtl/debounce_switch.v:56)
[EFX-0200 WARNING] Removing redundant signal : k[22]. (/home/steve/video_streaming_10g_demo_v1.4.1/rtl/debounce_switch.v:56)
[EFX-0200 WARNING] Removing redundant signal : k[21]. (/home/steve/video_streaming_10g_demo_v1.4.1/rtl/debounce_switch.v:56)
[EFX-0200 WARNING] Removing redundant signal : k[20]. (/home/steve/video_streaming_10g_demo_v1.4.1/rtl/debounce_switch.v:56)
[EFX-0200 WARNING] Removing redundant signal : k[19]. (/home/steve/video_streaming_10g_demo_v1.4.1/rtl/debounce_switch.v:56)
[EFX-0200 WARNING] Removing redundant signal : k[18]. (/home/steve/video_streaming_10g_demo_v1.4.1/rtl/debounce_switch.v:56)
[EFX-0200 WARNING] Removing redundant signal : k[17]. (/home/steve/video_streaming_10g_demo_v1.4.1/rtl/debounce_switch.v:56)
[EFX-0200 WARNING] Removing redundant signal : k[16]. (/home/steve/video_streaming_10g_demo_v1.4.1/rtl/debounce_switch.v:56)
[EFX-0200 WARNING] Removing redundant signal : k[15]. (/home/steve/video_streaming_10g_demo_v1.4.1/rtl/debounce_switch.v:56)
[EFX-0200 WARNING] Removing redundant signal : k[14]. (/home/steve/video_streaming_10g_demo_v1.4.1/rtl/debounce_switch.v:56)
[EFX-0200 WARNING] Removing redundant signal : k[13]. (/home/steve/video_streaming_10g_demo_v1.4.1/rtl/debounce_switch.v:56)
[EFX-0200 WARNING] Removing redundant signal : k[12]. (/home/steve/video_streaming_10g_demo_v1.4.1/rtl/debounce_switch.v:56)
[EFX-0201 WARNING] Re-wiring to GND non-driven net 'IBusCachedPlugin_cache_io_cpu_fetch_isRemoved'. (/home/steve/video_streaming_10g_demo_v1.4.1/fpga/Ti375N1156-DK/ip/sapphire_gen/sapphire_gen.v:10942)
[EFX-0201 WARNING] Re-wiring to GND non-driven net 'dataCache_1_io_cpu_writeBack_fence_SW'. (/home/steve/video_streaming_10g_demo_v1.4.1/fpga/Ti375N1156-DK/ip/sapphire_gen/sapphire_gen.v:10955)
[EFX-0201 WARNING] Re-wiring to GND non-driven net 'dataCache_1_io_cpu_writeBack_fence_SR'. (/home/steve/video_streaming_10g_demo_v1.4.1/fpga/Ti375N1156-DK/ip/sapphire_gen/sapphire_gen.v:10956)
[EFX-0201 WARNING] Re-wiring to GND non-driven net 'dataCache_1_io_cpu_writeBack_fence_SO'. (/home/steve/video_streaming_10g_demo_v1.4.1/fpga/Ti375N1156-DK/ip/sapphire_gen/sapphire_gen.v:10957)
[EFX-0201 WARNING] Re-wiring to GND non-driven net 'dataCache_1_io_cpu_writeBack_fence_SI'. (/home/steve/video_streaming_10g_demo_v1.4.1/fpga/Ti375N1156-DK/ip/sapphire_gen/sapphire_gen.v:10958)
[EFX-0201 WARNING] Re-wiring to GND non-driven net 'dataCache_1_io_cpu_writeBack_fence_PW'. (/home/steve/video_streaming_10g_demo_v1.4.1/fpga/Ti375N1156-DK/ip/sapphire_gen/sapphire_gen.v:10959)
[EFX-0201 WARNING] Re-wiring to GND non-driven net 'dataCache_1_io_cpu_writeBack_fence_PR'. (/home/steve/video_streaming_10g_demo_v1.4.1/fpga/Ti375N1156-DK/ip/sapphire_gen/sapphire_gen.v:10960)
[EFX-0201 WARNING] Re-wiring to GND non-driven net 'dataCache_1_io_cpu_writeBack_fence_PO'. (/home/steve/video_streaming_10g_demo_v1.4.1/fpga/Ti375N1156-DK/ip/sapphire_gen/sapphire_gen.v:10961)
[EFX-0201 WARNING] Re-wiring to GND non-driven net 'dataCache_1_io_cpu_writeBack_fence_PI'. (/home/steve/video_streaming_10g_demo_v1.4.1/fpga/Ti375N1156-DK/ip/sapphire_gen/sapphire_gen.v:10962)
[EFX-0201 WARNING] Re-wiring to GND non-driven net 'dataCache_1_io_cpu_writeBack_fence_FM[3]'. (/home/steve/video_streaming_10g_demo_v1.4.1/fpga/Ti375N1156-DK/ip/sapphire_gen/sapphire_gen.v:10963)
[EFX-0656 WARNING] Optimizing into logic zero initialized read-only memory block 'inst_rd_address_decoder_1/inst_simple_dual_port_ram_00/ram__D$y1'. (/home/steve/video_streaming_10g_demo_v1.4.1/rtl/lib/common/simple_dual_port_ram.sv:32)
[EFX-0656 WARNING] Optimizing into logic zero initialized read-only memory block 'inst_rd_address_decoder_1/inst_simple_dual_port_ram_00/ram__D$x12'. (/home/steve/video_streaming_10g_demo_v1.4.1/rtl/lib/common/simple_dual_port_ram.sv:32)
[EFX-0656 WARNING] Optimizing into logic zero initialized read-only memory block 'inst_rd_address_decoder_1/inst_simple_dual_port_ram_00/ram__D$w12'. (/home/steve/video_streaming_10g_demo_v1.4.1/rtl/lib/common/simple_dual_port_ram.sv:32)
[EFX-0656 WARNING] Optimizing into logic zero initialized read-only memory block 'inst_rd_address_decoder_1/inst_simple_dual_port_ram_00/ram__D$v12'. (/home/steve/video_streaming_10g_demo_v1.4.1/rtl/lib/common/simple_dual_port_ram.sv:32)
[EFX-0656 WARNING] Optimizing into logic zero initialized read-only memory block 'inst_rd_address_decoder_1/inst_simple_dual_port_ram_00/ram__D$u12'. (/home/steve/video_streaming_10g_demo_v1.4.1/rtl/lib/common/simple_dual_port_ram.sv:32)
[EFX-0656 WARNING] Optimizing into logic zero initialized read-only memory block 'inst_rd_address_decoder_1/inst_simple_dual_port_ram_00/ram__D$t12'. (/home/steve/video_streaming_10g_demo_v1.4.1/rtl/lib/common/simple_dual_port_ram.sv:32)
[EFX-0656 WARNING] Optimizing into logic zero initialized read-only memory block 'inst_rd_address_decoder_1/inst_simple_dual_port_ram_00/ram__D$s12'. (/home/steve/video_streaming_10g_demo_v1.4.1/rtl/lib/common/simple_dual_port_ram.sv:32)
[EFX-0656 WARNING] Optimizing into logic zero initialized read-only memory block 'inst_rd_address_decoder_1/inst_simple_dual_port_ram_00/ram__D$r12'. (/home/steve/video_streaming_10g_demo_v1.4.1/rtl/lib/common/simple_dual_port_ram.sv:32)
[EFX-0656 WARNING] Optimizing into logic zero initialized read-only memory block 'inst_rd_address_decoder_1/inst_simple_dual_port_ram_00/ram__D$q12'. (/home/steve/video_streaming_10g_demo_v1.4.1/rtl/lib/common/simple_dual_port_ram.sv:32)
[EFX-0656 WARNING] Optimizing into logic zero initialized read-only memory block 'inst_rd_address_decoder_1/inst_simple_dual_port_ram_00/ram__D$p12'. (/home/steve/video_streaming_10g_demo_v1.4.1/rtl/lib/common/simple_dual_port_ram.sv:32)
[EFX-0656 WARNING] Optimizing into logic zero initialized read-only memory block 'inst_rd_address_decoder_1/inst_simple_dual_port_ram_00/ram__D$o12'. (/home/steve/video_streaming_10g_demo_v1.4.1/rtl/lib/common/simple_dual_port_ram.sv:32)
[EFX-0656 WARNING] Optimizing into logic zero initialized read-only memory block 'inst_rd_address_decoder_1/inst_simple_dual_port_ram_00/ram__D$n12'. (/home/steve/video_streaming_10g_demo_v1.4.1/rtl/lib/common/simple_dual_port_ram.sv:32)
[EFX-0656 WARNING] Optimizing into logic zero initialized read-only memory block 'inst_rd_address_decoder_1/inst_simple_dual_port_ram_00/ram__D$m12'. (/home/steve/video_streaming_10g_demo_v1.4.1/rtl/lib/common/simple_dual_port_ram.sv:32)
[EFX-0656 WARNING] Optimizing into logic zero initialized read-only memory block 'inst_rd_address_decoder_1/inst_simple_dual_port_ram_00/ram__D$l12'. (/home/steve/video_streaming_10g_demo_v1.4.1/rtl/lib/common/simple_dual_port_ram.sv:32)
[EFX-0656 WARNING] Optimizing into logic zero initialized read-only memory block 'inst_rd_address_decoder_1/inst_simple_dual_port_ram_00/ram__D$k12'. (/home/steve/video_streaming_10g_demo_v1.4.1/rtl/lib/common/simple_dual_port_ram.sv:32)
[EFX-0656 WARNING] Optimizing into logic zero initialized read-only memory block 'inst_rd_address_decoder_1/inst_simple_dual_port_ram_00/ram__D$j12'. (/home/steve/video_streaming_10g_demo_v1.4.1/rtl/lib/common/simple_dual_port_ram.sv:32)
[EFX-0656 WARNING] Optimizing into logic zero initialized read-only memory block 'inst_rd_address_decoder_1/inst_simple_dual_port_ram_00/ram__D$i12'. (/home/steve/video_streaming_10g_demo_v1.4.1/rtl/lib/common/simple_dual_port_ram.sv:32)
[EFX-0656 WARNING] Optimizing into logic zero initialized read-only memory block 'inst_rd_address_decoder_1/inst_simple_dual_port_ram_00/ram__D$h12'. (/home/steve/video_streaming_10g_demo_v1.4.1/rtl/lib/common/simple_dual_port_ram.sv:32)
[EFX-0656 WARNING] Optimizing into logic zero initialized read-only memory block 'inst_rd_address_decoder_1/inst_simple_dual_port_ram_00/ram__D$g12'. (/home/steve/video_streaming_10g_demo_v1.4.1/rtl/lib/common/simple_dual_port_ram.sv:32)
[EFX-0656 WARNING] Optimizing into logic zero initialized read-only memory block 'inst_rd_address_decoder_1/inst_simple_dual_port_ram_00/ram__D$f12'. (/home/steve/video_streaming_10g_demo_v1.4.1/rtl/lib/common/simple_dual_port_ram.sv:32)
[EFX-0656 WARNING] Optimizing into logic zero initialized read-only memory block 'inst_rd_address_decoder_1/inst_simple_dual_port_ram_00/ram__D$e12'. (/home/steve/video_streaming_10g_demo_v1.4.1/rtl/lib/common/simple_dual_port_ram.sv:32)
[EFX-0656 WARNING] Optimizing into logic zero initialized read-only memory block 'inst_rd_address_decoder_1/inst_simple_dual_port_ram_00/ram__D$d12'. (/home/steve/video_streaming_10g_demo_v1.4.1/rtl/lib/common/simple_dual_port_ram.sv:32)
[EFX-0656 WARNING] Optimizing into logic zero initialized read-only memory block 'inst_rd_address_decoder_1/inst_simple_dual_port_ram_00/ram__D$c12'. (/home/steve/video_streaming_10g_demo_v1.4.1/rtl/lib/common/simple_dual_port_ram.sv:32)
[EFX-0656 WARNING] Optimizing into logic zero initialized read-only memory block 'inst_rd_address_decoder_1/inst_simple_dual_port_ram_00/ram__D$b12'. (/home/steve/video_streaming_10g_demo_v1.4.1/rtl/lib/common/simple_dual_port_ram.sv:32)
[EFX-0656 WARNING] Optimizing into logic zero initialized read-only memory block 'inst_rd_address_decoder_1/inst_simple_dual_port_ram_00/ram__D$12'. (/home/steve/video_streaming_10g_demo_v1.4.1/rtl/lib/common/simple_dual_port_ram.sv:32)
[EFX-0656 WARNING] Optimizing into logic zero initialized read-only memory block 'inst_rd_address_decoder_1/inst_simple_dual_port_ram_00/ram__D$2'. (/home/steve/video_streaming_10g_demo_v1.4.1/rtl/lib/common/simple_dual_port_ram.sv:32)
[EFX-0656 WARNING] Optimizing into logic zero initialized read-only memory block 'inst_frame_buffer_512/inst_wr_address_decoder_1/genblk1[5].inst_pclk_to_axi_buffer/ram__D$1'. (/home/steve/video_streaming_10g_demo_v1.4.1/rtl/lib/common/simple_dual_port_ram.sv:32)
[EFX-0656 WARNING] Optimizing into logic zero initialized read-only memory block 'inst_frame_buffer_512/inst_wr_address_decoder_1/genblk1[5].inst_pclk_to_axi_buffer/ram__D$2'. (/home/steve/video_streaming_10g_demo_v1.4.1/rtl/lib/common/simple_dual_port_ram.sv:32)
[EFX-0656 WARNING] Optimizing into logic zero initialized read-only memory block 'inst_frame_buffer_512/inst_wr_address_decoder_1/genblk1[4].inst_pclk_to_axi_buffer/ram__D$1'. (/home/steve/video_streaming_10g_demo_v1.4.1/rtl/lib/common/simple_dual_port_ram.sv:32)
[EFX-0656 WARNING] Optimizing into logic zero initialized read-only memory block 'inst_frame_buffer_512/inst_wr_address_decoder_1/genblk1[4].inst_pclk_to_axi_buffer/ram__D$2'. (/home/steve/video_streaming_10g_demo_v1.4.1/rtl/lib/common/simple_dual_port_ram.sv:32)
[EFX-0656 WARNING] Optimizing into logic zero initialized read-only memory block 'inst_frame_buffer_512/inst_wr_address_decoder_1/genblk1[3].inst_pclk_to_axi_buffer/ram__D$1'. (/home/steve/video_streaming_10g_demo_v1.4.1/rtl/lib/common/simple_dual_port_ram.sv:32)
[EFX-0656 WARNING] Optimizing into logic zero initialized read-only memory block 'inst_frame_buffer_512/inst_wr_address_decoder_1/genblk1[3].inst_pclk_to_axi_buffer/ram__D$2'. (/home/steve/video_streaming_10g_demo_v1.4.1/rtl/lib/common/simple_dual_port_ram.sv:32)
[EFX-0656 WARNING] Optimizing into logic zero initialized read-only memory block 'inst_frame_buffer_512/inst_wr_address_decoder_1/genblk1[2].inst_pclk_to_axi_buffer/ram__D$1'. (/home/steve/video_streaming_10g_demo_v1.4.1/rtl/lib/common/simple_dual_port_ram.sv:32)
[EFX-0656 WARNING] Optimizing into logic zero initialized read-only memory block 'inst_frame_buffer_512/inst_wr_address_decoder_1/genblk1[2].inst_pclk_to_axi_buffer/ram__D$2'. (/home/steve/video_streaming_10g_demo_v1.4.1/rtl/lib/common/simple_dual_port_ram.sv:32)
[EFX-0656 WARNING] Optimizing into logic zero initialized read-only memory block 'inst_frame_buffer_512/inst_wr_address_decoder_1/genblk1[1].inst_pclk_to_axi_buffer/ram__D$1'. (/home/steve/video_streaming_10g_demo_v1.4.1/rtl/lib/common/simple_dual_port_ram.sv:32)
[EFX-0656 WARNING] Optimizing into logic zero initialized read-only memory block 'inst_frame_buffer_512/inst_wr_address_decoder_1/genblk1[1].inst_pclk_to_axi_buffer/ram__D$2'. (/home/steve/video_streaming_10g_demo_v1.4.1/rtl/lib/common/simple_dual_port_ram.sv:32)
[EFX-0656 WARNING] Optimizing into logic zero initialized read-only memory block 'inst_frame_buffer_512/inst_wr_address_decoder_1/genblk1[0].inst_pclk_to_axi_buffer/ram__D$1'. (/home/steve/video_streaming_10g_demo_v1.4.1/rtl/lib/common/simple_dual_port_ram.sv:32)
[EFX-0656 WARNING] Optimizing into logic zero initialized read-only memory block 'inst_frame_buffer_512/inst_wr_address_decoder_1/genblk1[0].inst_pclk_to_axi_buffer/ram__D$2'. (/home/steve/video_streaming_10g_demo_v1.4.1/rtl/lib/common/simple_dual_port_ram.sv:32)
[EFX-0656 WARNING] Optimizing into logic zero initialized read-only memory block 'inst_frame_buffer_512/inst_wr_address_decoder_1/genblk1[6].inst_pclk_to_axi_buffer/ram__D$2'. (/home/steve/video_streaming_10g_demo_v1.4.1/rtl/lib/common/simple_dual_port_ram.sv:32)
[EFX-0656 WARNING] Optimizing into logic zero initialized read-only memory block 'inst_frame_buffer_512/inst_wr_address_decoder_1/genblk1[6].inst_pclk_to_axi_buffer/ram__D$1'. (/home/steve/video_streaming_10g_demo_v1.4.1/rtl/lib/common/simple_dual_port_ram.sv:32)
[EFX-0656 WARNING] Optimizing into logic zero initialized read-only memory block 'inst_frame_buffer_512/inst_wr_address_decoder_1/genblk1[7].inst_pclk_to_axi_buffer/ram__D$2'. (/home/steve/video_streaming_10g_demo_v1.4.1/rtl/lib/common/simple_dual_port_ram.sv:32)
[EFX-0656 WARNING] Optimizing into logic zero initialized read-only memory block 'inst_frame_buffer_512/inst_wr_address_decoder_1/genblk1[7].inst_pclk_to_axi_buffer/ram__D$1'. (/home/steve/video_streaming_10g_demo_v1.4.1/rtl/lib/common/simple_dual_port_ram.sv:32)
[EFX-0656 WARNING] Optimizing into logic zero initialized read-only memory block 'inst_frame_buffer_512/inst_wr_address_decoder_1/genblk1[8].inst_pclk_to_axi_buffer/ram__D$2'. (/home/steve/video_streaming_10g_demo_v1.4.1/rtl/lib/common/simple_dual_port_ram.sv:32)
[EFX-0656 WARNING] Optimizing into logic zero initialized read-only memory block 'inst_frame_buffer_512/inst_wr_address_decoder_1/genblk1[8].inst_pclk_to_axi_buffer/ram__D$1'. (/home/steve/video_streaming_10g_demo_v1.4.1/rtl/lib/common/simple_dual_port_ram.sv:32)
[EFX-0656 WARNING] Optimizing into logic zero initialized read-only memory block 'inst_frame_buffer_512/inst_wr_address_decoder_1/genblk1[9].inst_pclk_to_axi_buffer/ram__D$2'. (/home/steve/video_streaming_10g_demo_v1.4.1/rtl/lib/common/simple_dual_port_ram.sv:32)
[EFX-0656 WARNING] Optimizing into logic zero initialized read-only memory block 'inst_frame_buffer_512/inst_wr_address_decoder_1/genblk1[9].inst_pclk_to_axi_buffer/ram__D$1'. (/home/steve/video_streaming_10g_demo_v1.4.1/rtl/lib/common/simple_dual_port_ram.sv:32)
[EFX-0656 WARNING] Optimizing into logic zero initialized read-only memory block 'inst_frame_buffer_512/inst_wr_address_decoder_1/genblk1[10].inst_pclk_to_axi_buffer/ram__D$2'. (/home/steve/video_streaming_10g_demo_v1.4.1/rtl/lib/common/simple_dual_port_ram.sv:32)
[EFX-0656 WARNING] Optimizing into logic zero initialized read-only memory block 'inst_frame_buffer_512/inst_wr_address_decoder_1/genblk1[10].inst_pclk_to_axi_buffer/ram__D$1'. (/home/steve/video_streaming_10g_demo_v1.4.1/rtl/lib/common/simple_dual_port_ram.sv:32)
[EFX-0656 WARNING] Optimizing into logic zero initialized read-only memory block 'inst_frame_buffer_512/inst_wr_address_decoder_1/genblk1[11].inst_pclk_to_axi_buffer/ram__D$2'. (/home/steve/video_streaming_10g_demo_v1.4.1/rtl/lib/common/simple_dual_port_ram.sv:32)
[EFX-0656 WARNING] Optimizing into logic zero initialized read-only memory block 'inst_frame_buffer_512/inst_wr_address_decoder_1/genblk1[11].inst_pclk_to_axi_buffer/ram__D$1'. (/home/steve/video_streaming_10g_demo_v1.4.1/rtl/lib/common/simple_dual_port_ram.sv:32)
[EFX-0656 WARNING] Optimizing into logic zero initialized read-only memory block 'inst_frame_buffer_512/inst_wr_address_decoder_1/genblk1[12].inst_pclk_to_axi_buffer/ram__D$2'. (/home/steve/video_streaming_10g_demo_v1.4.1/rtl/lib/common/simple_dual_port_ram.sv:32)
[EFX-0656 WARNING] Optimizing into logic zero initialized read-only memory block 'inst_frame_buffer_512/inst_wr_address_decoder_1/genblk1[12].inst_pclk_to_axi_buffer/ram__D$1'. (/home/steve/video_streaming_10g_demo_v1.4.1/rtl/lib/common/simple_dual_port_ram.sv:32)
[EFX-0656 WARNING] Optimizing into logic zero initialized read-only memory block 'inst_frame_buffer_512/inst_wr_address_decoder_1/genblk1[13].inst_pclk_to_axi_buffer/ram__D$2'. (/home/steve/video_streaming_10g_demo_v1.4.1/rtl/lib/common/simple_dual_port_ram.sv:32)
[EFX-0656 WARNING] Optimizing into logic zero initialized read-only memory block 'inst_frame_buffer_512/inst_wr_address_decoder_1/genblk1[13].inst_pclk_to_axi_buffer/ram__D$1'. (/home/steve/video_streaming_10g_demo_v1.4.1/rtl/lib/common/simple_dual_port_ram.sv:32)
[EFX-0656 WARNING] Optimizing into logic zero initialized read-only memory block 'inst_frame_buffer_512/inst_wr_address_decoder_1/genblk1[14].inst_pclk_to_axi_buffer/ram__D$2'. (/home/steve/video_streaming_10g_demo_v1.4.1/rtl/lib/common/simple_dual_port_ram.sv:32)
[EFX-0656 WARNING] Optimizing into logic zero initialized read-only memory block 'inst_frame_buffer_512/inst_wr_address_decoder_1/genblk1[14].inst_pclk_to_axi_buffer/ram__D$1'. (/home/steve/video_streaming_10g_demo_v1.4.1/rtl/lib/common/simple_dual_port_ram.sv:32)
[EFX-0656 WARNING] Optimizing into logic zero initialized read-only memory block 'inst_frame_buffer_512/inst_wr_address_decoder_1/genblk1[15].inst_pclk_to_axi_buffer/ram__D$2'. (/home/steve/video_streaming_10g_demo_v1.4.1/rtl/lib/common/simple_dual_port_ram.sv:32)
[EFX-0656 WARNING] Optimizing into logic zero initialized read-only memory block 'inst_frame_buffer_512/inst_wr_address_decoder_1/genblk1[15].inst_pclk_to_axi_buffer/ram__D$1'. (/home/steve/video_streaming_10g_demo_v1.4.1/rtl/lib/common/simple_dual_port_ram.sv:32)
[EFX-0657 WARNING] Mapping into logic memory block 'inst_udp_video_generator/inst_frame_buffer_512/inst_Axi4_2x512_1x512_00/io_axim_writeOnly_arbiter/cmdArbiter_io_output_fork_io_outputs_1_translated_fifo/ram' (4 bits) (/home/steve/video_streaming_10g_demo_v1.4.1/rtl/lib/common/frame_buffer_512/Axi4_2x512_1x512.v:1671) because size is too small (<=64)
[EFX-0657 WARNING] Mapping into logic memory block 'debounce_switch_inst/debounce_reg' (16 bits) (/home/steve/video_streaming_10g_demo_v1.4.1/rtl/debounce_switch.v:47) because size is too small (<=64)
[EFX-0657 WARNING] Mapping into logic memory block 'q1_apb_master/rom_mif' (1060 bits) (/home/steve/video_streaming_10g_demo_v1.4.1/rtl/apb_master.sv:49) because read port is not synchronous.
[EFX-0657 WARNING] Mapping into logic memory block 'inst_sapphire/u_EfxSapphireSoc/system_riscvJtag_debug_logic_dm/logic_progbufX_mem' (64 bits) (/home/steve/video_streaming_10g_demo_v1.4.1/fpga/Ti375N1156-DK/ip/sapphire_gen/sapphire_gen.v:10059) because size is too small (<=64)

///////////////////////////////////
// Efinity Synthesis Started 
// Sep 20, 2026 21:30:21
///////////////////////////////////

[EFX-0011 VERI-WARNING] port 'probe22' remains unconnected for this instance (VERI-1927) (/home/steve/video_streaming_10g_demo_v1.4.1/fpga/Ti375N1156-DK/work_dbg/debug_top.v:206)
[EFX-0011 VERI-WARNING] port 'probe1' remains unconnected for this instance (VERI-1927) (/home/steve/video_streaming_10g_demo_v1.4.1/fpga/Ti375N1156-DK/work_dbg/debug_top.v:240)
[EFX-0011 VERI-WARNING] port 'probe1' remains unconnected for this instance (VERI-1927) (/home/steve/video_streaming_10g_demo_v1.4.1/fpga/Ti375N1156-DK/work_dbg/debug_top.v:274)
[EFX-0011 VERI-WARNING] input port 'probe22[0]' remains unconnected for this instance (VDB-1053) (/home/steve/video_streaming_10g_demo_v1.4.1/fpga/Ti375N1156-DK/work_dbg/debug_top.v:164)
[EFX-0011 VERI-WARNING] input port 'probe1[0]' remains unconnected for this instance (VDB-1053) (/home/steve/video_streaming_10g_demo_v1.4.1/fpga/Ti375N1156-DK/work_dbg/debug_top.v:219)
[EFX-0011 VERI-WARNING] input port 'probe1[0]' remains unconnected for this instance (VDB-1053) (/home/steve/video_streaming_10g_demo_v1.4.1/fpga/Ti375N1156-DK/work_dbg/debug_top.v:253)
[EFX-0200 WARNING] Removing redundant signal : compared_in[0]. (/home/steve/video_streaming_10g_demo_v1.4.1/fpga/Ti375N1156-DK/work_dbg/debug_top.v:5651)
[EFX-0200 WARNING] Removing redundant signal : mask_in[0]. (/home/steve/video_streaming_10g_demo_v1.4.1/fpga/Ti375N1156-DK/work_dbg/debug_top.v:5652)
[EFX-0200 WARNING] Removing redundant signal : trigger_in. (/home/steve/video_streaming_10g_demo_v1.4.1/fpga/Ti375N1156-DK/work_dbg/debug_top.v:5862)
[EFX-0200 WARNING] Removing redundant signal : din[72]. (/home/steve/video_streaming_10g_demo_v1.4.1/fpga/Ti375N1156-DK/work_dbg/debug_top.v:4747)
[EFX-0200 WARNING] Removing redundant signal : trig_out. (/home/steve/video_streaming_10g_demo_v1.4.1/fpga/Ti375N1156-DK/work_dbg/debug_top.v:5028)
[EFX-0200 WARNING] Removing redundant signal : trig_out_ack. (/home/steve/video_streaming_10g_demo_v1.4.1/fpga/Ti375N1156-DK/work_dbg/debug_top.v:5029)
[EFX-0200 WARNING] Removing redundant signal : bscan_DRCK. (/home/steve/video_streaming_10g_demo_v1.4.1/fpga/Ti375N1156-DK/work_dbg/debug_top.v:1180)
[EFX-0200 WARNING] Removing redundant signal : bscan_RUNTEST. (/home/steve/video_streaming_10g_demo_v1.4.1/fpga/Ti375N1156-DK/work_dbg/debug_top.v:1182)
[EFX-0200 WARNING] Removing redundant signal : bscan_SEL. (/home/steve/video_streaming_10g_demo_v1.4.1/fpga/Ti375N1156-DK/work_dbg/debug_top.v:1183)
[EFX-0200 WARNING] Removing redundant signal : bscan_TMS. (/home/steve/video_streaming_10g_demo_v1.4.1/fpga/Ti375N1156-DK/work_dbg/debug_top.v:1187)
[EFX-0200 WARNING] Removing redundant signal : trig_in_ack. (/home/steve/video_streaming_10g_demo_v1.4.1/fpga/Ti375N1156-DK/work_dbg/debug_top.v:1198)
[EFX-0200 WARNING] Removing redundant signal : mux_capture_cmp[21]. (/home/steve/video_streaming_10g_demo_v1.4.1/fpga/Ti375N1156-DK/work_dbg/debug_top.v:3612)
[EFX-0200 WARNING] Removing redundant signal : mux_capture_cmp[20]. (/home/steve/video_streaming_10g_demo_v1.4.1/fpga/Ti375N1156-DK/work_dbg/debug_top.v:3612)
[EFX-0200 WARNING] Removing redundant signal : mux_capture_cmp[19]. (/home/steve/video_streaming_10g_demo_v1.4.1/fpga/Ti375N1156-DK/work_dbg/debug_top.v:3612)
[EFX-0200 WARNING] Removing redundant signal : mux_capture_cmp[18]. (/home/steve/video_streaming_10g_demo_v1.4.1/fpga/Ti375N1156-DK/work_dbg/debug_top.v:3612)
[EFX-0200 WARNING] Removing redundant signal : mux_capture_cmp[17]. (/home/steve/video_streaming_10g_demo_v1.4.1/fpga/Ti375N1156-DK/work_dbg/debug_top.v:3612)
[EFX-0200 WARNING] Removing redundant signal : mux_capture_cmp[16]. (/home/steve/video_streaming_10g_demo_v1.4.1/fpga/Ti375N1156-DK/work_dbg/debug_top.v:3612)
[EFX-0200 WARNING] Removing redundant signal : mux_capture_cmp[15]. (/home/steve/video_streaming_10g_demo_v1.4.1/fpga/Ti375N1156-DK/work_dbg/debug_top.v:3612)
[EFX-0200 WARNING] Removing redundant signal : mux_capture_cmp[14]. (/home/steve/video_streaming_10g_demo_v1.4.1/fpga/Ti375N1156-DK/work_dbg/debug_top.v:3612)
[EFX-0200 WARNING] Removing redundant signal : mux_capture_cmp[13]. (/home/steve/video_streaming_10g_demo_v1.4.1/fpga/Ti375N1156-DK/work_dbg/debug_top.v:3612)
[EFX-0201 WARNING] Re-wiring to GND non-driven net 'la0.probe22[0]'. (/home/steve/video_streaming_10g_demo_v1.4.1/fpga/Ti375N1156-DK/work_dbg/debug_top.v:164)
[EFX-0201 WARNING] Re-wiring to GND non-driven net 'la0.probe23[0]'. (/home/steve/video_streaming_10g_demo_v1.4.1/fpga/Ti375N1156-DK/work_dbg/debug_top.v:164)
[EFX-0201 WARNING] Re-wiring to GND non-driven net 'la0.probe24[0]'. (/home/steve/video_streaming_10g_demo_v1.4.1/fpga/Ti375N1156-DK/work_dbg/debug_top.v:164)
[EFX-0201 WARNING] Re-wiring to GND non-driven net 'la0.probe25[0]'. (/home/steve/video_streaming_10g_demo_v1.4.1/fpga/Ti375N1156-DK/work_dbg/debug_top.v:164)
[EFX-0201 WARNING] Re-wiring to GND non-driven net 'la0.probe26[0]'. (/home/steve/video_streaming_10g_demo_v1.4.1/fpga/Ti375N1156-DK/work_dbg/debug_top.v:164)
[EFX-0201 WARNING] Re-wiring to GND non-driven net 'la0.probe27[0]'. (/home/steve/video_streaming_10g_demo_v1.4.1/fpga/Ti375N1156-DK/work_dbg/debug_top.v:164)
[EFX-0201 WARNING] Re-wiring to GND non-driven net 'la0.probe28[0]'. (/home/steve/video_streaming_10g_demo_v1.4.1/fpga/Ti375N1156-DK/work_dbg/debug_top.v:164)
[EFX-0201 WARNING] Re-wiring to GND non-driven net 'la0.probe29[0]'. (/home/steve/video_streaming_10g_demo_v1.4.1/fpga/Ti375N1156-DK/work_dbg/debug_top.v:164)
[EFX-0201 WARNING] Re-wiring to GND non-driven net 'la0.probe30[0]'. (/home/steve/video_streaming_10g_demo_v1.4.1/fpga/Ti375N1156-DK/work_dbg/debug_top.v:164)
[EFX-0201 WARNING] Re-wiring to GND non-driven net 'la0.probe31[0]'. (/home/steve/video_streaming_10g_demo_v1.4.1/fpga/Ti375N1156-DK/work_dbg/debug_top.v:164)
[EFX-0011 VERI-WARNING] Input/inout port bscan_DRCK is unconnected and will be removed. (VDB-8003) (/home/steve/video_streaming_10g_demo_v1.4.1/fpga/Ti375N1156-DK/work_dbg/debug_top.v:13)
[EFX-0011 VERI-WARNING] Input/inout port bscan_RUNTEST is unconnected and will be removed. (VDB-8003) (/home/steve/video_streaming_10g_demo_v1.4.1/fpga/Ti375N1156-DK/work_dbg/debug_top.v:15)
[EFX-0011 VERI-WARNING] Input/inout port bscan_TMS is unconnected and will be removed. (VDB-8003) (/home/steve/video_streaming_10g_demo_v1.4.1/fpga/Ti375N1156-DK/work_dbg/debug_top.v:20)

///////////////////////////////////
// Efinity Synthesis Started 
// Sep 20, 2026 21:31:29
///////////////////////////////////

[EFX-0256 WARNING] The primary output port 'sfp0_PMA_TX_ELEC_IDLE' wire 'sfp0_PMA_TX_ELEC_IDLE' is not driven.
[EFX-0256 WARNING] The primary output port 'sfp0_ETH_EEE_ALERT_EN' wire 'sfp0_ETH_EEE_ALERT_EN' is not driven.
[EFX-0200 WARNING] Removing redundant signal : k[31]. (/home/steve/video_streaming_10g_demo_v1.4.1/rtl/debounce_switch.v:56)
[EFX-0200 WARNING] Removing redundant signal : k[30]. (/home/steve/video_streaming_10g_demo_v1.4.1/rtl/debounce_switch.v:56)
[EFX-0200 WARNING] Removing redundant signal : k[29]. (/home/steve/video_streaming_10g_demo_v1.4.1/rtl/debounce_switch.v:56)
[EFX-0200 WARNING] Removing redundant signal : k[28]. (/home/steve/video_streaming_10g_demo_v1.4.1/rtl/debounce_switch.v:56)
[EFX-0200 WARNING] Removing redundant signal : k[27]. (/home/steve/video_streaming_10g_demo_v1.4.1/rtl/debounce_switch.v:56)
[EFX-0200 WARNING] Removing redundant signal : k[26]. (/home/steve/video_streaming_10g_demo_v1.4.1/rtl/debounce_switch.v:56)
[EFX-0200 WARNING] Removing redundant signal : k[25]. (/home/steve/video_streaming_10g_demo_v1.4.1/rtl/debounce_switch.v:56)
[EFX-0200 WARNING] Removing redundant signal : k[24]. (/home/steve/video_streaming_10g_demo_v1.4.1/rtl/debounce_switch.v:56)
[EFX-0200 WARNING] Removing redundant signal : k[23]. (/home/steve/video_streaming_10g_demo_v1.4.1/rtl/debounce_switch.v:56)
[EFX-0200 WARNING] Removing redundant signal : k[22]. (/home/steve/video_streaming_10g_demo_v1.4.1/rtl/debounce_switch.v:56)
[EFX-0200 WARNING] Removing redundant signal : k[21]. (/home/steve/video_streaming_10g_demo_v1.4.1/rtl/debounce_switch.v:56)
[EFX-0200 WARNING] Removing redundant signal : k[20]. (/home/steve/video_streaming_10g_demo_v1.4.1/rtl/debounce_switch.v:56)
[EFX-0200 WARNING] Removing redundant signal : k[19]. (/home/steve/video_streaming_10g_demo_v1.4.1/rtl/debounce_switch.v:56)
[EFX-0200 WARNING] Removing redundant signal : k[18]. (/home/steve/video_streaming_10g_demo_v1.4.1/rtl/debounce_switch.v:56)
[EFX-0200 WARNING] Removing redundant signal : k[17]. (/home/steve/video_streaming_10g_demo_v1.4.1/rtl/debounce_switch.v:56)
[EFX-0200 WARNING] Removing redundant signal : k[16]. (/home/steve/video_streaming_10g_demo_v1.4.1/rtl/debounce_switch.v:56)
[EFX-0200 WARNING] Removing redundant signal : k[15]. (/home/steve/video_streaming_10g_demo_v1.4.1/rtl/debounce_switch.v:56)
[EFX-0200 WARNING] Removing redundant signal : k[14]. (/home/steve/video_streaming_10g_demo_v1.4.1/rtl/debounce_switch.v:56)
[EFX-0200 WARNING] Removing redundant signal : k[13]. (/home/steve/video_streaming_10g_demo_v1.4.1/rtl/debounce_switch.v:56)
[EFX-0200 WARNING] Removing redundant signal : k[12]. (/home/steve/video_streaming_10g_demo_v1.4.1/rtl/debounce_switch.v:56)
[EFX-0201 WARNING] Re-wiring to GND non-driven net 'IBusCachedPlugin_cache_io_cpu_fetch_isRemoved'. (/home/steve/video_streaming_10g_demo_v1.4.1/fpga/Ti375N1156-DK/ip/sapphire_gen/sapphire_gen.v:10942)
[EFX-0201 WARNING] Re-wiring to GND non-driven net 'dataCache_1_io_cpu_writeBack_fence_SW'. (/home/steve/video_streaming_10g_demo_v1.4.1/fpga/Ti375N1156-DK/ip/sapphire_gen/sapphire_gen.v:10955)
[EFX-0201 WARNING] Re-wiring to GND non-driven net 'dataCache_1_io_cpu_writeBack_fence_SR'. (/home/steve/video_streaming_10g_demo_v1.4.1/fpga/Ti375N1156-DK/ip/sapphire_gen/sapphire_gen.v:10956)
[EFX-0201 WARNING] Re-wiring to GND non-driven net 'dataCache_1_io_cpu_writeBack_fence_SO'. (/home/steve/video_streaming_10g_demo_v1.4.1/fpga/Ti375N1156-DK/ip/sapphire_gen/sapphire_gen.v:10957)
[EFX-0201 WARNING] Re-wiring to GND non-driven net 'dataCache_1_io_cpu_writeBack_fence_SI'. (/home/steve/video_streaming_10g_demo_v1.4.1/fpga/Ti375N1156-DK/ip/sapphire_gen/sapphire_gen.v:10958)
[EFX-0201 WARNING] Re-wiring to GND non-driven net 'dataCache_1_io_cpu_writeBack_fence_PW'. (/home/steve/video_streaming_10g_demo_v1.4.1/fpga/Ti375N1156-DK/ip/sapphire_gen/sapphire_gen.v:10959)
[EFX-0201 WARNING] Re-wiring to GND non-driven net 'dataCache_1_io_cpu_writeBack_fence_PR'. (/home/steve/video_streaming_10g_demo_v1.4.1/fpga/Ti375N1156-DK/ip/sapphire_gen/sapphire_gen.v:10960)
[EFX-0201 WARNING] Re-wiring to GND non-driven net 'dataCache_1_io_cpu_writeBack_fence_PO'. (/home/steve/video_streaming_10g_demo_v1.4.1/fpga/Ti375N1156-DK/ip/sapphire_gen/sapphire_gen.v:10961)
[EFX-0201 WARNING] Re-wiring to GND non-driven net 'dataCache_1_io_cpu_writeBack_fence_PI'. (/home/steve/video_streaming_10g_demo_v1.4.1/fpga/Ti375N1156-DK/ip/sapphire_gen/sapphire_gen.v:10962)
[EFX-0201 WARNING] Re-wiring to GND non-driven net 'dataCache_1_io_cpu_writeBack_fence_FM[3]'. (/home/steve/video_streaming_10g_demo_v1.4.1/fpga/Ti375N1156-DK/ip/sapphire_gen/sapphire_gen.v:10963)
[EFX-0656 WARNING] Optimizing into logic zero initialized read-only memory block 'inst_rd_address_decoder_1/inst_simple_dual_port_ram_00/ram__D$y1'. (/home/steve/video_streaming_10g_demo_v1.4.1/rtl/lib/common/simple_dual_port_ram.sv:32)
[EFX-0656 WARNING] Optimizing into logic zero initialized read-only memory block 'inst_rd_address_decoder_1/inst_simple_dual_port_ram_00/ram__D$x12'. (/home/steve/video_streaming_10g_demo_v1.4.1/rtl/lib/common/simple_dual_port_ram.sv:32)
[EFX-0656 WARNING] Optimizing into logic zero initialized read-only memory block 'inst_rd_address_decoder_1/inst_simple_dual_port_ram_00/ram__D$w12'. (/home/steve/video_streaming_10g_demo_v1.4.1/rtl/lib/common/simple_dual_port_ram.sv:32)
[EFX-0656 WARNING] Optimizing into logic zero initialized read-only memory block 'inst_rd_address_decoder_1/inst_simple_dual_port_ram_00/ram__D$v12'. (/home/steve/video_streaming_10g_demo_v1.4.1/rtl/lib/common/simple_dual_port_ram.sv:32)
[EFX-0656 WARNING] Optimizing into logic zero initialized read-only memory block 'inst_rd_address_decoder_1/inst_simple_dual_port_ram_00/ram__D$u12'. (/home/steve/video_streaming_10g_demo_v1.4.1/rtl/lib/common/simple_dual_port_ram.sv:32)
[EFX-0656 WARNING] Optimizing into logic zero initialized read-only memory block 'inst_rd_address_decoder_1/inst_simple_dual_port_ram_00/ram__D$t12'. (/home/steve/video_streaming_10g_demo_v1.4.1/rtl/lib/common/simple_dual_port_ram.sv:32)
[EFX-0656 WARNING] Optimizing into logic zero initialized read-only memory block 'inst_rd_address_decoder_1/inst_simple_dual_port_ram_00/ram__D$s12'. (/home/steve/video_streaming_10g_demo_v1.4.1/rtl/lib/common/simple_dual_port_ram.sv:32)
[EFX-0656 WARNING] Optimizing into logic zero initialized read-only memory block 'inst_rd_address_decoder_1/inst_simple_dual_port_ram_00/ram__D$r12'. (/home/steve/video_streaming_10g_demo_v1.4.1/rtl/lib/common/simple_dual_port_ram.sv:32)
[EFX-0656 WARNING] Optimizing into logic zero initialized read-only memory block 'inst_rd_address_decoder_1/inst_simple_dual_port_ram_00/ram__D$q12'. (/home/steve/video_streaming_10g_demo_v1.4.1/rtl/lib/common/simple_dual_port_ram.sv:32)
[EFX-0656 WARNING] Optimizing into logic zero initialized read-only memory block 'inst_rd_address_decoder_1/inst_simple_dual_port_ram_00/ram__D$p12'. (/home/steve/video_streaming_10g_demo_v1.4.1/rtl/lib/common/simple_dual_port_ram.sv:32)
[EFX-0656 WARNING] Optimizing into logic zero initialized read-only memory block 'inst_rd_address_decoder_1/inst_simple_dual_port_ram_00/ram__D$o12'. (/home/steve/video_streaming_10g_demo_v1.4.1/rtl/lib/common/simple_dual_port_ram.sv:32)
[EFX-0656 WARNING] Optimizing into logic zero initialized read-only memory block 'inst_rd_address_decoder_1/inst_simple_dual_port_ram_00/ram__D$n12'. (/home/steve/video_streaming_10g_demo_v1.4.1/rtl/lib/common/simple_dual_port_ram.sv:32)
[EFX-0656 WARNING] Optimizing into logic zero initialized read-only memory block 'inst_rd_address_decoder_1/inst_simple_dual_port_ram_00/ram__D$m12'. (/home/steve/video_streaming_10g_demo_v1.4.1/rtl/lib/common/simple_dual_port_ram.sv:32)
[EFX-0656 WARNING] Optimizing into logic zero initialized read-only memory block 'inst_rd_address_decoder_1/inst_simple_dual_port_ram_00/ram__D$l12'. (/home/steve/video_streaming_10g_demo_v1.4.1/rtl/lib/common/simple_dual_port_ram.sv:32)
[EFX-0656 WARNING] Optimizing into logic zero initialized read-only memory block 'inst_rd_address_decoder_1/inst_simple_dual_port_ram_00/ram__D$k12'. (/home/steve/video_streaming_10g_demo_v1.4.1/rtl/lib/common/simple_dual_port_ram.sv:32)
[EFX-0656 WARNING] Optimizing into logic zero initialized read-only memory block 'inst_rd_address_decoder_1/inst_simple_dual_port_ram_00/ram__D$j12'. (/home/steve/video_streaming_10g_demo_v1.4.1/rtl/lib/common/simple_dual_port_ram.sv:32)
[EFX-0656 WARNING] Optimizing into logic zero initialized read-only memory block 'inst_rd_address_decoder_1/inst_simple_dual_port_ram_00/ram__D$i12'. (/home/steve/video_streaming_10g_demo_v1.4.1/rtl/lib/common/simple_dual_port_ram.sv:32)
[EFX-0656 WARNING] Optimizing into logic zero initialized read-only memory block 'inst_rd_address_decoder_1/inst_simple_dual_port_ram_00/ram__D$h12'. (/home/steve/video_streaming_10g_demo_v1.4.1/rtl/lib/common/simple_dual_port_ram.sv:32)
[EFX-0656 WARNING] Optimizing into logic zero initialized read-only memory block 'inst_rd_address_decoder_1/inst_simple_dual_port_ram_00/ram__D$g12'. (/home/steve/video_streaming_10g_demo_v1.4.1/rtl/lib/common/simple_dual_port_ram.sv:32)
[EFX-0656 WARNING] Optimizing into logic zero initialized read-only memory block 'inst_rd_address_decoder_1/inst_simple_dual_port_ram_00/ram__D$f12'. (/home/steve/video_streaming_10g_demo_v1.4.1/rtl/lib/common/simple_dual_port_ram.sv:32)
[EFX-0656 WARNING] Optimizing into logic zero initialized read-only memory block 'inst_rd_address_decoder_1/inst_simple_dual_port_ram_00/ram__D$e12'. (/home/steve/video_streaming_10g_demo_v1.4.1/rtl/lib/common/simple_dual_port_ram.sv:32)
[EFX-0656 WARNING] Optimizing into logic zero initialized read-only memory block 'inst_rd_address_decoder_1/inst_simple_dual_port_ram_00/ram__D$d12'. (/home/steve/video_streaming_10g_demo_v1.4.1/rtl/lib/common/simple_dual_port_ram.sv:32)
[EFX-0656 WARNING] Optimizing into logic zero initialized read-only memory block 'inst_rd_address_decoder_1/inst_simple_dual_port_ram_00/ram__D$c12'. (/home/steve/video_streaming_10g_demo_v1.4.1/rtl/lib/common/simple_dual_port_ram.sv:32)
[EFX-0656 WARNING] Optimizing into logic zero initialized read-only memory block 'inst_rd_address_decoder_1/inst_simple_dual_port_ram_00/ram__D$b12'. (/home/steve/video_streaming_10g_demo_v1.4.1/rtl/lib/common/simple_dual_port_ram.sv:32)
[EFX-0656 WARNING] Optimizing into logic zero initialized read-only memory block 'inst_rd_address_decoder_1/inst_simple_dual_port_ram_00/ram__D$12'. (/home/steve/video_streaming_10g_demo_v1.4.1/rtl/lib/common/simple_dual_port_ram.sv:32)
[EFX-0656 WARNING] Optimizing into logic zero initialized read-only memory block 'inst_rd_address_decoder_1/inst_simple_dual_port_ram_00/ram__D$2'. (/home/steve/video_streaming_10g_demo_v1.4.1/rtl/lib/common/simple_dual_port_ram.sv:32)
[EFX-0656 WARNING] Optimizing into logic zero initialized read-only memory block 'inst_frame_buffer_512/inst_wr_address_decoder_1/genblk1[5].inst_pclk_to_axi_buffer/ram__D$1'. (/home/steve/video_streaming_10g_demo_v1.4.1/rtl/lib/common/simple_dual_port_ram.sv:32)
[EFX-0656 WARNING] Optimizing into logic zero initialized read-only memory block 'inst_frame_buffer_512/inst_wr_address_decoder_1/genblk1[5].inst_pclk_to_axi_buffer/ram__D$2'. (/home/steve/video_streaming_10g_demo_v1.4.1/rtl/lib/common/simple_dual_port_ram.sv:32)
[EFX-0656 WARNING] Optimizing into logic zero initialized read-only memory block 'inst_frame_buffer_512/inst_wr_address_decoder_1/genblk1[4].inst_pclk_to_axi_buffer/ram__D$1'. (/home/steve/video_streaming_10g_demo_v1.4.1/rtl/lib/common/simple_dual_port_ram.sv:32)
[EFX-0656 WARNING] Optimizing into logic zero initialized read-only memory block 'inst_frame_buffer_512/inst_wr_address_decoder_1/genblk1[4].inst_pclk_to_axi_buffer/ram__D$2'. (/home/steve/video_streaming_10g_demo_v1.4.1/rtl/lib/common/simple_dual_port_ram.sv:32)
[EFX-0656 WARNING] Optimizing into logic zero initialized read-only memory block 'inst_frame_buffer_512/inst_wr_address_decoder_1/genblk1[3].inst_pclk_to_axi_buffer/ram__D$1'. (/home/steve/video_streaming_10g_demo_v1.4.1/rtl/lib/common/simple_dual_port_ram.sv:32)
[EFX-0656 WARNING] Optimizing into logic zero initialized read-only memory block 'inst_frame_buffer_512/inst_wr_address_decoder_1/genblk1[3].inst_pclk_to_axi_buffer/ram__D$2'. (/home/steve/video_streaming_10g_demo_v1.4.1/rtl/lib/common/simple_dual_port_ram.sv:32)
[EFX-0656 WARNING] Optimizing into logic zero initialized read-only memory block 'inst_frame_buffer_512/inst_wr_address_decoder_1/genblk1[2].inst_pclk_to_axi_buffer/ram__D$1'. (/home/steve/video_streaming_10g_demo_v1.4.1/rtl/lib/common/simple_dual_port_ram.sv:32)
[EFX-0656 WARNING] Optimizing into logic zero initialized read-only memory block 'inst_frame_buffer_512/inst_wr_address_decoder_1/genblk1[2].inst_pclk_to_axi_buffer/ram__D$2'. (/home/steve/video_streaming_10g_demo_v1.4.1/rtl/lib/common/simple_dual_port_ram.sv:32)
[EFX-0656 WARNING] Optimizing into logic zero initialized read-only memory block 'inst_frame_buffer_512/inst_wr_address_decoder_1/genblk1[1].inst_pclk_to_axi_buffer/ram__D$1'. (/home/steve/video_streaming_10g_demo_v1.4.1/rtl/lib/common/simple_dual_port_ram.sv:32)
[EFX-0656 WARNING] Optimizing into logic zero initialized read-only memory block 'inst_frame_buffer_512/inst_wr_address_decoder_1/genblk1[1].inst_pclk_to_axi_buffer/ram__D$2'. (/home/steve/video_streaming_10g_demo_v1.4.1/rtl/lib/common/simple_dual_port_ram.sv:32)
[EFX-0656 WARNING] Optimizing into logic zero initialized read-only memory block 'inst_frame_buffer_512/inst_wr_address_decoder_1/genblk1[0].inst_pclk_to_axi_buffer/ram__D$1'. (/home/steve/video_streaming_10g_demo_v1.4.1/rtl/lib/common/simple_dual_port_ram.sv:32)
[EFX-0656 WARNING] Optimizing into logic zero initialized read-only memory block 'inst_frame_buffer_512/inst_wr_address_decoder_1/genblk1[0].inst_pclk_to_axi_buffer/ram__D$2'. (/home/steve/video_streaming_10g_demo_v1.4.1/rtl/lib/common/simple_dual_port_ram.sv:32)
[EFX-0656 WARNING] Optimizing into logic zero initialized read-only memory block 'inst_frame_buffer_512/inst_wr_address_decoder_1/genblk1[6].inst_pclk_to_axi_buffer/ram__D$2'. (/home/steve/video_streaming_10g_demo_v1.4.1/rtl/lib/common/simple_dual_port_ram.sv:32)
[EFX-0656 WARNING] Optimizing into logic zero initialized read-only memory block 'inst_frame_buffer_512/inst_wr_address_decoder_1/genblk1[6].inst_pclk_to_axi_buffer/ram__D$1'. (/home/steve/video_streaming_10g_demo_v1.4.1/rtl/lib/common/simple_dual_port_ram.sv:32)
[EFX-0656 WARNING] Optimizing into logic zero initialized read-only memory block 'inst_frame_buffer_512/inst_wr_address_decoder_1/genblk1[7].inst_pclk_to_axi_buffer/ram__D$2'. (/home/steve/video_streaming_10g_demo_v1.4.1/rtl/lib/common/simple_dual_port_ram.sv:32)
[EFX-0656 WARNING] Optimizing into logic zero initialized read-only memory block 'inst_frame_buffer_512/inst_wr_address_decoder_1/genblk1[7].inst_pclk_to_axi_buffer/ram__D$1'. (/home/steve/video_streaming_10g_demo_v1.4.1/rtl/lib/common/simple_dual_port_ram.sv:32)
[EFX-0656 WARNING] Optimizing into logic zero initialized read-only memory block 'inst_frame_buffer_512/inst_wr_address_decoder_1/genblk1[8].inst_pclk_to_axi_buffer/ram__D$2'. (/home/steve/video_streaming_10g_demo_v1.4.1/rtl/lib/common/simple_dual_port_ram.sv:32)
[EFX-0656 WARNING] Optimizing into logic zero initialized read-only memory block 'inst_frame_buffer_512/inst_wr_address_decoder_1/genblk1[8].inst_pclk_to_axi_buffer/ram__D$1'. (/home/steve/video_streaming_10g_demo_v1.4.1/rtl/lib/common/simple_dual_port_ram.sv:32)
[EFX-0656 WARNING] Optimizing into logic zero initialized read-only memory block 'inst_frame_buffer_512/inst_wr_address_decoder_1/genblk1[9].inst_pclk_to_axi_buffer/ram__D$2'. (/home/steve/video_streaming_10g_demo_v1.4.1/rtl/lib/common/simple_dual_port_ram.sv:32)
[EFX-0656 WARNING] Optimizing into logic zero initialized read-only memory block 'inst_frame_buffer_512/inst_wr_address_decoder_1/genblk1[9].inst_pclk_to_axi_buffer/ram__D$1'. (/home/steve/video_streaming_10g_demo_v1.4.1/rtl/lib/common/simple_dual_port_ram.sv:32)
[EFX-0656 WARNING] Optimizing into logic zero initialized read-only memory block 'inst_frame_buffer_512/inst_wr_address_decoder_1/genblk1[10].inst_pclk_to_axi_buffer/ram__D$2'. (/home/steve/video_streaming_10g_demo_v1.4.1/rtl/lib/common/simple_dual_port_ram.sv:32)
[EFX-0656 WARNING] Optimizing into logic zero initialized read-only memory block 'inst_frame_buffer_512/inst_wr_address_decoder_1/genblk1[10].inst_pclk_to_axi_buffer/ram__D$1'. (/home/steve/video_streaming_10g_demo_v1.4.1/rtl/lib/common/simple_dual_port_ram.sv:32)
[EFX-0656 WARNING] Optimizing into logic zero initialized read-only memory block 'inst_frame_buffer_512/inst_wr_address_decoder_1/genblk1[11].inst_pclk_to_axi_buffer/ram__D$2'. (/home/steve/video_streaming_10g_demo_v1.4.1/rtl/lib/common/simple_dual_port_ram.sv:32)
[EFX-0656 WARNING] Optimizing into logic zero initialized read-only memory block 'inst_frame_buffer_512/inst_wr_address_decoder_1/genblk1[11].inst_pclk_to_axi_buffer/ram__D$1'. (/home/steve/video_streaming_10g_demo_v1.4.1/rtl/lib/common/simple_dual_port_ram.sv:32)
[EFX-0656 WARNING] Optimizing into logic zero initialized read-only memory block 'inst_frame_buffer_512/inst_wr_address_decoder_1/genblk1[12].inst_pclk_to_axi_buffer/ram__D$2'. (/home/steve/video_streaming_10g_demo_v1.4.1/rtl/lib/common/simple_dual_port_ram.sv:32)
[EFX-0656 WARNING] Optimizing into logic zero initialized read-only memory block 'inst_frame_buffer_512/inst_wr_address_decoder_1/genblk1[12].inst_pclk_to_axi_buffer/ram__D$1'. (/home/steve/video_streaming_10g_demo_v1.4.1/rtl/lib/common/simple_dual_port_ram.sv:32)
[EFX-0656 WARNING] Optimizing into logic zero initialized read-only memory block 'inst_frame_buffer_512/inst_wr_address_decoder_1/genblk1[13].inst_pclk_to_axi_buffer/ram__D$2'. (/home/steve/video_streaming_10g_demo_v1.4.1/rtl/lib/common/simple_dual_port_ram.sv:32)
[EFX-0656 WARNING] Optimizing into logic zero initialized read-only memory block 'inst_frame_buffer_512/inst_wr_address_decoder_1/genblk1[13].inst_pclk_to_axi_buffer/ram__D$1'. (/home/steve/video_streaming_10g_demo_v1.4.1/rtl/lib/common/simple_dual_port_ram.sv:32)
[EFX-0656 WARNING] Optimizing into logic zero initialized read-only memory block 'inst_frame_buffer_512/inst_wr_address_decoder_1/genblk1[14].inst_pclk_to_axi_buffer/ram__D$2'. (/home/steve/video_streaming_10g_demo_v1.4.1/rtl/lib/common/simple_dual_port_ram.sv:32)
[EFX-0656 WARNING] Optimizing into logic zero initialized read-only memory block 'inst_frame_buffer_512/inst_wr_address_decoder_1/genblk1[14].inst_pclk_to_axi_buffer/ram__D$1'. (/home/steve/video_streaming_10g_demo_v1.4.1/rtl/lib/common/simple_dual_port_ram.sv:32)
[EFX-0656 WARNING] Optimizing into logic zero initialized read-only memory block 'inst_frame_buffer_512/inst_wr_address_decoder_1/genblk1[15].inst_pclk_to_axi_buffer/ram__D$2'. (/home/steve/video_streaming_10g_demo_v1.4.1/rtl/lib/common/simple_dual_port_ram.sv:32)
[EFX-0656 WARNING] Optimizing into logic zero initialized read-only memory block 'inst_frame_buffer_512/inst_wr_address_decoder_1/genblk1[15].inst_pclk_to_axi_buffer/ram__D$1'. (/home/steve/video_streaming_10g_demo_v1.4.1/rtl/lib/common/simple_dual_port_ram.sv:32)
[EFX-0657 WARNING] Mapping into logic memory block 'inst_udp_video_generator/inst_frame_buffer_512/inst_Axi4_2x512_1x512_00/io_axim_writeOnly_arbiter/cmdArbiter_io_output_fork_io_outputs_1_translated_fifo/ram' (4 bits) (/home/steve/video_streaming_10g_demo_v1.4.1/rtl/lib/common/frame_buffer_512/Axi4_2x512_1x512.v:1671) because size is too small (<=64)
[EFX-0657 WARNING] Mapping into logic memory block 'debounce_switch_inst/debounce_reg' (16 bits) (/home/steve/video_streaming_10g_demo_v1.4.1/rtl/debounce_switch.v:47) because size is too small (<=64)
[EFX-0657 WARNING] Mapping into logic memory block 'q1_apb_master/rom_mif' (1060 bits) (/home/steve/video_streaming_10g_demo_v1.4.1/rtl/apb_master.sv:49) because read port is not synchronous.
[EFX-0657 WARNING] Mapping into logic memory block 'inst_sapphire/u_EfxSapphireSoc/system_riscvJtag_debug_logic_dm/logic_progbufX_mem' (64 bits) (/home/steve/video_streaming_10g_demo_v1.4.1/fpga/Ti375N1156-DK/ip/sapphire_gen/sapphire_gen.v:10059) because size is too small (<=64)

///////////////////////////////////
// Efinity Synthesis Started 
// Sep 20, 2026 22:07:29
///////////////////////////////////

[EFX-0011 VERI-WARNING] port 'probe22' remains unconnected for this instance (VERI-1927) (/home/steve/video_streaming_10g_demo_v1.4.1/fpga/Ti375N1156-DK/work_dbg/debug_top.v:206)
[EFX-0011 VERI-WARNING] port 'probe1' remains unconnected for this instance (VERI-1927) (/home/steve/video_streaming_10g_demo_v1.4.1/fpga/Ti375N1156-DK/work_dbg/debug_top.v:240)
[EFX-0011 VERI-WARNING] port 'probe1' remains unconnected for this instance (VERI-1927) (/home/steve/video_streaming_10g_demo_v1.4.1/fpga/Ti375N1156-DK/work_dbg/debug_top.v:274)
[EFX-0011 VERI-WARNING] input port 'probe22[0]' remains unconnected for this instance (VDB-1053) (/home/steve/video_streaming_10g_demo_v1.4.1/fpga/Ti375N1156-DK/work_dbg/debug_top.v:164)
[EFX-0011 VERI-WARNING] input port 'probe1[0]' remains unconnected for this instance (VDB-1053) (/home/steve/video_streaming_10g_demo_v1.4.1/fpga/Ti375N1156-DK/work_dbg/debug_top.v:219)
[EFX-0011 VERI-WARNING] input port 'probe1[0]' remains unconnected for this instance (VDB-1053) (/home/steve/video_streaming_10g_demo_v1.4.1/fpga/Ti375N1156-DK/work_dbg/debug_top.v:253)
[EFX-0200 WARNING] Removing redundant signal : compared_in[0]. (/home/steve/video_streaming_10g_demo_v1.4.1/fpga/Ti375N1156-DK/work_dbg/debug_top.v:5651)
[EFX-0200 WARNING] Removing redundant signal : mask_in[0]. (/home/steve/video_streaming_10g_demo_v1.4.1/fpga/Ti375N1156-DK/work_dbg/debug_top.v:5652)
[EFX-0200 WARNING] Removing redundant signal : trigger_in. (/home/steve/video_streaming_10g_demo_v1.4.1/fpga/Ti375N1156-DK/work_dbg/debug_top.v:5862)
[EFX-0200 WARNING] Removing redundant signal : din[72]. (/home/steve/video_streaming_10g_demo_v1.4.1/fpga/Ti375N1156-DK/work_dbg/debug_top.v:4747)
[EFX-0200 WARNING] Removing redundant signal : trig_out. (/home/steve/video_streaming_10g_demo_v1.4.1/fpga/Ti375N1156-DK/work_dbg/debug_top.v:5028)
[EFX-0200 WARNING] Removing redundant signal : trig_out_ack. (/home/steve/video_streaming_10g_demo_v1.4.1/fpga/Ti375N1156-DK/work_dbg/debug_top.v:5029)
[EFX-0200 WARNING] Removing redundant signal : bscan_DRCK. (/home/steve/video_streaming_10g_demo_v1.4.1/fpga/Ti375N1156-DK/work_dbg/debug_top.v:1180)
[EFX-0200 WARNING] Removing redundant signal : bscan_RUNTEST. (/home/steve/video_streaming_10g_demo_v1.4.1/fpga/Ti375N1156-DK/work_dbg/debug_top.v:1182)
[EFX-0200 WARNING] Removing redundant signal : bscan_SEL. (/home/steve/video_streaming_10g_demo_v1.4.1/fpga/Ti375N1156-DK/work_dbg/debug_top.v:1183)
[EFX-0200 WARNING] Removing redundant signal : bscan_TMS. (/home/steve/video_streaming_10g_demo_v1.4.1/fpga/Ti375N1156-DK/work_dbg/debug_top.v:1187)
[EFX-0200 WARNING] Removing redundant signal : trig_in_ack. (/home/steve/video_streaming_10g_demo_v1.4.1/fpga/Ti375N1156-DK/work_dbg/debug_top.v:1198)
[EFX-0200 WARNING] Removing redundant signal : mux_capture_cmp[21]. (/home/steve/video_streaming_10g_demo_v1.4.1/fpga/Ti375N1156-DK/work_dbg/debug_top.v:3612)
[EFX-0200 WARNING] Removing redundant signal : mux_capture_cmp[20]. (/home/steve/video_streaming_10g_demo_v1.4.1/fpga/Ti375N1156-DK/work_dbg/debug_top.v:3612)
[EFX-0200 WARNING] Removing redundant signal : mux_capture_cmp[19]. (/home/steve/video_streaming_10g_demo_v1.4.1/fpga/Ti375N1156-DK/work_dbg/debug_top.v:3612)
[EFX-0200 WARNING] Removing redundant signal : mux_capture_cmp[18]. (/home/steve/video_streaming_10g_demo_v1.4.1/fpga/Ti375N1156-DK/work_dbg/debug_top.v:3612)
[EFX-0200 WARNING] Removing redundant signal : mux_capture_cmp[17]. (/home/steve/video_streaming_10g_demo_v1.4.1/fpga/Ti375N1156-DK/work_dbg/debug_top.v:3612)
[EFX-0200 WARNING] Removing redundant signal : mux_capture_cmp[16]. (/home/steve/video_streaming_10g_demo_v1.4.1/fpga/Ti375N1156-DK/work_dbg/debug_top.v:3612)
[EFX-0200 WARNING] Removing redundant signal : mux_capture_cmp[15]. (/home/steve/video_streaming_10g_demo_v1.4.1/fpga/Ti375N1156-DK/work_dbg/debug_top.v:3612)
[EFX-0200 WARNING] Removing redundant signal : mux_capture_cmp[14]. (/home/steve/video_streaming_10g_demo_v1.4.1/fpga/Ti375N1156-DK/work_dbg/debug_top.v:3612)
[EFX-0200 WARNING] Removing redundant signal : mux_capture_cmp[13]. (/home/steve/video_streaming_10g_demo_v1.4.1/fpga/Ti375N1156-DK/work_dbg/debug_top.v:3612)
[EFX-0201 WARNING] Re-wiring to GND non-driven net 'la0.probe22[0]'. (/home/steve/video_streaming_10g_demo_v1.4.1/fpga/Ti375N1156-DK/work_dbg/debug_top.v:164)
[EFX-0201 WARNING] Re-wiring to GND non-driven net 'la0.probe23[0]'. (/home/steve/video_streaming_10g_demo_v1.4.1/fpga/Ti375N1156-DK/work_dbg/debug_top.v:164)
[EFX-0201 WARNING] Re-wiring to GND non-driven net 'la0.probe24[0]'. (/home/steve/video_streaming_10g_demo_v1.4.1/fpga/Ti375N1156-DK/work_dbg/debug_top.v:164)
[EFX-0201 WARNING] Re-wiring to GND non-driven net 'la0.probe25[0]'. (/home/steve/video_streaming_10g_demo_v1.4.1/fpga/Ti375N1156-DK/work_dbg/debug_top.v:164)
[EFX-0201 WARNING] Re-wiring to GND non-driven net 'la0.probe26[0]'. (/home/steve/video_streaming_10g_demo_v1.4.1/fpga/Ti375N1156-DK/work_dbg/debug_top.v:164)
[EFX-0201 WARNING] Re-wiring to GND non-driven net 'la0.probe27[0]'. (/home/steve/video_streaming_10g_demo_v1.4.1/fpga/Ti375N1156-DK/work_dbg/debug_top.v:164)
[EFX-0201 WARNING] Re-wiring to GND non-driven net 'la0.probe28[0]'. (/home/steve/video_streaming_10g_demo_v1.4.1/fpga/Ti375N1156-DK/work_dbg/debug_top.v:164)
[EFX-0201 WARNING] Re-wiring to GND non-driven net 'la0.probe29[0]'. (/home/steve/video_streaming_10g_demo_v1.4.1/fpga/Ti375N1156-DK/work_dbg/debug_top.v:164)
[EFX-0201 WARNING] Re-wiring to GND non-driven net 'la0.probe30[0]'. (/home/steve/video_streaming_10g_demo_v1.4.1/fpga/Ti375N1156-DK/work_dbg/debug_top.v:164)
[EFX-0201 WARNING] Re-wiring to GND non-driven net 'la0.probe31[0]'. (/home/steve/video_streaming_10g_demo_v1.4.1/fpga/Ti375N1156-DK/work_dbg/debug_top.v:164)
[EFX-0011 VERI-WARNING] Input/inout port bscan_DRCK is unconnected and will be removed. (VDB-8003) (/home/steve/video_streaming_10g_demo_v1.4.1/fpga/Ti375N1156-DK/work_dbg/debug_top.v:13)
[EFX-0011 VERI-WARNING] Input/inout port bscan_RUNTEST is unconnected and will be removed. (VDB-8003) (/home/steve/video_streaming_10g_demo_v1.4.1/fpga/Ti375N1156-DK/work_dbg/debug_top.v:15)
[EFX-0011 VERI-WARNING] Input/inout port bscan_TMS is unconnected and will be removed. (VDB-8003) (/home/steve/video_streaming_10g_demo_v1.4.1/fpga/Ti375N1156-DK/work_dbg/debug_top.v:20)

///////////////////////////////////
// Efinity Synthesis Started 
// Sep 20, 2026 22:08:37
///////////////////////////////////

[EFX-0256 WARNING] The primary output port 'sfp0_PMA_TX_ELEC_IDLE' wire 'sfp0_PMA_TX_ELEC_IDLE' is not driven.
[EFX-0256 WARNING] The primary output port 'sfp0_ETH_EEE_ALERT_EN' wire 'sfp0_ETH_EEE_ALERT_EN' is not driven.
[EFX-0200 WARNING] Removing redundant signal : k[31]. (/home/steve/video_streaming_10g_demo_v1.4.1/rtl/debounce_switch.v:56)
[EFX-0200 WARNING] Removing redundant signal : k[30]. (/home/steve/video_streaming_10g_demo_v1.4.1/rtl/debounce_switch.v:56)
[EFX-0200 WARNING] Removing redundant signal : k[29]. (/home/steve/video_streaming_10g_demo_v1.4.1/rtl/debounce_switch.v:56)
[EFX-0200 WARNING] Removing redundant signal : k[28]. (/home/steve/video_streaming_10g_demo_v1.4.1/rtl/debounce_switch.v:56)
[EFX-0200 WARNING] Removing redundant signal : k[27]. (/home/steve/video_streaming_10g_demo_v1.4.1/rtl/debounce_switch.v:56)
[EFX-0200 WARNING] Removing redundant signal : k[26]. (/home/steve/video_streaming_10g_demo_v1.4.1/rtl/debounce_switch.v:56)
[EFX-0200 WARNING] Removing redundant signal : k[25]. (/home/steve/video_streaming_10g_demo_v1.4.1/rtl/debounce_switch.v:56)
[EFX-0200 WARNING] Removing redundant signal : k[24]. (/home/steve/video_streaming_10g_demo_v1.4.1/rtl/debounce_switch.v:56)
[EFX-0200 WARNING] Removing redundant signal : k[23]. (/home/steve/video_streaming_10g_demo_v1.4.1/rtl/debounce_switch.v:56)
[EFX-0200 WARNING] Removing redundant signal : k[22]. (/home/steve/video_streaming_10g_demo_v1.4.1/rtl/debounce_switch.v:56)
[EFX-0200 WARNING] Removing redundant signal : k[21]. (/home/steve/video_streaming_10g_demo_v1.4.1/rtl/debounce_switch.v:56)
[EFX-0200 WARNING] Removing redundant signal : k[20]. (/home/steve/video_streaming_10g_demo_v1.4.1/rtl/debounce_switch.v:56)
[EFX-0200 WARNING] Removing redundant signal : k[19]. (/home/steve/video_streaming_10g_demo_v1.4.1/rtl/debounce_switch.v:56)
[EFX-0200 WARNING] Removing redundant signal : k[18]. (/home/steve/video_streaming_10g_demo_v1.4.1/rtl/debounce_switch.v:56)
[EFX-0200 WARNING] Removing redundant signal : k[17]. (/home/steve/video_streaming_10g_demo_v1.4.1/rtl/debounce_switch.v:56)
[EFX-0200 WARNING] Removing redundant signal : k[16]. (/home/steve/video_streaming_10g_demo_v1.4.1/rtl/debounce_switch.v:56)
[EFX-0200 WARNING] Removing redundant signal : k[15]. (/home/steve/video_streaming_10g_demo_v1.4.1/rtl/debounce_switch.v:56)
[EFX-0200 WARNING] Removing redundant signal : k[14]. (/home/steve/video_streaming_10g_demo_v1.4.1/rtl/debounce_switch.v:56)
[EFX-0200 WARNING] Removing redundant signal : k[13]. (/home/steve/video_streaming_10g_demo_v1.4.1/rtl/debounce_switch.v:56)
[EFX-0200 WARNING] Removing redundant signal : k[12]. (/home/steve/video_streaming_10g_demo_v1.4.1/rtl/debounce_switch.v:56)
[EFX-0201 WARNING] Re-wiring to GND non-driven net 'IBusCachedPlugin_cache_io_cpu_fetch_isRemoved'. (/home/steve/video_streaming_10g_demo_v1.4.1/fpga/Ti375N1156-DK/ip/sapphire_gen/sapphire_gen.v:10942)
[EFX-0201 WARNING] Re-wiring to GND non-driven net 'dataCache_1_io_cpu_writeBack_fence_SW'. (/home/steve/video_streaming_10g_demo_v1.4.1/fpga/Ti375N1156-DK/ip/sapphire_gen/sapphire_gen.v:10955)
[EFX-0201 WARNING] Re-wiring to GND non-driven net 'dataCache_1_io_cpu_writeBack_fence_SR'. (/home/steve/video_streaming_10g_demo_v1.4.1/fpga/Ti375N1156-DK/ip/sapphire_gen/sapphire_gen.v:10956)
[EFX-0201 WARNING] Re-wiring to GND non-driven net 'dataCache_1_io_cpu_writeBack_fence_SO'. (/home/steve/video_streaming_10g_demo_v1.4.1/fpga/Ti375N1156-DK/ip/sapphire_gen/sapphire_gen.v:10957)
[EFX-0201 WARNING] Re-wiring to GND non-driven net 'dataCache_1_io_cpu_writeBack_fence_SI'. (/home/steve/video_streaming_10g_demo_v1.4.1/fpga/Ti375N1156-DK/ip/sapphire_gen/sapphire_gen.v:10958)
[EFX-0201 WARNING] Re-wiring to GND non-driven net 'dataCache_1_io_cpu_writeBack_fence_PW'. (/home/steve/video_streaming_10g_demo_v1.4.1/fpga/Ti375N1156-DK/ip/sapphire_gen/sapphire_gen.v:10959)
[EFX-0201 WARNING] Re-wiring to GND non-driven net 'dataCache_1_io_cpu_writeBack_fence_PR'. (/home/steve/video_streaming_10g_demo_v1.4.1/fpga/Ti375N1156-DK/ip/sapphire_gen/sapphire_gen.v:10960)
[EFX-0201 WARNING] Re-wiring to GND non-driven net 'dataCache_1_io_cpu_writeBack_fence_PO'. (/home/steve/video_streaming_10g_demo_v1.4.1/fpga/Ti375N1156-DK/ip/sapphire_gen/sapphire_gen.v:10961)
[EFX-0201 WARNING] Re-wiring to GND non-driven net 'dataCache_1_io_cpu_writeBack_fence_PI'. (/home/steve/video_streaming_10g_demo_v1.4.1/fpga/Ti375N1156-DK/ip/sapphire_gen/sapphire_gen.v:10962)
[EFX-0201 WARNING] Re-wiring to GND non-driven net 'dataCache_1_io_cpu_writeBack_fence_FM[3]'. (/home/steve/video_streaming_10g_demo_v1.4.1/fpga/Ti375N1156-DK/ip/sapphire_gen/sapphire_gen.v:10963)
[EFX-0656 WARNING] Optimizing into logic zero initialized read-only memory block 'inst_rd_address_decoder_1/inst_simple_dual_port_ram_00/ram__D$y1'. (/home/steve/video_streaming_10g_demo_v1.4.1/rtl/lib/common/simple_dual_port_ram.sv:32)
[EFX-0656 WARNING] Optimizing into logic zero initialized read-only memory block 'inst_rd_address_decoder_1/inst_simple_dual_port_ram_00/ram__D$x12'. (/home/steve/video_streaming_10g_demo_v1.4.1/rtl/lib/common/simple_dual_port_ram.sv:32)
[EFX-0656 WARNING] Optimizing into logic zero initialized read-only memory block 'inst_rd_address_decoder_1/inst_simple_dual_port_ram_00/ram__D$w12'. (/home/steve/video_streaming_10g_demo_v1.4.1/rtl/lib/common/simple_dual_port_ram.sv:32)
[EFX-0656 WARNING] Optimizing into logic zero initialized read-only memory block 'inst_rd_address_decoder_1/inst_simple_dual_port_ram_00/ram__D$v12'. (/home/steve/video_streaming_10g_demo_v1.4.1/rtl/lib/common/simple_dual_port_ram.sv:32)
[EFX-0656 WARNING] Optimizing into logic zero initialized read-only memory block 'inst_rd_address_decoder_1/inst_simple_dual_port_ram_00/ram__D$u12'. (/home/steve/video_streaming_10g_demo_v1.4.1/rtl/lib/common/simple_dual_port_ram.sv:32)
[EFX-0656 WARNING] Optimizing into logic zero initialized read-only memory block 'inst_rd_address_decoder_1/inst_simple_dual_port_ram_00/ram__D$t12'. (/home/steve/video_streaming_10g_demo_v1.4.1/rtl/lib/common/simple_dual_port_ram.sv:32)
[EFX-0656 WARNING] Optimizing into logic zero initialized read-only memory block 'inst_rd_address_decoder_1/inst_simple_dual_port_ram_00/ram__D$s12'. (/home/steve/video_streaming_10g_demo_v1.4.1/rtl/lib/common/simple_dual_port_ram.sv:32)
[EFX-0656 WARNING] Optimizing into logic zero initialized read-only memory block 'inst_rd_address_decoder_1/inst_simple_dual_port_ram_00/ram__D$r12'. (/home/steve/video_streaming_10g_demo_v1.4.1/rtl/lib/common/simple_dual_port_ram.sv:32)
[EFX-0656 WARNING] Optimizing into logic zero initialized read-only memory block 'inst_rd_address_decoder_1/inst_simple_dual_port_ram_00/ram__D$q12'. (/home/steve/video_streaming_10g_demo_v1.4.1/rtl/lib/common/simple_dual_port_ram.sv:32)
[EFX-0656 WARNING] Optimizing into logic zero initialized read-only memory block 'inst_rd_address_decoder_1/inst_simple_dual_port_ram_00/ram__D$p12'. (/home/steve/video_streaming_10g_demo_v1.4.1/rtl/lib/common/simple_dual_port_ram.sv:32)
[EFX-0656 WARNING] Optimizing into logic zero initialized read-only memory block 'inst_rd_address_decoder_1/inst_simple_dual_port_ram_00/ram__D$o12'. (/home/steve/video_streaming_10g_demo_v1.4.1/rtl/lib/common/simple_dual_port_ram.sv:32)
[EFX-0656 WARNING] Optimizing into logic zero initialized read-only memory block 'inst_rd_address_decoder_1/inst_simple_dual_port_ram_00/ram__D$n12'. (/home/steve/video_streaming_10g_demo_v1.4.1/rtl/lib/common/simple_dual_port_ram.sv:32)
[EFX-0656 WARNING] Optimizing into logic zero initialized read-only memory block 'inst_rd_address_decoder_1/inst_simple_dual_port_ram_00/ram__D$m12'. (/home/steve/video_streaming_10g_demo_v1.4.1/rtl/lib/common/simple_dual_port_ram.sv:32)
[EFX-0656 WARNING] Optimizing into logic zero initialized read-only memory block 'inst_rd_address_decoder_1/inst_simple_dual_port_ram_00/ram__D$l12'. (/home/steve/video_streaming_10g_demo_v1.4.1/rtl/lib/common/simple_dual_port_ram.sv:32)
[EFX-0656 WARNING] Optimizing into logic zero initialized read-only memory block 'inst_rd_address_decoder_1/inst_simple_dual_port_ram_00/ram__D$k12'. (/home/steve/video_streaming_10g_demo_v1.4.1/rtl/lib/common/simple_dual_port_ram.sv:32)
[EFX-0656 WARNING] Optimizing into logic zero initialized read-only memory block 'inst_rd_address_decoder_1/inst_simple_dual_port_ram_00/ram__D$j12'. (/home/steve/video_streaming_10g_demo_v1.4.1/rtl/lib/common/simple_dual_port_ram.sv:32)
[EFX-0656 WARNING] Optimizing into logic zero initialized read-only memory block 'inst_rd_address_decoder_1/inst_simple_dual_port_ram_00/ram__D$i12'. (/home/steve/video_streaming_10g_demo_v1.4.1/rtl/lib/common/simple_dual_port_ram.sv:32)
[EFX-0656 WARNING] Optimizing into logic zero initialized read-only memory block 'inst_rd_address_decoder_1/inst_simple_dual_port_ram_00/ram__D$h12'. (/home/steve/video_streaming_10g_demo_v1.4.1/rtl/lib/common/simple_dual_port_ram.sv:32)
[EFX-0656 WARNING] Optimizing into logic zero initialized read-only memory block 'inst_rd_address_decoder_1/inst_simple_dual_port_ram_00/ram__D$g12'. (/home/steve/video_streaming_10g_demo_v1.4.1/rtl/lib/common/simple_dual_port_ram.sv:32)
[EFX-0656 WARNING] Optimizing into logic zero initialized read-only memory block 'inst_rd_address_decoder_1/inst_simple_dual_port_ram_00/ram__D$f12'. (/home/steve/video_streaming_10g_demo_v1.4.1/rtl/lib/common/simple_dual_port_ram.sv:32)
[EFX-0656 WARNING] Optimizing into logic zero initialized read-only memory block 'inst_rd_address_decoder_1/inst_simple_dual_port_ram_00/ram__D$e12'. (/home/steve/video_streaming_10g_demo_v1.4.1/rtl/lib/common/simple_dual_port_ram.sv:32)
[EFX-0656 WARNING] Optimizing into logic zero initialized read-only memory block 'inst_rd_address_decoder_1/inst_simple_dual_port_ram_00/ram__D$d12'. (/home/steve/video_streaming_10g_demo_v1.4.1/rtl/lib/common/simple_dual_port_ram.sv:32)
[EFX-0656 WARNING] Optimizing into logic zero initialized read-only memory block 'inst_rd_address_decoder_1/inst_simple_dual_port_ram_00/ram__D$c12'. (/home/steve/video_streaming_10g_demo_v1.4.1/rtl/lib/common/simple_dual_port_ram.sv:32)
[EFX-0656 WARNING] Optimizing into logic zero initialized read-only memory block 'inst_rd_address_decoder_1/inst_simple_dual_port_ram_00/ram__D$b12'. (/home/steve/video_streaming_10g_demo_v1.4.1/rtl/lib/common/simple_dual_port_ram.sv:32)
[EFX-0656 WARNING] Optimizing into logic zero initialized read-only memory block 'inst_rd_address_decoder_1/inst_simple_dual_port_ram_00/ram__D$12'. (/home/steve/video_streaming_10g_demo_v1.4.1/rtl/lib/common/simple_dual_port_ram.sv:32)
[EFX-0656 WARNING] Optimizing into logic zero initialized read-only memory block 'inst_rd_address_decoder_1/inst_simple_dual_port_ram_00/ram__D$2'. (/home/steve/video_streaming_10g_demo_v1.4.1/rtl/lib/common/simple_dual_port_ram.sv:32)
[EFX-0656 WARNING] Optimizing into logic zero initialized read-only memory block 'inst_frame_buffer_512/inst_wr_address_decoder_1/genblk1[5].inst_pclk_to_axi_buffer/ram__D$1'. (/home/steve/video_streaming_10g_demo_v1.4.1/rtl/lib/common/simple_dual_port_ram.sv:32)
[EFX-0656 WARNING] Optimizing into logic zero initialized read-only memory block 'inst_frame_buffer_512/inst_wr_address_decoder_1/genblk1[5].inst_pclk_to_axi_buffer/ram__D$2'. (/home/steve/video_streaming_10g_demo_v1.4.1/rtl/lib/common/simple_dual_port_ram.sv:32)
[EFX-0656 WARNING] Optimizing into logic zero initialized read-only memory block 'inst_frame_buffer_512/inst_wr_address_decoder_1/genblk1[4].inst_pclk_to_axi_buffer/ram__D$1'. (/home/steve/video_streaming_10g_demo_v1.4.1/rtl/lib/common/simple_dual_port_ram.sv:32)
[EFX-0656 WARNING] Optimizing into logic zero initialized read-only memory block 'inst_frame_buffer_512/inst_wr_address_decoder_1/genblk1[4].inst_pclk_to_axi_buffer/ram__D$2'. (/home/steve/video_streaming_10g_demo_v1.4.1/rtl/lib/common/simple_dual_port_ram.sv:32)
[EFX-0656 WARNING] Optimizing into logic zero initialized read-only memory block 'inst_frame_buffer_512/inst_wr_address_decoder_1/genblk1[3].inst_pclk_to_axi_buffer/ram__D$1'. (/home/steve/video_streaming_10g_demo_v1.4.1/rtl/lib/common/simple_dual_port_ram.sv:32)
[EFX-0656 WARNING] Optimizing into logic zero initialized read-only memory block 'inst_frame_buffer_512/inst_wr_address_decoder_1/genblk1[3].inst_pclk_to_axi_buffer/ram__D$2'. (/home/steve/video_streaming_10g_demo_v1.4.1/rtl/lib/common/simple_dual_port_ram.sv:32)
[EFX-0656 WARNING] Optimizing into logic zero initialized read-only memory block 'inst_frame_buffer_512/inst_wr_address_decoder_1/genblk1[2].inst_pclk_to_axi_buffer/ram__D$1'. (/home/steve/video_streaming_10g_demo_v1.4.1/rtl/lib/common/simple_dual_port_ram.sv:32)
[EFX-0656 WARNING] Optimizing into logic zero initialized read-only memory block 'inst_frame_buffer_512/inst_wr_address_decoder_1/genblk1[2].inst_pclk_to_axi_buffer/ram__D$2'. (/home/steve/video_streaming_10g_demo_v1.4.1/rtl/lib/common/simple_dual_port_ram.sv:32)
[EFX-0656 WARNING] Optimizing into logic zero initialized read-only memory block 'inst_frame_buffer_512/inst_wr_address_decoder_1/genblk1[1].inst_pclk_to_axi_buffer/ram__D$1'. (/home/steve/video_streaming_10g_demo_v1.4.1/rtl/lib/common/simple_dual_port_ram.sv:32)
[EFX-0656 WARNING] Optimizing into logic zero initialized read-only memory block 'inst_frame_buffer_512/inst_wr_address_decoder_1/genblk1[1].inst_pclk_to_axi_buffer/ram__D$2'. (/home/steve/video_streaming_10g_demo_v1.4.1/rtl/lib/common/simple_dual_port_ram.sv:32)
[EFX-0656 WARNING] Optimizing into logic zero initialized read-only memory block 'inst_frame_buffer_512/inst_wr_address_decoder_1/genblk1[0].inst_pclk_to_axi_buffer/ram__D$1'. (/home/steve/video_streaming_10g_demo_v1.4.1/rtl/lib/common/simple_dual_port_ram.sv:32)
[EFX-0656 WARNING] Optimizing into logic zero initialized read-only memory block 'inst_frame_buffer_512/inst_wr_address_decoder_1/genblk1[0].inst_pclk_to_axi_buffer/ram__D$2'. (/home/steve/video_streaming_10g_demo_v1.4.1/rtl/lib/common/simple_dual_port_ram.sv:32)
[EFX-0656 WARNING] Optimizing into logic zero initialized read-only memory block 'inst_frame_buffer_512/inst_wr_address_decoder_1/genblk1[6].inst_pclk_to_axi_buffer/ram__D$2'. (/home/steve/video_streaming_10g_demo_v1.4.1/rtl/lib/common/simple_dual_port_ram.sv:32)
[EFX-0656 WARNING] Optimizing into logic zero initialized read-only memory block 'inst_frame_buffer_512/inst_wr_address_decoder_1/genblk1[6].inst_pclk_to_axi_buffer/ram__D$1'. (/home/steve/video_streaming_10g_demo_v1.4.1/rtl/lib/common/simple_dual_port_ram.sv:32)
[EFX-0656 WARNING] Optimizing into logic zero initialized read-only memory block 'inst_frame_buffer_512/inst_wr_address_decoder_1/genblk1[7].inst_pclk_to_axi_buffer/ram__D$2'. (/home/steve/video_streaming_10g_demo_v1.4.1/rtl/lib/common/simple_dual_port_ram.sv:32)
[EFX-0656 WARNING] Optimizing into logic zero initialized read-only memory block 'inst_frame_buffer_512/inst_wr_address_decoder_1/genblk1[7].inst_pclk_to_axi_buffer/ram__D$1'. (/home/steve/video_streaming_10g_demo_v1.4.1/rtl/lib/common/simple_dual_port_ram.sv:32)
[EFX-0656 WARNING] Optimizing into logic zero initialized read-only memory block 'inst_frame_buffer_512/inst_wr_address_decoder_1/genblk1[8].inst_pclk_to_axi_buffer/ram__D$2'. (/home/steve/video_streaming_10g_demo_v1.4.1/rtl/lib/common/simple_dual_port_ram.sv:32)
[EFX-0656 WARNING] Optimizing into logic zero initialized read-only memory block 'inst_frame_buffer_512/inst_wr_address_decoder_1/genblk1[8].inst_pclk_to_axi_buffer/ram__D$1'. (/home/steve/video_streaming_10g_demo_v1.4.1/rtl/lib/common/simple_dual_port_ram.sv:32)
[EFX-0656 WARNING] Optimizing into logic zero initialized read-only memory block 'inst_frame_buffer_512/inst_wr_address_decoder_1/genblk1[9].inst_pclk_to_axi_buffer/ram__D$2'. (/home/steve/video_streaming_10g_demo_v1.4.1/rtl/lib/common/simple_dual_port_ram.sv:32)
[EFX-0656 WARNING] Optimizing into logic zero initialized read-only memory block 'inst_frame_buffer_512/inst_wr_address_decoder_1/genblk1[9].inst_pclk_to_axi_buffer/ram__D$1'. (/home/steve/video_streaming_10g_demo_v1.4.1/rtl/lib/common/simple_dual_port_ram.sv:32)
[EFX-0656 WARNING] Optimizing into logic zero initialized read-only memory block 'inst_frame_buffer_512/inst_wr_address_decoder_1/genblk1[10].inst_pclk_to_axi_buffer/ram__D$2'. (/home/steve/video_streaming_10g_demo_v1.4.1/rtl/lib/common/simple_dual_port_ram.sv:32)
[EFX-0656 WARNING] Optimizing into logic zero initialized read-only memory block 'inst_frame_buffer_512/inst_wr_address_decoder_1/genblk1[10].inst_pclk_to_axi_buffer/ram__D$1'. (/home/steve/video_streaming_10g_demo_v1.4.1/rtl/lib/common/simple_dual_port_ram.sv:32)
[EFX-0656 WARNING] Optimizing into logic zero initialized read-only memory block 'inst_frame_buffer_512/inst_wr_address_decoder_1/genblk1[11].inst_pclk_to_axi_buffer/ram__D$2'. (/home/steve/video_streaming_10g_demo_v1.4.1/rtl/lib/common/simple_dual_port_ram.sv:32)
[EFX-0656 WARNING] Optimizing into logic zero initialized read-only memory block 'inst_frame_buffer_512/inst_wr_address_decoder_1/genblk1[11].inst_pclk_to_axi_buffer/ram__D$1'. (/home/steve/video_streaming_10g_demo_v1.4.1/rtl/lib/common/simple_dual_port_ram.sv:32)
[EFX-0656 WARNING] Optimizing into logic zero initialized read-only memory block 'inst_frame_buffer_512/inst_wr_address_decoder_1/genblk1[12].inst_pclk_to_axi_buffer/ram__D$2'. (/home/steve/video_streaming_10g_demo_v1.4.1/rtl/lib/common/simple_dual_port_ram.sv:32)
[EFX-0656 WARNING] Optimizing into logic zero initialized read-only memory block 'inst_frame_buffer_512/inst_wr_address_decoder_1/genblk1[12].inst_pclk_to_axi_buffer/ram__D$1'. (/home/steve/video_streaming_10g_demo_v1.4.1/rtl/lib/common/simple_dual_port_ram.sv:32)
[EFX-0656 WARNING] Optimizing into logic zero initialized read-only memory block 'inst_frame_buffer_512/inst_wr_address_decoder_1/genblk1[13].inst_pclk_to_axi_buffer/ram__D$2'. (/home/steve/video_streaming_10g_demo_v1.4.1/rtl/lib/common/simple_dual_port_ram.sv:32)
[EFX-0656 WARNING] Optimizing into logic zero initialized read-only memory block 'inst_frame_buffer_512/inst_wr_address_decoder_1/genblk1[13].inst_pclk_to_axi_buffer/ram__D$1'. (/home/steve/video_streaming_10g_demo_v1.4.1/rtl/lib/common/simple_dual_port_ram.sv:32)
[EFX-0656 WARNING] Optimizing into logic zero initialized read-only memory block 'inst_frame_buffer_512/inst_wr_address_decoder_1/genblk1[14].inst_pclk_to_axi_buffer/ram__D$2'. (/home/steve/video_streaming_10g_demo_v1.4.1/rtl/lib/common/simple_dual_port_ram.sv:32)
[EFX-0656 WARNING] Optimizing into logic zero initialized read-only memory block 'inst_frame_buffer_512/inst_wr_address_decoder_1/genblk1[14].inst_pclk_to_axi_buffer/ram__D$1'. (/home/steve/video_streaming_10g_demo_v1.4.1/rtl/lib/common/simple_dual_port_ram.sv:32)
[EFX-0656 WARNING] Optimizing into logic zero initialized read-only memory block 'inst_frame_buffer_512/inst_wr_address_decoder_1/genblk1[15].inst_pclk_to_axi_buffer/ram__D$2'. (/home/steve/video_streaming_10g_demo_v1.4.1/rtl/lib/common/simple_dual_port_ram.sv:32)
[EFX-0656 WARNING] Optimizing into logic zero initialized read-only memory block 'inst_frame_buffer_512/inst_wr_address_decoder_1/genblk1[15].inst_pclk_to_axi_buffer/ram__D$1'. (/home/steve/video_streaming_10g_demo_v1.4.1/rtl/lib/common/simple_dual_port_ram.sv:32)
[EFX-0657 WARNING] Mapping into logic memory block 'inst_udp_video_generator/inst_frame_buffer_512/inst_Axi4_2x512_1x512_00/io_axim_writeOnly_arbiter/cmdArbiter_io_output_fork_io_outputs_1_translated_fifo/ram' (4 bits) (/home/steve/video_streaming_10g_demo_v1.4.1/rtl/lib/common/frame_buffer_512/Axi4_2x512_1x512.v:1671) because size is too small (<=64)
[EFX-0657 WARNING] Mapping into logic memory block 'debounce_switch_inst/debounce_reg' (16 bits) (/home/steve/video_streaming_10g_demo_v1.4.1/rtl/debounce_switch.v:47) because size is too small (<=64)
[EFX-0657 WARNING] Mapping into logic memory block 'q1_apb_master/rom_mif' (1060 bits) (/home/steve/video_streaming_10g_demo_v1.4.1/rtl/apb_master.sv:49) because read port is not synchronous.
[EFX-0657 WARNING] Mapping into logic memory block 'inst_sapphire/u_EfxSapphireSoc/system_riscvJtag_debug_logic_dm/logic_progbufX_mem' (64 bits) (/home/steve/video_streaming_10g_demo_v1.4.1/fpga/Ti375N1156-DK/ip/sapphire_gen/sapphire_gen.v:10059) because size is too small (<=64)

///////////////////////////////////
// Efinity Synthesis Started 
// Sep 20, 2026 22:37:39
///////////////////////////////////

[EFX-0011 VERI-WARNING] port 'probe22' remains unconnected for this instance (VERI-1927) (/home/steve/video_streaming_10g_demo_v1.4.1/fpga/Ti375N1156-DK/work_dbg/debug_top.v:206)
[EFX-0011 VERI-WARNING] port 'probe1' remains unconnected for this instance (VERI-1927) (/home/steve/video_streaming_10g_demo_v1.4.1/fpga/Ti375N1156-DK/work_dbg/debug_top.v:240)
[EFX-0011 VERI-WARNING] port 'probe1' remains unconnected for this instance (VERI-1927) (/home/steve/video_streaming_10g_demo_v1.4.1/fpga/Ti375N1156-DK/work_dbg/debug_top.v:274)
[EFX-0011 VERI-WARNING] input port 'probe22[0]' remains unconnected for this instance (VDB-1053) (/home/steve/video_streaming_10g_demo_v1.4.1/fpga/Ti375N1156-DK/work_dbg/debug_top.v:164)
[EFX-0011 VERI-WARNING] input port 'probe1[0]' remains unconnected for this instance (VDB-1053) (/home/steve/video_streaming_10g_demo_v1.4.1/fpga/Ti375N1156-DK/work_dbg/debug_top.v:219)
[EFX-0011 VERI-WARNING] input port 'probe1[0]' remains unconnected for this instance (VDB-1053) (/home/steve/video_streaming_10g_demo_v1.4.1/fpga/Ti375N1156-DK/work_dbg/debug_top.v:253)
[EFX-0200 WARNING] Removing redundant signal : compared_in[0]. (/home/steve/video_streaming_10g_demo_v1.4.1/fpga/Ti375N1156-DK/work_dbg/debug_top.v:5651)
[EFX-0200 WARNING] Removing redundant signal : mask_in[0]. (/home/steve/video_streaming_10g_demo_v1.4.1/fpga/Ti375N1156-DK/work_dbg/debug_top.v:5652)
[EFX-0200 WARNING] Removing redundant signal : trigger_in. (/home/steve/video_streaming_10g_demo_v1.4.1/fpga/Ti375N1156-DK/work_dbg/debug_top.v:5862)
[EFX-0200 WARNING] Removing redundant signal : din[72]. (/home/steve/video_streaming_10g_demo_v1.4.1/fpga/Ti375N1156-DK/work_dbg/debug_top.v:4747)
[EFX-0200 WARNING] Removing redundant signal : trig_out. (/home/steve/video_streaming_10g_demo_v1.4.1/fpga/Ti375N1156-DK/work_dbg/debug_top.v:5028)
[EFX-0200 WARNING] Removing redundant signal : trig_out_ack. (/home/steve/video_streaming_10g_demo_v1.4.1/fpga/Ti375N1156-DK/work_dbg/debug_top.v:5029)
[EFX-0200 WARNING] Removing redundant signal : bscan_DRCK. (/home/steve/video_streaming_10g_demo_v1.4.1/fpga/Ti375N1156-DK/work_dbg/debug_top.v:1180)
[EFX-0200 WARNING] Removing redundant signal : bscan_RUNTEST. (/home/steve/video_streaming_10g_demo_v1.4.1/fpga/Ti375N1156-DK/work_dbg/debug_top.v:1182)
[EFX-0200 WARNING] Removing redundant signal : bscan_SEL. (/home/steve/video_streaming_10g_demo_v1.4.1/fpga/Ti375N1156-DK/work_dbg/debug_top.v:1183)
[EFX-0200 WARNING] Removing redundant signal : bscan_TMS. (/home/steve/video_streaming_10g_demo_v1.4.1/fpga/Ti375N1156-DK/work_dbg/debug_top.v:1187)
[EFX-0200 WARNING] Removing redundant signal : trig_in_ack. (/home/steve/video_streaming_10g_demo_v1.4.1/fpga/Ti375N1156-DK/work_dbg/debug_top.v:1198)
[EFX-0200 WARNING] Removing redundant signal : mux_capture_cmp[21]. (/home/steve/video_streaming_10g_demo_v1.4.1/fpga/Ti375N1156-DK/work_dbg/debug_top.v:3612)
[EFX-0200 WARNING] Removing redundant signal : mux_capture_cmp[20]. (/home/steve/video_streaming_10g_demo_v1.4.1/fpga/Ti375N1156-DK/work_dbg/debug_top.v:3612)
[EFX-0200 WARNING] Removing redundant signal : mux_capture_cmp[19]. (/home/steve/video_streaming_10g_demo_v1.4.1/fpga/Ti375N1156-DK/work_dbg/debug_top.v:3612)
[EFX-0200 WARNING] Removing redundant signal : mux_capture_cmp[18]. (/home/steve/video_streaming_10g_demo_v1.4.1/fpga/Ti375N1156-DK/work_dbg/debug_top.v:3612)
[EFX-0200 WARNING] Removing redundant signal : mux_capture_cmp[17]. (/home/steve/video_streaming_10g_demo_v1.4.1/fpga/Ti375N1156-DK/work_dbg/debug_top.v:3612)
[EFX-0200 WARNING] Removing redundant signal : mux_capture_cmp[16]. (/home/steve/video_streaming_10g_demo_v1.4.1/fpga/Ti375N1156-DK/work_dbg/debug_top.v:3612)
[EFX-0200 WARNING] Removing redundant signal : mux_capture_cmp[15]. (/home/steve/video_streaming_10g_demo_v1.4.1/fpga/Ti375N1156-DK/work_dbg/debug_top.v:3612)
[EFX-0200 WARNING] Removing redundant signal : mux_capture_cmp[14]. (/home/steve/video_streaming_10g_demo_v1.4.1/fpga/Ti375N1156-DK/work_dbg/debug_top.v:3612)
[EFX-0200 WARNING] Removing redundant signal : mux_capture_cmp[13]. (/home/steve/video_streaming_10g_demo_v1.4.1/fpga/Ti375N1156-DK/work_dbg/debug_top.v:3612)
[EFX-0201 WARNING] Re-wiring to GND non-driven net 'la0.probe22[0]'. (/home/steve/video_streaming_10g_demo_v1.4.1/fpga/Ti375N1156-DK/work_dbg/debug_top.v:164)
[EFX-0201 WARNING] Re-wiring to GND non-driven net 'la0.probe23[0]'. (/home/steve/video_streaming_10g_demo_v1.4.1/fpga/Ti375N1156-DK/work_dbg/debug_top.v:164)
[EFX-0201 WARNING] Re-wiring to GND non-driven net 'la0.probe24[0]'. (/home/steve/video_streaming_10g_demo_v1.4.1/fpga/Ti375N1156-DK/work_dbg/debug_top.v:164)
[EFX-0201 WARNING] Re-wiring to GND non-driven net 'la0.probe25[0]'. (/home/steve/video_streaming_10g_demo_v1.4.1/fpga/Ti375N1156-DK/work_dbg/debug_top.v:164)
[EFX-0201 WARNING] Re-wiring to GND non-driven net 'la0.probe26[0]'. (/home/steve/video_streaming_10g_demo_v1.4.1/fpga/Ti375N1156-DK/work_dbg/debug_top.v:164)
[EFX-0201 WARNING] Re-wiring to GND non-driven net 'la0.probe27[0]'. (/home/steve/video_streaming_10g_demo_v1.4.1/fpga/Ti375N1156-DK/work_dbg/debug_top.v:164)
[EFX-0201 WARNING] Re-wiring to GND non-driven net 'la0.probe28[0]'. (/home/steve/video_streaming_10g_demo_v1.4.1/fpga/Ti375N1156-DK/work_dbg/debug_top.v:164)
[EFX-0201 WARNING] Re-wiring to GND non-driven net 'la0.probe29[0]'. (/home/steve/video_streaming_10g_demo_v1.4.1/fpga/Ti375N1156-DK/work_dbg/debug_top.v:164)
[EFX-0201 WARNING] Re-wiring to GND non-driven net 'la0.probe30[0]'. (/home/steve/video_streaming_10g_demo_v1.4.1/fpga/Ti375N1156-DK/work_dbg/debug_top.v:164)
[EFX-0201 WARNING] Re-wiring to GND non-driven net 'la0.probe31[0]'. (/home/steve/video_streaming_10g_demo_v1.4.1/fpga/Ti375N1156-DK/work_dbg/debug_top.v:164)
[EFX-0011 VERI-WARNING] Input/inout port bscan_DRCK is unconnected and will be removed. (VDB-8003) (/home/steve/video_streaming_10g_demo_v1.4.1/fpga/Ti375N1156-DK/work_dbg/debug_top.v:13)
[EFX-0011 VERI-WARNING] Input/inout port bscan_RUNTEST is unconnected and will be removed. (VDB-8003) (/home/steve/video_streaming_10g_demo_v1.4.1/fpga/Ti375N1156-DK/work_dbg/debug_top.v:15)
[EFX-0011 VERI-WARNING] Input/inout port bscan_TMS is unconnected and will be removed. (VDB-8003) (/home/steve/video_streaming_10g_demo_v1.4.1/fpga/Ti375N1156-DK/work_dbg/debug_top.v:20)

///////////////////////////////////
// Efinity Synthesis Started 
// Sep 20, 2026 22:38:48
///////////////////////////////////

[EFX-0256 WARNING] The primary output port 'sfp0_PMA_TX_ELEC_IDLE' wire 'sfp0_PMA_TX_ELEC_IDLE' is not driven.
[EFX-0256 WARNING] The primary output port 'sfp0_ETH_EEE_ALERT_EN' wire 'sfp0_ETH_EEE_ALERT_EN' is not driven.
[EFX-0200 WARNING] Removing redundant signal : k[31]. (/home/steve/video_streaming_10g_demo_v1.4.1/rtl/debounce_switch.v:56)
[EFX-0200 WARNING] Removing redundant signal : k[30]. (/home/steve/video_streaming_10g_demo_v1.4.1/rtl/debounce_switch.v:56)
[EFX-0200 WARNING] Removing redundant signal : k[29]. (/home/steve/video_streaming_10g_demo_v1.4.1/rtl/debounce_switch.v:56)
[EFX-0200 WARNING] Removing redundant signal : k[28]. (/home/steve/video_streaming_10g_demo_v1.4.1/rtl/debounce_switch.v:56)
[EFX-0200 WARNING] Removing redundant signal : k[27]. (/home/steve/video_streaming_10g_demo_v1.4.1/rtl/debounce_switch.v:56)
[EFX-0200 WARNING] Removing redundant signal : k[26]. (/home/steve/video_streaming_10g_demo_v1.4.1/rtl/debounce_switch.v:56)
[EFX-0200 WARNING] Removing redundant signal : k[25]. (/home/steve/video_streaming_10g_demo_v1.4.1/rtl/debounce_switch.v:56)
[EFX-0200 WARNING] Removing redundant signal : k[24]. (/home/steve/video_streaming_10g_demo_v1.4.1/rtl/debounce_switch.v:56)
[EFX-0200 WARNING] Removing redundant signal : k[23]. (/home/steve/video_streaming_10g_demo_v1.4.1/rtl/debounce_switch.v:56)
[EFX-0200 WARNING] Removing redundant signal : k[22]. (/home/steve/video_streaming_10g_demo_v1.4.1/rtl/debounce_switch.v:56)
[EFX-0200 WARNING] Removing redundant signal : k[21]. (/home/steve/video_streaming_10g_demo_v1.4.1/rtl/debounce_switch.v:56)
[EFX-0200 WARNING] Removing redundant signal : k[20]. (/home/steve/video_streaming_10g_demo_v1.4.1/rtl/debounce_switch.v:56)
[EFX-0200 WARNING] Removing redundant signal : k[19]. (/home/steve/video_streaming_10g_demo_v1.4.1/rtl/debounce_switch.v:56)
[EFX-0200 WARNING] Removing redundant signal : k[18]. (/home/steve/video_streaming_10g_demo_v1.4.1/rtl/debounce_switch.v:56)
[EFX-0200 WARNING] Removing redundant signal : k[17]. (/home/steve/video_streaming_10g_demo_v1.4.1/rtl/debounce_switch.v:56)
[EFX-0200 WARNING] Removing redundant signal : k[16]. (/home/steve/video_streaming_10g_demo_v1.4.1/rtl/debounce_switch.v:56)
[EFX-0200 WARNING] Removing redundant signal : k[15]. (/home/steve/video_streaming_10g_demo_v1.4.1/rtl/debounce_switch.v:56)
[EFX-0200 WARNING] Removing redundant signal : k[14]. (/home/steve/video_streaming_10g_demo_v1.4.1/rtl/debounce_switch.v:56)
[EFX-0200 WARNING] Removing redundant signal : k[13]. (/home/steve/video_streaming_10g_demo_v1.4.1/rtl/debounce_switch.v:56)
[EFX-0200 WARNING] Removing redundant signal : k[12]. (/home/steve/video_streaming_10g_demo_v1.4.1/rtl/debounce_switch.v:56)
[EFX-0201 WARNING] Re-wiring to GND non-driven net 'IBusCachedPlugin_cache_io_cpu_fetch_isRemoved'. (/home/steve/video_streaming_10g_demo_v1.4.1/fpga/Ti375N1156-DK/ip/sapphire_gen/sapphire_gen.v:10942)
[EFX-0201 WARNING] Re-wiring to GND non-driven net 'dataCache_1_io_cpu_writeBack_fence_SW'. (/home/steve/video_streaming_10g_demo_v1.4.1/fpga/Ti375N1156-DK/ip/sapphire_gen/sapphire_gen.v:10955)
[EFX-0201 WARNING] Re-wiring to GND non-driven net 'dataCache_1_io_cpu_writeBack_fence_SR'. (/home/steve/video_streaming_10g_demo_v1.4.1/fpga/Ti375N1156-DK/ip/sapphire_gen/sapphire_gen.v:10956)
[EFX-0201 WARNING] Re-wiring to GND non-driven net 'dataCache_1_io_cpu_writeBack_fence_SO'. (/home/steve/video_streaming_10g_demo_v1.4.1/fpga/Ti375N1156-DK/ip/sapphire_gen/sapphire_gen.v:10957)
[EFX-0201 WARNING] Re-wiring to GND non-driven net 'dataCache_1_io_cpu_writeBack_fence_SI'. (/home/steve/video_streaming_10g_demo_v1.4.1/fpga/Ti375N1156-DK/ip/sapphire_gen/sapphire_gen.v:10958)
[EFX-0201 WARNING] Re-wiring to GND non-driven net 'dataCache_1_io_cpu_writeBack_fence_PW'. (/home/steve/video_streaming_10g_demo_v1.4.1/fpga/Ti375N1156-DK/ip/sapphire_gen/sapphire_gen.v:10959)
[EFX-0201 WARNING] Re-wiring to GND non-driven net 'dataCache_1_io_cpu_writeBack_fence_PR'. (/home/steve/video_streaming_10g_demo_v1.4.1/fpga/Ti375N1156-DK/ip/sapphire_gen/sapphire_gen.v:10960)
[EFX-0201 WARNING] Re-wiring to GND non-driven net 'dataCache_1_io_cpu_writeBack_fence_PO'. (/home/steve/video_streaming_10g_demo_v1.4.1/fpga/Ti375N1156-DK/ip/sapphire_gen/sapphire_gen.v:10961)
[EFX-0201 WARNING] Re-wiring to GND non-driven net 'dataCache_1_io_cpu_writeBack_fence_PI'. (/home/steve/video_streaming_10g_demo_v1.4.1/fpga/Ti375N1156-DK/ip/sapphire_gen/sapphire_gen.v:10962)
[EFX-0201 WARNING] Re-wiring to GND non-driven net 'dataCache_1_io_cpu_writeBack_fence_FM[3]'. (/home/steve/video_streaming_10g_demo_v1.4.1/fpga/Ti375N1156-DK/ip/sapphire_gen/sapphire_gen.v:10963)
[EFX-0656 WARNING] Optimizing into logic zero initialized read-only memory block 'inst_rd_address_decoder_1/inst_simple_dual_port_ram_00/ram__D$y1'. (/home/steve/video_streaming_10g_demo_v1.4.1/rtl/lib/common/simple_dual_port_ram.sv:32)
[EFX-0656 WARNING] Optimizing into logic zero initialized read-only memory block 'inst_rd_address_decoder_1/inst_simple_dual_port_ram_00/ram__D$x12'. (/home/steve/video_streaming_10g_demo_v1.4.1/rtl/lib/common/simple_dual_port_ram.sv:32)
[EFX-0656 WARNING] Optimizing into logic zero initialized read-only memory block 'inst_rd_address_decoder_1/inst_simple_dual_port_ram_00/ram__D$w12'. (/home/steve/video_streaming_10g_demo_v1.4.1/rtl/lib/common/simple_dual_port_ram.sv:32)
[EFX-0656 WARNING] Optimizing into logic zero initialized read-only memory block 'inst_rd_address_decoder_1/inst_simple_dual_port_ram_00/ram__D$v12'. (/home/steve/video_streaming_10g_demo_v1.4.1/rtl/lib/common/simple_dual_port_ram.sv:32)
[EFX-0656 WARNING] Optimizing into logic zero initialized read-only memory block 'inst_rd_address_decoder_1/inst_simple_dual_port_ram_00/ram__D$u12'. (/home/steve/video_streaming_10g_demo_v1.4.1/rtl/lib/common/simple_dual_port_ram.sv:32)
[EFX-0656 WARNING] Optimizing into logic zero initialized read-only memory block 'inst_rd_address_decoder_1/inst_simple_dual_port_ram_00/ram__D$t12'. (/home/steve/video_streaming_10g_demo_v1.4.1/rtl/lib/common/simple_dual_port_ram.sv:32)
[EFX-0656 WARNING] Optimizing into logic zero initialized read-only memory block 'inst_rd_address_decoder_1/inst_simple_dual_port_ram_00/ram__D$s12'. (/home/steve/video_streaming_10g_demo_v1.4.1/rtl/lib/common/simple_dual_port_ram.sv:32)
[EFX-0656 WARNING] Optimizing into logic zero initialized read-only memory block 'inst_rd_address_decoder_1/inst_simple_dual_port_ram_00/ram__D$r12'. (/home/steve/video_streaming_10g_demo_v1.4.1/rtl/lib/common/simple_dual_port_ram.sv:32)
[EFX-0656 WARNING] Optimizing into logic zero initialized read-only memory block 'inst_rd_address_decoder_1/inst_simple_dual_port_ram_00/ram__D$q12'. (/home/steve/video_streaming_10g_demo_v1.4.1/rtl/lib/common/simple_dual_port_ram.sv:32)
[EFX-0656 WARNING] Optimizing into logic zero initialized read-only memory block 'inst_rd_address_decoder_1/inst_simple_dual_port_ram_00/ram__D$p12'. (/home/steve/video_streaming_10g_demo_v1.4.1/rtl/lib/common/simple_dual_port_ram.sv:32)
[EFX-0656 WARNING] Optimizing into logic zero initialized read-only memory block 'inst_rd_address_decoder_1/inst_simple_dual_port_ram_00/ram__D$o12'. (/home/steve/video_streaming_10g_demo_v1.4.1/rtl/lib/common/simple_dual_port_ram.sv:32)
[EFX-0656 WARNING] Optimizing into logic zero initialized read-only memory block 'inst_rd_address_decoder_1/inst_simple_dual_port_ram_00/ram__D$n12'. (/home/steve/video_streaming_10g_demo_v1.4.1/rtl/lib/common/simple_dual_port_ram.sv:32)
[EFX-0656 WARNING] Optimizing into logic zero initialized read-only memory block 'inst_rd_address_decoder_1/inst_simple_dual_port_ram_00/ram__D$m12'. (/home/steve/video_streaming_10g_demo_v1.4.1/rtl/lib/common/simple_dual_port_ram.sv:32)
[EFX-0656 WARNING] Optimizing into logic zero initialized read-only memory block 'inst_rd_address_decoder_1/inst_simple_dual_port_ram_00/ram__D$l12'. (/home/steve/video_streaming_10g_demo_v1.4.1/rtl/lib/common/simple_dual_port_ram.sv:32)
[EFX-0656 WARNING] Optimizing into logic zero initialized read-only memory block 'inst_rd_address_decoder_1/inst_simple_dual_port_ram_00/ram__D$k12'. (/home/steve/video_streaming_10g_demo_v1.4.1/rtl/lib/common/simple_dual_port_ram.sv:32)
[EFX-0656 WARNING] Optimizing into logic zero initialized read-only memory block 'inst_rd_address_decoder_1/inst_simple_dual_port_ram_00/ram__D$j12'. (/home/steve/video_streaming_10g_demo_v1.4.1/rtl/lib/common/simple_dual_port_ram.sv:32)
[EFX-0656 WARNING] Optimizing into logic zero initialized read-only memory block 'inst_rd_address_decoder_1/inst_simple_dual_port_ram_00/ram__D$i12'. (/home/steve/video_streaming_10g_demo_v1.4.1/rtl/lib/common/simple_dual_port_ram.sv:32)
[EFX-0656 WARNING] Optimizing into logic zero initialized read-only memory block 'inst_rd_address_decoder_1/inst_simple_dual_port_ram_00/ram__D$h12'. (/home/steve/video_streaming_10g_demo_v1.4.1/rtl/lib/common/simple_dual_port_ram.sv:32)
[EFX-0656 WARNING] Optimizing into logic zero initialized read-only memory block 'inst_rd_address_decoder_1/inst_simple_dual_port_ram_00/ram__D$g12'. (/home/steve/video_streaming_10g_demo_v1.4.1/rtl/lib/common/simple_dual_port_ram.sv:32)
[EFX-0656 WARNING] Optimizing into logic zero initialized read-only memory block 'inst_rd_address_decoder_1/inst_simple_dual_port_ram_00/ram__D$f12'. (/home/steve/video_streaming_10g_demo_v1.4.1/rtl/lib/common/simple_dual_port_ram.sv:32)
[EFX-0656 WARNING] Optimizing into logic zero initialized read-only memory block 'inst_rd_address_decoder_1/inst_simple_dual_port_ram_00/ram__D$e12'. (/home/steve/video_streaming_10g_demo_v1.4.1/rtl/lib/common/simple_dual_port_ram.sv:32)
[EFX-0656 WARNING] Optimizing into logic zero initialized read-only memory block 'inst_rd_address_decoder_1/inst_simple_dual_port_ram_00/ram__D$d12'. (/home/steve/video_streaming_10g_demo_v1.4.1/rtl/lib/common/simple_dual_port_ram.sv:32)
[EFX-0656 WARNING] Optimizing into logic zero initialized read-only memory block 'inst_rd_address_decoder_1/inst_simple_dual_port_ram_00/ram__D$c12'. (/home/steve/video_streaming_10g_demo_v1.4.1/rtl/lib/common/simple_dual_port_ram.sv:32)
[EFX-0656 WARNING] Optimizing into logic zero initialized read-only memory block 'inst_rd_address_decoder_1/inst_simple_dual_port_ram_00/ram__D$b12'. (/home/steve/video_streaming_10g_demo_v1.4.1/rtl/lib/common/simple_dual_port_ram.sv:32)
[EFX-0656 WARNING] Optimizing into logic zero initialized read-only memory block 'inst_rd_address_decoder_1/inst_simple_dual_port_ram_00/ram__D$12'. (/home/steve/video_streaming_10g_demo_v1.4.1/rtl/lib/common/simple_dual_port_ram.sv:32)
[EFX-0656 WARNING] Optimizing into logic zero initialized read-only memory block 'inst_rd_address_decoder_1/inst_simple_dual_port_ram_00/ram__D$2'. (/home/steve/video_streaming_10g_demo_v1.4.1/rtl/lib/common/simple_dual_port_ram.sv:32)
[EFX-0656 WARNING] Optimizing into logic zero initialized read-only memory block 'inst_frame_buffer_512/inst_wr_address_decoder_1/genblk1[5].inst_pclk_to_axi_buffer/ram__D$1'. (/home/steve/video_streaming_10g_demo_v1.4.1/rtl/lib/common/simple_dual_port_ram.sv:32)
[EFX-0656 WARNING] Optimizing into logic zero initialized read-only memory block 'inst_frame_buffer_512/inst_wr_address_decoder_1/genblk1[5].inst_pclk_to_axi_buffer/ram__D$2'. (/home/steve/video_streaming_10g_demo_v1.4.1/rtl/lib/common/simple_dual_port_ram.sv:32)
[EFX-0656 WARNING] Optimizing into logic zero initialized read-only memory block 'inst_frame_buffer_512/inst_wr_address_decoder_1/genblk1[4].inst_pclk_to_axi_buffer/ram__D$1'. (/home/steve/video_streaming_10g_demo_v1.4.1/rtl/lib/common/simple_dual_port_ram.sv:32)
[EFX-0656 WARNING] Optimizing into logic zero initialized read-only memory block 'inst_frame_buffer_512/inst_wr_address_decoder_1/genblk1[4].inst_pclk_to_axi_buffer/ram__D$2'. (/home/steve/video_streaming_10g_demo_v1.4.1/rtl/lib/common/simple_dual_port_ram.sv:32)
[EFX-0656 WARNING] Optimizing into logic zero initialized read-only memory block 'inst_frame_buffer_512/inst_wr_address_decoder_1/genblk1[3].inst_pclk_to_axi_buffer/ram__D$1'. (/home/steve/video_streaming_10g_demo_v1.4.1/rtl/lib/common/simple_dual_port_ram.sv:32)
[EFX-0656 WARNING] Optimizing into logic zero initialized read-only memory block 'inst_frame_buffer_512/inst_wr_address_decoder_1/genblk1[3].inst_pclk_to_axi_buffer/ram__D$2'. (/home/steve/video_streaming_10g_demo_v1.4.1/rtl/lib/common/simple_dual_port_ram.sv:32)
[EFX-0656 WARNING] Optimizing into logic zero initialized read-only memory block 'inst_frame_buffer_512/inst_wr_address_decoder_1/genblk1[2].inst_pclk_to_axi_buffer/ram__D$1'. (/home/steve/video_streaming_10g_demo_v1.4.1/rtl/lib/common/simple_dual_port_ram.sv:32)
[EFX-0656 WARNING] Optimizing into logic zero initialized read-only memory block 'inst_frame_buffer_512/inst_wr_address_decoder_1/genblk1[2].inst_pclk_to_axi_buffer/ram__D$2'. (/home/steve/video_streaming_10g_demo_v1.4.1/rtl/lib/common/simple_dual_port_ram.sv:32)
[EFX-0656 WARNING] Optimizing into logic zero initialized read-only memory block 'inst_frame_buffer_512/inst_wr_address_decoder_1/genblk1[1].inst_pclk_to_axi_buffer/ram__D$1'. (/home/steve/video_streaming_10g_demo_v1.4.1/rtl/lib/common/simple_dual_port_ram.sv:32)
[EFX-0656 WARNING] Optimizing into logic zero initialized read-only memory block 'inst_frame_buffer_512/inst_wr_address_decoder_1/genblk1[1].inst_pclk_to_axi_buffer/ram__D$2'. (/home/steve/video_streaming_10g_demo_v1.4.1/rtl/lib/common/simple_dual_port_ram.sv:32)
[EFX-0656 WARNING] Optimizing into logic zero initialized read-only memory block 'inst_frame_buffer_512/inst_wr_address_decoder_1/genblk1[0].inst_pclk_to_axi_buffer/ram__D$1'. (/home/steve/video_streaming_10g_demo_v1.4.1/rtl/lib/common/simple_dual_port_ram.sv:32)
[EFX-0656 WARNING] Optimizing into logic zero initialized read-only memory block 'inst_frame_buffer_512/inst_wr_address_decoder_1/genblk1[0].inst_pclk_to_axi_buffer/ram__D$2'. (/home/steve/video_streaming_10g_demo_v1.4.1/rtl/lib/common/simple_dual_port_ram.sv:32)
[EFX-0656 WARNING] Optimizing into logic zero initialized read-only memory block 'inst_frame_buffer_512/inst_wr_address_decoder_1/genblk1[6].inst_pclk_to_axi_buffer/ram__D$2'. (/home/steve/video_streaming_10g_demo_v1.4.1/rtl/lib/common/simple_dual_port_ram.sv:32)
[EFX-0656 WARNING] Optimizing into logic zero initialized read-only memory block 'inst_frame_buffer_512/inst_wr_address_decoder_1/genblk1[6].inst_pclk_to_axi_buffer/ram__D$1'. (/home/steve/video_streaming_10g_demo_v1.4.1/rtl/lib/common/simple_dual_port_ram.sv:32)
[EFX-0656 WARNING] Optimizing into logic zero initialized read-only memory block 'inst_frame_buffer_512/inst_wr_address_decoder_1/genblk1[7].inst_pclk_to_axi_buffer/ram__D$2'. (/home/steve/video_streaming_10g_demo_v1.4.1/rtl/lib/common/simple_dual_port_ram.sv:32)
[EFX-0656 WARNING] Optimizing into logic zero initialized read-only memory block 'inst_frame_buffer_512/inst_wr_address_decoder_1/genblk1[7].inst_pclk_to_axi_buffer/ram__D$1'. (/home/steve/video_streaming_10g_demo_v1.4.1/rtl/lib/common/simple_dual_port_ram.sv:32)
[EFX-0656 WARNING] Optimizing into logic zero initialized read-only memory block 'inst_frame_buffer_512/inst_wr_address_decoder_1/genblk1[8].inst_pclk_to_axi_buffer/ram__D$2'. (/home/steve/video_streaming_10g_demo_v1.4.1/rtl/lib/common/simple_dual_port_ram.sv:32)
[EFX-0656 WARNING] Optimizing into logic zero initialized read-only memory block 'inst_frame_buffer_512/inst_wr_address_decoder_1/genblk1[8].inst_pclk_to_axi_buffer/ram__D$1'. (/home/steve/video_streaming_10g_demo_v1.4.1/rtl/lib/common/simple_dual_port_ram.sv:32)
[EFX-0656 WARNING] Optimizing into logic zero initialized read-only memory block 'inst_frame_buffer_512/inst_wr_address_decoder_1/genblk1[9].inst_pclk_to_axi_buffer/ram__D$2'. (/home/steve/video_streaming_10g_demo_v1.4.1/rtl/lib/common/simple_dual_port_ram.sv:32)
[EFX-0656 WARNING] Optimizing into logic zero initialized read-only memory block 'inst_frame_buffer_512/inst_wr_address_decoder_1/genblk1[9].inst_pclk_to_axi_buffer/ram__D$1'. (/home/steve/video_streaming_10g_demo_v1.4.1/rtl/lib/common/simple_dual_port_ram.sv:32)
[EFX-0656 WARNING] Optimizing into logic zero initialized read-only memory block 'inst_frame_buffer_512/inst_wr_address_decoder_1/genblk1[10].inst_pclk_to_axi_buffer/ram__D$2'. (/home/steve/video_streaming_10g_demo_v1.4.1/rtl/lib/common/simple_dual_port_ram.sv:32)
[EFX-0656 WARNING] Optimizing into logic zero initialized read-only memory block 'inst_frame_buffer_512/inst_wr_address_decoder_1/genblk1[10].inst_pclk_to_axi_buffer/ram__D$1'. (/home/steve/video_streaming_10g_demo_v1.4.1/rtl/lib/common/simple_dual_port_ram.sv:32)
[EFX-0656 WARNING] Optimizing into logic zero initialized read-only memory block 'inst_frame_buffer_512/inst_wr_address_decoder_1/genblk1[11].inst_pclk_to_axi_buffer/ram__D$2'. (/home/steve/video_streaming_10g_demo_v1.4.1/rtl/lib/common/simple_dual_port_ram.sv:32)
[EFX-0656 WARNING] Optimizing into logic zero initialized read-only memory block 'inst_frame_buffer_512/inst_wr_address_decoder_1/genblk1[11].inst_pclk_to_axi_buffer/ram__D$1'. (/home/steve/video_streaming_10g_demo_v1.4.1/rtl/lib/common/simple_dual_port_ram.sv:32)
[EFX-0656 WARNING] Optimizing into logic zero initialized read-only memory block 'inst_frame_buffer_512/inst_wr_address_decoder_1/genblk1[12].inst_pclk_to_axi_buffer/ram__D$2'. (/home/steve/video_streaming_10g_demo_v1.4.1/rtl/lib/common/simple_dual_port_ram.sv:32)
[EFX-0656 WARNING] Optimizing into logic zero initialized read-only memory block 'inst_frame_buffer_512/inst_wr_address_decoder_1/genblk1[12].inst_pclk_to_axi_buffer/ram__D$1'. (/home/steve/video_streaming_10g_demo_v1.4.1/rtl/lib/common/simple_dual_port_ram.sv:32)
[EFX-0656 WARNING] Optimizing into logic zero initialized read-only memory block 'inst_frame_buffer_512/inst_wr_address_decoder_1/genblk1[13].inst_pclk_to_axi_buffer/ram__D$2'. (/home/steve/video_streaming_10g_demo_v1.4.1/rtl/lib/common/simple_dual_port_ram.sv:32)
[EFX-0656 WARNING] Optimizing into logic zero initialized read-only memory block 'inst_frame_buffer_512/inst_wr_address_decoder_1/genblk1[13].inst_pclk_to_axi_buffer/ram__D$1'. (/home/steve/video_streaming_10g_demo_v1.4.1/rtl/lib/common/simple_dual_port_ram.sv:32)
[EFX-0656 WARNING] Optimizing into logic zero initialized read-only memory block 'inst_frame_buffer_512/inst_wr_address_decoder_1/genblk1[14].inst_pclk_to_axi_buffer/ram__D$2'. (/home/steve/video_streaming_10g_demo_v1.4.1/rtl/lib/common/simple_dual_port_ram.sv:32)
[EFX-0656 WARNING] Optimizing into logic zero initialized read-only memory block 'inst_frame_buffer_512/inst_wr_address_decoder_1/genblk1[14].inst_pclk_to_axi_buffer/ram__D$1'. (/home/steve/video_streaming_10g_demo_v1.4.1/rtl/lib/common/simple_dual_port_ram.sv:32)
[EFX-0656 WARNING] Optimizing into logic zero initialized read-only memory block 'inst_frame_buffer_512/inst_wr_address_decoder_1/genblk1[15].inst_pclk_to_axi_buffer/ram__D$2'. (/home/steve/video_streaming_10g_demo_v1.4.1/rtl/lib/common/simple_dual_port_ram.sv:32)
[EFX-0656 WARNING] Optimizing into logic zero initialized read-only memory block 'inst_frame_buffer_512/inst_wr_address_decoder_1/genblk1[15].inst_pclk_to_axi_buffer/ram__D$1'. (/home/steve/video_streaming_10g_demo_v1.4.1/rtl/lib/common/simple_dual_port_ram.sv:32)
[EFX-0657 WARNING] Mapping into logic memory block 'inst_udp_video_generator/inst_frame_buffer_512/inst_Axi4_2x512_1x512_00/io_axim_writeOnly_arbiter/cmdArbiter_io_output_fork_io_outputs_1_translated_fifo/ram' (4 bits) (/home/steve/video_streaming_10g_demo_v1.4.1/rtl/lib/common/frame_buffer_512/Axi4_2x512_1x512.v:1671) because size is too small (<=64)
[EFX-0657 WARNING] Mapping into logic memory block 'debounce_switch_inst/debounce_reg' (16 bits) (/home/steve/video_streaming_10g_demo_v1.4.1/rtl/debounce_switch.v:47) because size is too small (<=64)
[EFX-0657 WARNING] Mapping into logic memory block 'q1_apb_master/rom_mif' (1060 bits) (/home/steve/video_streaming_10g_demo_v1.4.1/rtl/apb_master.sv:49) because read port is not synchronous.
[EFX-0657 WARNING] Mapping into logic memory block 'inst_sapphire/u_EfxSapphireSoc/system_riscvJtag_debug_logic_dm/logic_progbufX_mem' (64 bits) (/home/steve/video_streaming_10g_demo_v1.4.1/fpga/Ti375N1156-DK/ip/sapphire_gen/sapphire_gen.v:10059) because size is too small (<=64)

///////////////////////////////////
// Efinity Synthesis Started 
// Sep 21, 2026 18:59:13
///////////////////////////////////

[EFX-0011 VERI-WARNING] port 'probe22' remains unconnected for this instance (VERI-1927) (/home/steve/video_streaming_10g_demo_v1.4.1/fpga/Ti375N1156-DK/work_dbg/debug_top.v:206)
[EFX-0011 VERI-WARNING] port 'probe1' remains unconnected for this instance (VERI-1927) (/home/steve/video_streaming_10g_demo_v1.4.1/fpga/Ti375N1156-DK/work_dbg/debug_top.v:240)
[EFX-0011 VERI-WARNING] port 'probe1' remains unconnected for this instance (VERI-1927) (/home/steve/video_streaming_10g_demo_v1.4.1/fpga/Ti375N1156-DK/work_dbg/debug_top.v:274)
[EFX-0011 VERI-WARNING] input port 'probe22[0]' remains unconnected for this instance (VDB-1053) (/home/steve/video_streaming_10g_demo_v1.4.1/fpga/Ti375N1156-DK/work_dbg/debug_top.v:164)
[EFX-0011 VERI-WARNING] input port 'probe1[0]' remains unconnected for this instance (VDB-1053) (/home/steve/video_streaming_10g_demo_v1.4.1/fpga/Ti375N1156-DK/work_dbg/debug_top.v:219)
[EFX-0011 VERI-WARNING] input port 'probe1[0]' remains unconnected for this instance (VDB-1053) (/home/steve/video_streaming_10g_demo_v1.4.1/fpga/Ti375N1156-DK/work_dbg/debug_top.v:253)
[EFX-0200 WARNING] Removing redundant signal : compared_in[0]. (/home/steve/video_streaming_10g_demo_v1.4.1/fpga/Ti375N1156-DK/work_dbg/debug_top.v:5651)
[EFX-0200 WARNING] Removing redundant signal : mask_in[0]. (/home/steve/video_streaming_10g_demo_v1.4.1/fpga/Ti375N1156-DK/work_dbg/debug_top.v:5652)
[EFX-0200 WARNING] Removing redundant signal : trigger_in. (/home/steve/video_streaming_10g_demo_v1.4.1/fpga/Ti375N1156-DK/work_dbg/debug_top.v:5862)
[EFX-0200 WARNING] Removing redundant signal : din[72]. (/home/steve/video_streaming_10g_demo_v1.4.1/fpga/Ti375N1156-DK/work_dbg/debug_top.v:4747)
[EFX-0200 WARNING] Removing redundant signal : trig_out. (/home/steve/video_streaming_10g_demo_v1.4.1/fpga/Ti375N1156-DK/work_dbg/debug_top.v:5028)
[EFX-0200 WARNING] Removing redundant signal : trig_out_ack. (/home/steve/video_streaming_10g_demo_v1.4.1/fpga/Ti375N1156-DK/work_dbg/debug_top.v:5029)
[EFX-0200 WARNING] Removing redundant signal : bscan_DRCK. (/home/steve/video_streaming_10g_demo_v1.4.1/fpga/Ti375N1156-DK/work_dbg/debug_top.v:1180)
[EFX-0200 WARNING] Removing redundant signal : bscan_RUNTEST. (/home/steve/video_streaming_10g_demo_v1.4.1/fpga/Ti375N1156-DK/work_dbg/debug_top.v:1182)
[EFX-0200 WARNING] Removing redundant signal : bscan_SEL. (/home/steve/video_streaming_10g_demo_v1.4.1/fpga/Ti375N1156-DK/work_dbg/debug_top.v:1183)
[EFX-0200 WARNING] Removing redundant signal : bscan_TMS. (/home/steve/video_streaming_10g_demo_v1.4.1/fpga/Ti375N1156-DK/work_dbg/debug_top.v:1187)
[EFX-0200 WARNING] Removing redundant signal : trig_in_ack. (/home/steve/video_streaming_10g_demo_v1.4.1/fpga/Ti375N1156-DK/work_dbg/debug_top.v:1198)
[EFX-0200 WARNING] Removing redundant signal : mux_capture_cmp[21]. (/home/steve/video_streaming_10g_demo_v1.4.1/fpga/Ti375N1156-DK/work_dbg/debug_top.v:3612)
[EFX-0200 WARNING] Removing redundant signal : mux_capture_cmp[20]. (/home/steve/video_streaming_10g_demo_v1.4.1/fpga/Ti375N1156-DK/work_dbg/debug_top.v:3612)
[EFX-0200 WARNING] Removing redundant signal : mux_capture_cmp[19]. (/home/steve/video_streaming_10g_demo_v1.4.1/fpga/Ti375N1156-DK/work_dbg/debug_top.v:3612)
[EFX-0200 WARNING] Removing redundant signal : mux_capture_cmp[18]. (/home/steve/video_streaming_10g_demo_v1.4.1/fpga/Ti375N1156-DK/work_dbg/debug_top.v:3612)
[EFX-0200 WARNING] Removing redundant signal : mux_capture_cmp[17]. (/home/steve/video_streaming_10g_demo_v1.4.1/fpga/Ti375N1156-DK/work_dbg/debug_top.v:3612)
[EFX-0200 WARNING] Removing redundant signal : mux_capture_cmp[16]. (/home/steve/video_streaming_10g_demo_v1.4.1/fpga/Ti375N1156-DK/work_dbg/debug_top.v:3612)
[EFX-0200 WARNING] Removing redundant signal : mux_capture_cmp[15]. (/home/steve/video_streaming_10g_demo_v1.4.1/fpga/Ti375N1156-DK/work_dbg/debug_top.v:3612)
[EFX-0200 WARNING] Removing redundant signal : mux_capture_cmp[14]. (/home/steve/video_streaming_10g_demo_v1.4.1/fpga/Ti375N1156-DK/work_dbg/debug_top.v:3612)
[EFX-0200 WARNING] Removing redundant signal : mux_capture_cmp[13]. (/home/steve/video_streaming_10g_demo_v1.4.1/fpga/Ti375N1156-DK/work_dbg/debug_top.v:3612)
[EFX-0201 WARNING] Re-wiring to GND non-driven net 'la0.probe22[0]'. (/home/steve/video_streaming_10g_demo_v1.4.1/fpga/Ti375N1156-DK/work_dbg/debug_top.v:164)
[EFX-0201 WARNING] Re-wiring to GND non-driven net 'la0.probe23[0]'. (/home/steve/video_streaming_10g_demo_v1.4.1/fpga/Ti375N1156-DK/work_dbg/debug_top.v:164)
[EFX-0201 WARNING] Re-wiring to GND non-driven net 'la0.probe24[0]'. (/home/steve/video_streaming_10g_demo_v1.4.1/fpga/Ti375N1156-DK/work_dbg/debug_top.v:164)
[EFX-0201 WARNING] Re-wiring to GND non-driven net 'la0.probe25[0]'. (/home/steve/video_streaming_10g_demo_v1.4.1/fpga/Ti375N1156-DK/work_dbg/debug_top.v:164)
[EFX-0201 WARNING] Re-wiring to GND non-driven net 'la0.probe26[0]'. (/home/steve/video_streaming_10g_demo_v1.4.1/fpga/Ti375N1156-DK/work_dbg/debug_top.v:164)
[EFX-0201 WARNING] Re-wiring to GND non-driven net 'la0.probe27[0]'. (/home/steve/video_streaming_10g_demo_v1.4.1/fpga/Ti375N1156-DK/work_dbg/debug_top.v:164)
[EFX-0201 WARNING] Re-wiring to GND non-driven net 'la0.probe28[0]'. (/home/steve/video_streaming_10g_demo_v1.4.1/fpga/Ti375N1156-DK/work_dbg/debug_top.v:164)
[EFX-0201 WARNING] Re-wiring to GND non-driven net 'la0.probe29[0]'. (/home/steve/video_streaming_10g_demo_v1.4.1/fpga/Ti375N1156-DK/work_dbg/debug_top.v:164)
[EFX-0201 WARNING] Re-wiring to GND non-driven net 'la0.probe30[0]'. (/home/steve/video_streaming_10g_demo_v1.4.1/fpga/Ti375N1156-DK/work_dbg/debug_top.v:164)
[EFX-0201 WARNING] Re-wiring to GND non-driven net 'la0.probe31[0]'. (/home/steve/video_streaming_10g_demo_v1.4.1/fpga/Ti375N1156-DK/work_dbg/debug_top.v:164)
[EFX-0011 VERI-WARNING] Input/inout port bscan_DRCK is unconnected and will be removed. (VDB-8003) (/home/steve/video_streaming_10g_demo_v1.4.1/fpga/Ti375N1156-DK/work_dbg/debug_top.v:13)
[EFX-0011 VERI-WARNING] Input/inout port bscan_RUNTEST is unconnected and will be removed. (VDB-8003) (/home/steve/video_streaming_10g_demo_v1.4.1/fpga/Ti375N1156-DK/work_dbg/debug_top.v:15)
[EFX-0011 VERI-WARNING] Input/inout port bscan_TMS is unconnected and will be removed. (VDB-8003) (/home/steve/video_streaming_10g_demo_v1.4.1/fpga/Ti375N1156-DK/work_dbg/debug_top.v:20)

///////////////////////////////////
// Efinity Synthesis Started 
// Sep 21, 2026 19:00:24
///////////////////////////////////

[EFX-0256 WARNING] The primary output port 'sfp0_PMA_TX_ELEC_IDLE' wire 'sfp0_PMA_TX_ELEC_IDLE' is not driven.
[EFX-0256 WARNING] The primary output port 'sfp0_ETH_EEE_ALERT_EN' wire 'sfp0_ETH_EEE_ALERT_EN' is not driven.
[EFX-0200 WARNING] Removing redundant signal : k[31]. (/home/steve/video_streaming_10g_demo_v1.4.1/rtl/debounce_switch.v:56)
[EFX-0200 WARNING] Removing redundant signal : k[30]. (/home/steve/video_streaming_10g_demo_v1.4.1/rtl/debounce_switch.v:56)
[EFX-0200 WARNING] Removing redundant signal : k[29]. (/home/steve/video_streaming_10g_demo_v1.4.1/rtl/debounce_switch.v:56)
[EFX-0200 WARNING] Removing redundant signal : k[28]. (/home/steve/video_streaming_10g_demo_v1.4.1/rtl/debounce_switch.v:56)
[EFX-0200 WARNING] Removing redundant signal : k[27]. (/home/steve/video_streaming_10g_demo_v1.4.1/rtl/debounce_switch.v:56)
[EFX-0200 WARNING] Removing redundant signal : k[26]. (/home/steve/video_streaming_10g_demo_v1.4.1/rtl/debounce_switch.v:56)
[EFX-0200 WARNING] Removing redundant signal : k[25]. (/home/steve/video_streaming_10g_demo_v1.4.1/rtl/debounce_switch.v:56)
[EFX-0200 WARNING] Removing redundant signal : k[24]. (/home/steve/video_streaming_10g_demo_v1.4.1/rtl/debounce_switch.v:56)
[EFX-0200 WARNING] Removing redundant signal : k[23]. (/home/steve/video_streaming_10g_demo_v1.4.1/rtl/debounce_switch.v:56)
[EFX-0200 WARNING] Removing redundant signal : k[22]. (/home/steve/video_streaming_10g_demo_v1.4.1/rtl/debounce_switch.v:56)
[EFX-0200 WARNING] Removing redundant signal : k[21]. (/home/steve/video_streaming_10g_demo_v1.4.1/rtl/debounce_switch.v:56)
[EFX-0200 WARNING] Removing redundant signal : k[20]. (/home/steve/video_streaming_10g_demo_v1.4.1/rtl/debounce_switch.v:56)
[EFX-0200 WARNING] Removing redundant signal : k[19]. (/home/steve/video_streaming_10g_demo_v1.4.1/rtl/debounce_switch.v:56)
[EFX-0200 WARNING] Removing redundant signal : k[18]. (/home/steve/video_streaming_10g_demo_v1.4.1/rtl/debounce_switch.v:56)
[EFX-0200 WARNING] Removing redundant signal : k[17]. (/home/steve/video_streaming_10g_demo_v1.4.1/rtl/debounce_switch.v:56)
[EFX-0200 WARNING] Removing redundant signal : k[16]. (/home/steve/video_streaming_10g_demo_v1.4.1/rtl/debounce_switch.v:56)
[EFX-0200 WARNING] Removing redundant signal : k[15]. (/home/steve/video_streaming_10g_demo_v1.4.1/rtl/debounce_switch.v:56)
[EFX-0200 WARNING] Removing redundant signal : k[14]. (/home/steve/video_streaming_10g_demo_v1.4.1/rtl/debounce_switch.v:56)
[EFX-0200 WARNING] Removing redundant signal : k[13]. (/home/steve/video_streaming_10g_demo_v1.4.1/rtl/debounce_switch.v:56)
[EFX-0200 WARNING] Removing redundant signal : k[12]. (/home/steve/video_streaming_10g_demo_v1.4.1/rtl/debounce_switch.v:56)
[EFX-0201 WARNING] Re-wiring to GND non-driven net 'IBusCachedPlugin_cache_io_cpu_fetch_isRemoved'. (/home/steve/video_streaming_10g_demo_v1.4.1/fpga/Ti375N1156-DK/ip/sapphire_gen/sapphire_gen.v:10942)
[EFX-0201 WARNING] Re-wiring to GND non-driven net 'dataCache_1_io_cpu_writeBack_fence_SW'. (/home/steve/video_streaming_10g_demo_v1.4.1/fpga/Ti375N1156-DK/ip/sapphire_gen/sapphire_gen.v:10955)
[EFX-0201 WARNING] Re-wiring to GND non-driven net 'dataCache_1_io_cpu_writeBack_fence_SR'. (/home/steve/video_streaming_10g_demo_v1.4.1/fpga/Ti375N1156-DK/ip/sapphire_gen/sapphire_gen.v:10956)
[EFX-0201 WARNING] Re-wiring to GND non-driven net 'dataCache_1_io_cpu_writeBack_fence_SO'. (/home/steve/video_streaming_10g_demo_v1.4.1/fpga/Ti375N1156-DK/ip/sapphire_gen/sapphire_gen.v:10957)
[EFX-0201 WARNING] Re-wiring to GND non-driven net 'dataCache_1_io_cpu_writeBack_fence_SI'. (/home/steve/video_streaming_10g_demo_v1.4.1/fpga/Ti375N1156-DK/ip/sapphire_gen/sapphire_gen.v:10958)
[EFX-0201 WARNING] Re-wiring to GND non-driven net 'dataCache_1_io_cpu_writeBack_fence_PW'. (/home/steve/video_streaming_10g_demo_v1.4.1/fpga/Ti375N1156-DK/ip/sapphire_gen/sapphire_gen.v:10959)
[EFX-0201 WARNING] Re-wiring to GND non-driven net 'dataCache_1_io_cpu_writeBack_fence_PR'. (/home/steve/video_streaming_10g_demo_v1.4.1/fpga/Ti375N1156-DK/ip/sapphire_gen/sapphire_gen.v:10960)
[EFX-0201 WARNING] Re-wiring to GND non-driven net 'dataCache_1_io_cpu_writeBack_fence_PO'. (/home/steve/video_streaming_10g_demo_v1.4.1/fpga/Ti375N1156-DK/ip/sapphire_gen/sapphire_gen.v:10961)
[EFX-0201 WARNING] Re-wiring to GND non-driven net 'dataCache_1_io_cpu_writeBack_fence_PI'. (/home/steve/video_streaming_10g_demo_v1.4.1/fpga/Ti375N1156-DK/ip/sapphire_gen/sapphire_gen.v:10962)
[EFX-0201 WARNING] Re-wiring to GND non-driven net 'dataCache_1_io_cpu_writeBack_fence_FM[3]'. (/home/steve/video_streaming_10g_demo_v1.4.1/fpga/Ti375N1156-DK/ip/sapphire_gen/sapphire_gen.v:10963)
[EFX-0656 WARNING] Optimizing into logic zero initialized read-only memory block 'inst_rd_address_decoder_1/inst_simple_dual_port_ram_00/ram__D$y1'. (/home/steve/video_streaming_10g_demo_v1.4.1/rtl/lib/common/simple_dual_port_ram.sv:32)
[EFX-0656 WARNING] Optimizing into logic zero initialized read-only memory block 'inst_rd_address_decoder_1/inst_simple_dual_port_ram_00/ram__D$x12'. (/home/steve/video_streaming_10g_demo_v1.4.1/rtl/lib/common/simple_dual_port_ram.sv:32)
[EFX-0656 WARNING] Optimizing into logic zero initialized read-only memory block 'inst_rd_address_decoder_1/inst_simple_dual_port_ram_00/ram__D$w12'. (/home/steve/video_streaming_10g_demo_v1.4.1/rtl/lib/common/simple_dual_port_ram.sv:32)
[EFX-0656 WARNING] Optimizing into logic zero initialized read-only memory block 'inst_rd_address_decoder_1/inst_simple_dual_port_ram_00/ram__D$v12'. (/home/steve/video_streaming_10g_demo_v1.4.1/rtl/lib/common/simple_dual_port_ram.sv:32)
[EFX-0656 WARNING] Optimizing into logic zero initialized read-only memory block 'inst_rd_address_decoder_1/inst_simple_dual_port_ram_00/ram__D$u12'. (/home/steve/video_streaming_10g_demo_v1.4.1/rtl/lib/common/simple_dual_port_ram.sv:32)
[EFX-0656 WARNING] Optimizing into logic zero initialized read-only memory block 'inst_rd_address_decoder_1/inst_simple_dual_port_ram_00/ram__D$t12'. (/home/steve/video_streaming_10g_demo_v1.4.1/rtl/lib/common/simple_dual_port_ram.sv:32)
[EFX-0656 WARNING] Optimizing into logic zero initialized read-only memory block 'inst_rd_address_decoder_1/inst_simple_dual_port_ram_00/ram__D$s12'. (/home/steve/video_streaming_10g_demo_v1.4.1/rtl/lib/common/simple_dual_port_ram.sv:32)
[EFX-0656 WARNING] Optimizing into logic zero initialized read-only memory block 'inst_rd_address_decoder_1/inst_simple_dual_port_ram_00/ram__D$r12'. (/home/steve/video_streaming_10g_demo_v1.4.1/rtl/lib/common/simple_dual_port_ram.sv:32)
[EFX-0656 WARNING] Optimizing into logic zero initialized read-only memory block 'inst_rd_address_decoder_1/inst_simple_dual_port_ram_00/ram__D$q12'. (/home/steve/video_streaming_10g_demo_v1.4.1/rtl/lib/common/simple_dual_port_ram.sv:32)
[EFX-0656 WARNING] Optimizing into logic zero initialized read-only memory block 'inst_rd_address_decoder_1/inst_simple_dual_port_ram_00/ram__D$p12'. (/home/steve/video_streaming_10g_demo_v1.4.1/rtl/lib/common/simple_dual_port_ram.sv:32)
[EFX-0656 WARNING] Optimizing into logic zero initialized read-only memory block 'inst_rd_address_decoder_1/inst_simple_dual_port_ram_00/ram__D$o12'. (/home/steve/video_streaming_10g_demo_v1.4.1/rtl/lib/common/simple_dual_port_ram.sv:32)
[EFX-0656 WARNING] Optimizing into logic zero initialized read-only memory block 'inst_rd_address_decoder_1/inst_simple_dual_port_ram_00/ram__D$n12'. (/home/steve/video_streaming_10g_demo_v1.4.1/rtl/lib/common/simple_dual_port_ram.sv:32)
[EFX-0656 WARNING] Optimizing into logic zero initialized read-only memory block 'inst_rd_address_decoder_1/inst_simple_dual_port_ram_00/ram__D$m12'. (/home/steve/video_streaming_10g_demo_v1.4.1/rtl/lib/common/simple_dual_port_ram.sv:32)
[EFX-0656 WARNING] Optimizing into logic zero initialized read-only memory block 'inst_rd_address_decoder_1/inst_simple_dual_port_ram_00/ram__D$l12'. (/home/steve/video_streaming_10g_demo_v1.4.1/rtl/lib/common/simple_dual_port_ram.sv:32)
[EFX-0656 WARNING] Optimizing into logic zero initialized read-only memory block 'inst_rd_address_decoder_1/inst_simple_dual_port_ram_00/ram__D$k12'. (/home/steve/video_streaming_10g_demo_v1.4.1/rtl/lib/common/simple_dual_port_ram.sv:32)
[EFX-0656 WARNING] Optimizing into logic zero initialized read-only memory block 'inst_rd_address_decoder_1/inst_simple_dual_port_ram_00/ram__D$j12'. (/home/steve/video_streaming_10g_demo_v1.4.1/rtl/lib/common/simple_dual_port_ram.sv:32)
[EFX-0656 WARNING] Optimizing into logic zero initialized read-only memory block 'inst_rd_address_decoder_1/inst_simple_dual_port_ram_00/ram__D$i12'. (/home/steve/video_streaming_10g_demo_v1.4.1/rtl/lib/common/simple_dual_port_ram.sv:32)
[EFX-0656 WARNING] Optimizing into logic zero initialized read-only memory block 'inst_rd_address_decoder_1/inst_simple_dual_port_ram_00/ram__D$h12'. (/home/steve/video_streaming_10g_demo_v1.4.1/rtl/lib/common/simple_dual_port_ram.sv:32)
[EFX-0656 WARNING] Optimizing into logic zero initialized read-only memory block 'inst_rd_address_decoder_1/inst_simple_dual_port_ram_00/ram__D$g12'. (/home/steve/video_streaming_10g_demo_v1.4.1/rtl/lib/common/simple_dual_port_ram.sv:32)
[EFX-0656 WARNING] Optimizing into logic zero initialized read-only memory block 'inst_rd_address_decoder_1/inst_simple_dual_port_ram_00/ram__D$f12'. (/home/steve/video_streaming_10g_demo_v1.4.1/rtl/lib/common/simple_dual_port_ram.sv:32)
[EFX-0656 WARNING] Optimizing into logic zero initialized read-only memory block 'inst_rd_address_decoder_1/inst_simple_dual_port_ram_00/ram__D$e12'. (/home/steve/video_streaming_10g_demo_v1.4.1/rtl/lib/common/simple_dual_port_ram.sv:32)
[EFX-0656 WARNING] Optimizing into logic zero initialized read-only memory block 'inst_rd_address_decoder_1/inst_simple_dual_port_ram_00/ram__D$d12'. (/home/steve/video_streaming_10g_demo_v1.4.1/rtl/lib/common/simple_dual_port_ram.sv:32)
[EFX-0656 WARNING] Optimizing into logic zero initialized read-only memory block 'inst_rd_address_decoder_1/inst_simple_dual_port_ram_00/ram__D$c12'. (/home/steve/video_streaming_10g_demo_v1.4.1/rtl/lib/common/simple_dual_port_ram.sv:32)
[EFX-0656 WARNING] Optimizing into logic zero initialized read-only memory block 'inst_rd_address_decoder_1/inst_simple_dual_port_ram_00/ram__D$b12'. (/home/steve/video_streaming_10g_demo_v1.4.1/rtl/lib/common/simple_dual_port_ram.sv:32)
[EFX-0656 WARNING] Optimizing into logic zero initialized read-only memory block 'inst_rd_address_decoder_1/inst_simple_dual_port_ram_00/ram__D$12'. (/home/steve/video_streaming_10g_demo_v1.4.1/rtl/lib/common/simple_dual_port_ram.sv:32)
[EFX-0656 WARNING] Optimizing into logic zero initialized read-only memory block 'inst_rd_address_decoder_1/inst_simple_dual_port_ram_00/ram__D$2'. (/home/steve/video_streaming_10g_demo_v1.4.1/rtl/lib/common/simple_dual_port_ram.sv:32)
[EFX-0656 WARNING] Optimizing into logic zero initialized read-only memory block 'inst_frame_buffer_512/inst_wr_address_decoder_1/genblk1[5].inst_pclk_to_axi_buffer/ram__D$1'. (/home/steve/video_streaming_10g_demo_v1.4.1/rtl/lib/common/simple_dual_port_ram.sv:32)
[EFX-0656 WARNING] Optimizing into logic zero initialized read-only memory block 'inst_frame_buffer_512/inst_wr_address_decoder_1/genblk1[5].inst_pclk_to_axi_buffer/ram__D$2'. (/home/steve/video_streaming_10g_demo_v1.4.1/rtl/lib/common/simple_dual_port_ram.sv:32)
[EFX-0656 WARNING] Optimizing into logic zero initialized read-only memory block 'inst_frame_buffer_512/inst_wr_address_decoder_1/genblk1[4].inst_pclk_to_axi_buffer/ram__D$1'. (/home/steve/video_streaming_10g_demo_v1.4.1/rtl/lib/common/simple_dual_port_ram.sv:32)
[EFX-0656 WARNING] Optimizing into logic zero initialized read-only memory block 'inst_frame_buffer_512/inst_wr_address_decoder_1/genblk1[4].inst_pclk_to_axi_buffer/ram__D$2'. (/home/steve/video_streaming_10g_demo_v1.4.1/rtl/lib/common/simple_dual_port_ram.sv:32)
[EFX-0656 WARNING] Optimizing into logic zero initialized read-only memory block 'inst_frame_buffer_512/inst_wr_address_decoder_1/genblk1[3].inst_pclk_to_axi_buffer/ram__D$1'. (/home/steve/video_streaming_10g_demo_v1.4.1/rtl/lib/common/simple_dual_port_ram.sv:32)
[EFX-0656 WARNING] Optimizing into logic zero initialized read-only memory block 'inst_frame_buffer_512/inst_wr_address_decoder_1/genblk1[3].inst_pclk_to_axi_buffer/ram__D$2'. (/home/steve/video_streaming_10g_demo_v1.4.1/rtl/lib/common/simple_dual_port_ram.sv:32)
[EFX-0656 WARNING] Optimizing into logic zero initialized read-only memory block 'inst_frame_buffer_512/inst_wr_address_decoder_1/genblk1[2].inst_pclk_to_axi_buffer/ram__D$1'. (/home/steve/video_streaming_10g_demo_v1.4.1/rtl/lib/common/simple_dual_port_ram.sv:32)
[EFX-0656 WARNING] Optimizing into logic zero initialized read-only memory block 'inst_frame_buffer_512/inst_wr_address_decoder_1/genblk1[2].inst_pclk_to_axi_buffer/ram__D$2'. (/home/steve/video_streaming_10g_demo_v1.4.1/rtl/lib/common/simple_dual_port_ram.sv:32)
[EFX-0656 WARNING] Optimizing into logic zero initialized read-only memory block 'inst_frame_buffer_512/inst_wr_address_decoder_1/genblk1[1].inst_pclk_to_axi_buffer/ram__D$1'. (/home/steve/video_streaming_10g_demo_v1.4.1/rtl/lib/common/simple_dual_port_ram.sv:32)
[EFX-0656 WARNING] Optimizing into logic zero initialized read-only memory block 'inst_frame_buffer_512/inst_wr_address_decoder_1/genblk1[1].inst_pclk_to_axi_buffer/ram__D$2'. (/home/steve/video_streaming_10g_demo_v1.4.1/rtl/lib/common/simple_dual_port_ram.sv:32)
[EFX-0656 WARNING] Optimizing into logic zero initialized read-only memory block 'inst_frame_buffer_512/inst_wr_address_decoder_1/genblk1[0].inst_pclk_to_axi_buffer/ram__D$1'. (/home/steve/video_streaming_10g_demo_v1.4.1/rtl/lib/common/simple_dual_port_ram.sv:32)
[EFX-0656 WARNING] Optimizing into logic zero initialized read-only memory block 'inst_frame_buffer_512/inst_wr_address_decoder_1/genblk1[0].inst_pclk_to_axi_buffer/ram__D$2'. (/home/steve/video_streaming_10g_demo_v1.4.1/rtl/lib/common/simple_dual_port_ram.sv:32)
[EFX-0656 WARNING] Optimizing into logic zero initialized read-only memory block 'inst_frame_buffer_512/inst_wr_address_decoder_1/genblk1[6].inst_pclk_to_axi_buffer/ram__D$2'. (/home/steve/video_streaming_10g_demo_v1.4.1/rtl/lib/common/simple_dual_port_ram.sv:32)
[EFX-0656 WARNING] Optimizing into logic zero initialized read-only memory block 'inst_frame_buffer_512/inst_wr_address_decoder_1/genblk1[6].inst_pclk_to_axi_buffer/ram__D$1'. (/home/steve/video_streaming_10g_demo_v1.4.1/rtl/lib/common/simple_dual_port_ram.sv:32)
[EFX-0656 WARNING] Optimizing into logic zero initialized read-only memory block 'inst_frame_buffer_512/inst_wr_address_decoder_1/genblk1[7].inst_pclk_to_axi_buffer/ram__D$2'. (/home/steve/video_streaming_10g_demo_v1.4.1/rtl/lib/common/simple_dual_port_ram.sv:32)
[EFX-0656 WARNING] Optimizing into logic zero initialized read-only memory block 'inst_frame_buffer_512/inst_wr_address_decoder_1/genblk1[7].inst_pclk_to_axi_buffer/ram__D$1'. (/home/steve/video_streaming_10g_demo_v1.4.1/rtl/lib/common/simple_dual_port_ram.sv:32)
[EFX-0656 WARNING] Optimizing into logic zero initialized read-only memory block 'inst_frame_buffer_512/inst_wr_address_decoder_1/genblk1[8].inst_pclk_to_axi_buffer/ram__D$2'. (/home/steve/video_streaming_10g_demo_v1.4.1/rtl/lib/common/simple_dual_port_ram.sv:32)
[EFX-0656 WARNING] Optimizing into logic zero initialized read-only memory block 'inst_frame_buffer_512/inst_wr_address_decoder_1/genblk1[8].inst_pclk_to_axi_buffer/ram__D$1'. (/home/steve/video_streaming_10g_demo_v1.4.1/rtl/lib/common/simple_dual_port_ram.sv:32)
[EFX-0656 WARNING] Optimizing into logic zero initialized read-only memory block 'inst_frame_buffer_512/inst_wr_address_decoder_1/genblk1[9].inst_pclk_to_axi_buffer/ram__D$2'. (/home/steve/video_streaming_10g_demo_v1.4.1/rtl/lib/common/simple_dual_port_ram.sv:32)
[EFX-0656 WARNING] Optimizing into logic zero initialized read-only memory block 'inst_frame_buffer_512/inst_wr_address_decoder_1/genblk1[9].inst_pclk_to_axi_buffer/ram__D$1'. (/home/steve/video_streaming_10g_demo_v1.4.1/rtl/lib/common/simple_dual_port_ram.sv:32)
[EFX-0656 WARNING] Optimizing into logic zero initialized read-only memory block 'inst_frame_buffer_512/inst_wr_address_decoder_1/genblk1[10].inst_pclk_to_axi_buffer/ram__D$2'. (/home/steve/video_streaming_10g_demo_v1.4.1/rtl/lib/common/simple_dual_port_ram.sv:32)
[EFX-0656 WARNING] Optimizing into logic zero initialized read-only memory block 'inst_frame_buffer_512/inst_wr_address_decoder_1/genblk1[10].inst_pclk_to_axi_buffer/ram__D$1'. (/home/steve/video_streaming_10g_demo_v1.4.1/rtl/lib/common/simple_dual_port_ram.sv:32)
[EFX-0656 WARNING] Optimizing into logic zero initialized read-only memory block 'inst_frame_buffer_512/inst_wr_address_decoder_1/genblk1[11].inst_pclk_to_axi_buffer/ram__D$2'. (/home/steve/video_streaming_10g_demo_v1.4.1/rtl/lib/common/simple_dual_port_ram.sv:32)
[EFX-0656 WARNING] Optimizing into logic zero initialized read-only memory block 'inst_frame_buffer_512/inst_wr_address_decoder_1/genblk1[11].inst_pclk_to_axi_buffer/ram__D$1'. (/home/steve/video_streaming_10g_demo_v1.4.1/rtl/lib/common/simple_dual_port_ram.sv:32)
[EFX-0656 WARNING] Optimizing into logic zero initialized read-only memory block 'inst_frame_buffer_512/inst_wr_address_decoder_1/genblk1[12].inst_pclk_to_axi_buffer/ram__D$2'. (/home/steve/video_streaming_10g_demo_v1.4.1/rtl/lib/common/simple_dual_port_ram.sv:32)
[EFX-0656 WARNING] Optimizing into logic zero initialized read-only memory block 'inst_frame_buffer_512/inst_wr_address_decoder_1/genblk1[12].inst_pclk_to_axi_buffer/ram__D$1'. (/home/steve/video_streaming_10g_demo_v1.4.1/rtl/lib/common/simple_dual_port_ram.sv:32)
[EFX-0656 WARNING] Optimizing into logic zero initialized read-only memory block 'inst_frame_buffer_512/inst_wr_address_decoder_1/genblk1[13].inst_pclk_to_axi_buffer/ram__D$2'. (/home/steve/video_streaming_10g_demo_v1.4.1/rtl/lib/common/simple_dual_port_ram.sv:32)
[EFX-0656 WARNING] Optimizing into logic zero initialized read-only memory block 'inst_frame_buffer_512/inst_wr_address_decoder_1/genblk1[13].inst_pclk_to_axi_buffer/ram__D$1'. (/home/steve/video_streaming_10g_demo_v1.4.1/rtl/lib/common/simple_dual_port_ram.sv:32)
[EFX-0656 WARNING] Optimizing into logic zero initialized read-only memory block 'inst_frame_buffer_512/inst_wr_address_decoder_1/genblk1[14].inst_pclk_to_axi_buffer/ram__D$2'. (/home/steve/video_streaming_10g_demo_v1.4.1/rtl/lib/common/simple_dual_port_ram.sv:32)
[EFX-0656 WARNING] Optimizing into logic zero initialized read-only memory block 'inst_frame_buffer_512/inst_wr_address_decoder_1/genblk1[14].inst_pclk_to_axi_buffer/ram__D$1'. (/home/steve/video_streaming_10g_demo_v1.4.1/rtl/lib/common/simple_dual_port_ram.sv:32)
[EFX-0656 WARNING] Optimizing into logic zero initialized read-only memory block 'inst_frame_buffer_512/inst_wr_address_decoder_1/genblk1[15].inst_pclk_to_axi_buffer/ram__D$2'. (/home/steve/video_streaming_10g_demo_v1.4.1/rtl/lib/common/simple_dual_port_ram.sv:32)
[EFX-0656 WARNING] Optimizing into logic zero initialized read-only memory block 'inst_frame_buffer_512/inst_wr_address_decoder_1/genblk1[15].inst_pclk_to_axi_buffer/ram__D$1'. (/home/steve/video_streaming_10g_demo_v1.4.1/rtl/lib/common/simple_dual_port_ram.sv:32)
[EFX-0657 WARNING] Mapping into logic memory block 'inst_udp_video_generator/inst_frame_buffer_512/inst_Axi4_2x512_1x512_00/io_axim_writeOnly_arbiter/cmdArbiter_io_output_fork_io_outputs_1_translated_fifo/ram' (4 bits) (/home/steve/video_streaming_10g_demo_v1.4.1/rtl/lib/common/frame_buffer_512/Axi4_2x512_1x512.v:1671) because size is too small (<=64)
[EFX-0657 WARNING] Mapping into logic memory block 'debounce_switch_inst/debounce_reg' (16 bits) (/home/steve/video_streaming_10g_demo_v1.4.1/rtl/debounce_switch.v:47) because size is too small (<=64)
[EFX-0657 WARNING] Mapping into logic memory block 'q1_apb_master/rom_mif' (1060 bits) (/home/steve/video_streaming_10g_demo_v1.4.1/rtl/apb_master.sv:49) because read port is not synchronous.
[EFX-0657 WARNING] Mapping into logic memory block 'inst_sapphire/u_EfxSapphireSoc/system_riscvJtag_debug_logic_dm/logic_progbufX_mem' (64 bits) (/home/steve/video_streaming_10g_demo_v1.4.1/fpga/Ti375N1156-DK/ip/sapphire_gen/sapphire_gen.v:10059) because size is too small (<=64)

///////////////////////////////////
// Efinity Synthesis Started 
// Sep 21, 2026 20:37:01
///////////////////////////////////

[EFX-0011 VERI-WARNING] port 'probe22' remains unconnected for this instance (VERI-1927) (/home/steve/video_streaming_10g_demo_v1.4.1/fpga/Ti375N1156-DK/work_dbg/debug_top.v:206)
[EFX-0011 VERI-WARNING] port 'probe1' remains unconnected for this instance (VERI-1927) (/home/steve/video_streaming_10g_demo_v1.4.1/fpga/Ti375N1156-DK/work_dbg/debug_top.v:240)
[EFX-0011 VERI-WARNING] port 'probe1' remains unconnected for this instance (VERI-1927) (/home/steve/video_streaming_10g_demo_v1.4.1/fpga/Ti375N1156-DK/work_dbg/debug_top.v:274)
[EFX-0011 VERI-WARNING] input port 'probe22[0]' remains unconnected for this instance (VDB-1053) (/home/steve/video_streaming_10g_demo_v1.4.1/fpga/Ti375N1156-DK/work_dbg/debug_top.v:164)
[EFX-0011 VERI-WARNING] input port 'probe1[0]' remains unconnected for this instance (VDB-1053) (/home/steve/video_streaming_10g_demo_v1.4.1/fpga/Ti375N1156-DK/work_dbg/debug_top.v:219)
[EFX-0011 VERI-WARNING] input port 'probe1[0]' remains unconnected for this instance (VDB-1053) (/home/steve/video_streaming_10g_demo_v1.4.1/fpga/Ti375N1156-DK/work_dbg/debug_top.v:253)
[EFX-0200 WARNING] Removing redundant signal : compared_in[0]. (/home/steve/video_streaming_10g_demo_v1.4.1/fpga/Ti375N1156-DK/work_dbg/debug_top.v:5651)
[EFX-0200 WARNING] Removing redundant signal : mask_in[0]. (/home/steve/video_streaming_10g_demo_v1.4.1/fpga/Ti375N1156-DK/work_dbg/debug_top.v:5652)
[EFX-0200 WARNING] Removing redundant signal : trigger_in. (/home/steve/video_streaming_10g_demo_v1.4.1/fpga/Ti375N1156-DK/work_dbg/debug_top.v:5862)
[EFX-0200 WARNING] Removing redundant signal : din[72]. (/home/steve/video_streaming_10g_demo_v1.4.1/fpga/Ti375N1156-DK/work_dbg/debug_top.v:4747)
[EFX-0200 WARNING] Removing redundant signal : trig_out. (/home/steve/video_streaming_10g_demo_v1.4.1/fpga/Ti375N1156-DK/work_dbg/debug_top.v:5028)
[EFX-0200 WARNING] Removing redundant signal : trig_out_ack. (/home/steve/video_streaming_10g_demo_v1.4.1/fpga/Ti375N1156-DK/work_dbg/debug_top.v:5029)
[EFX-0200 WARNING] Removing redundant signal : bscan_DRCK. (/home/steve/video_streaming_10g_demo_v1.4.1/fpga/Ti375N1156-DK/work_dbg/debug_top.v:1180)
[EFX-0200 WARNING] Removing redundant signal : bscan_RUNTEST. (/home/steve/video_streaming_10g_demo_v1.4.1/fpga/Ti375N1156-DK/work_dbg/debug_top.v:1182)
[EFX-0200 WARNING] Removing redundant signal : bscan_SEL. (/home/steve/video_streaming_10g_demo_v1.4.1/fpga/Ti375N1156-DK/work_dbg/debug_top.v:1183)
[EFX-0200 WARNING] Removing redundant signal : bscan_TMS. (/home/steve/video_streaming_10g_demo_v1.4.1/fpga/Ti375N1156-DK/work_dbg/debug_top.v:1187)
[EFX-0200 WARNING] Removing redundant signal : trig_in_ack. (/home/steve/video_streaming_10g_demo_v1.4.1/fpga/Ti375N1156-DK/work_dbg/debug_top.v:1198)
[EFX-0200 WARNING] Removing redundant signal : mux_capture_cmp[21]. (/home/steve/video_streaming_10g_demo_v1.4.1/fpga/Ti375N1156-DK/work_dbg/debug_top.v:3612)
[EFX-0200 WARNING] Removing redundant signal : mux_capture_cmp[20]. (/home/steve/video_streaming_10g_demo_v1.4.1/fpga/Ti375N1156-DK/work_dbg/debug_top.v:3612)
[EFX-0200 WARNING] Removing redundant signal : mux_capture_cmp[19]. (/home/steve/video_streaming_10g_demo_v1.4.1/fpga/Ti375N1156-DK/work_dbg/debug_top.v:3612)
[EFX-0200 WARNING] Removing redundant signal : mux_capture_cmp[18]. (/home/steve/video_streaming_10g_demo_v1.4.1/fpga/Ti375N1156-DK/work_dbg/debug_top.v:3612)
[EFX-0200 WARNING] Removing redundant signal : mux_capture_cmp[17]. (/home/steve/video_streaming_10g_demo_v1.4.1/fpga/Ti375N1156-DK/work_dbg/debug_top.v:3612)
[EFX-0200 WARNING] Removing redundant signal : mux_capture_cmp[16]. (/home/steve/video_streaming_10g_demo_v1.4.1/fpga/Ti375N1156-DK/work_dbg/debug_top.v:3612)
[EFX-0200 WARNING] Removing redundant signal : mux_capture_cmp[15]. (/home/steve/video_streaming_10g_demo_v1.4.1/fpga/Ti375N1156-DK/work_dbg/debug_top.v:3612)
[EFX-0200 WARNING] Removing redundant signal : mux_capture_cmp[14]. (/home/steve/video_streaming_10g_demo_v1.4.1/fpga/Ti375N1156-DK/work_dbg/debug_top.v:3612)
[EFX-0200 WARNING] Removing redundant signal : mux_capture_cmp[13]. (/home/steve/video_streaming_10g_demo_v1.4.1/fpga/Ti375N1156-DK/work_dbg/debug_top.v:3612)
[EFX-0201 WARNING] Re-wiring to GND non-driven net 'la0.probe22[0]'. (/home/steve/video_streaming_10g_demo_v1.4.1/fpga/Ti375N1156-DK/work_dbg/debug_top.v:164)
[EFX-0201 WARNING] Re-wiring to GND non-driven net 'la0.probe23[0]'. (/home/steve/video_streaming_10g_demo_v1.4.1/fpga/Ti375N1156-DK/work_dbg/debug_top.v:164)
[EFX-0201 WARNING] Re-wiring to GND non-driven net 'la0.probe24[0]'. (/home/steve/video_streaming_10g_demo_v1.4.1/fpga/Ti375N1156-DK/work_dbg/debug_top.v:164)
[EFX-0201 WARNING] Re-wiring to GND non-driven net 'la0.probe25[0]'. (/home/steve/video_streaming_10g_demo_v1.4.1/fpga/Ti375N1156-DK/work_dbg/debug_top.v:164)
[EFX-0201 WARNING] Re-wiring to GND non-driven net 'la0.probe26[0]'. (/home/steve/video_streaming_10g_demo_v1.4.1/fpga/Ti375N1156-DK/work_dbg/debug_top.v:164)
[EFX-0201 WARNING] Re-wiring to GND non-driven net 'la0.probe27[0]'. (/home/steve/video_streaming_10g_demo_v1.4.1/fpga/Ti375N1156-DK/work_dbg/debug_top.v:164)
[EFX-0201 WARNING] Re-wiring to GND non-driven net 'la0.probe28[0]'. (/home/steve/video_streaming_10g_demo_v1.4.1/fpga/Ti375N1156-DK/work_dbg/debug_top.v:164)
[EFX-0201 WARNING] Re-wiring to GND non-driven net 'la0.probe29[0]'. (/home/steve/video_streaming_10g_demo_v1.4.1/fpga/Ti375N1156-DK/work_dbg/debug_top.v:164)
[EFX-0201 WARNING] Re-wiring to GND non-driven net 'la0.probe30[0]'. (/home/steve/video_streaming_10g_demo_v1.4.1/fpga/Ti375N1156-DK/work_dbg/debug_top.v:164)
[EFX-0201 WARNING] Re-wiring to GND non-driven net 'la0.probe31[0]'. (/home/steve/video_streaming_10g_demo_v1.4.1/fpga/Ti375N1156-DK/work_dbg/debug_top.v:164)
[EFX-0011 VERI-WARNING] Input/inout port bscan_DRCK is unconnected and will be removed. (VDB-8003) (/home/steve/video_streaming_10g_demo_v1.4.1/fpga/Ti375N1156-DK/work_dbg/debug_top.v:13)
[EFX-0011 VERI-WARNING] Input/inout port bscan_RUNTEST is unconnected and will be removed. (VDB-8003) (/home/steve/video_streaming_10g_demo_v1.4.1/fpga/Ti375N1156-DK/work_dbg/debug_top.v:15)
[EFX-0011 VERI-WARNING] Input/inout port bscan_TMS is unconnected and will be removed. (VDB-8003) (/home/steve/video_streaming_10g_demo_v1.4.1/fpga/Ti375N1156-DK/work_dbg/debug_top.v:20)

///////////////////////////////////
// Efinity Synthesis Started 
// Sep 21, 2026 20:38:09
///////////////////////////////////

[EFX-0256 WARNING] The primary output port 'sfp0_PMA_TX_ELEC_IDLE' wire 'sfp0_PMA_TX_ELEC_IDLE' is not driven.
[EFX-0256 WARNING] The primary output port 'sfp0_ETH_EEE_ALERT_EN' wire 'sfp0_ETH_EEE_ALERT_EN' is not driven.
[EFX-0200 WARNING] Removing redundant signal : k[31]. (/home/steve/video_streaming_10g_demo_v1.4.1/rtl/debounce_switch.v:56)
[EFX-0200 WARNING] Removing redundant signal : k[30]. (/home/steve/video_streaming_10g_demo_v1.4.1/rtl/debounce_switch.v:56)
[EFX-0200 WARNING] Removing redundant signal : k[29]. (/home/steve/video_streaming_10g_demo_v1.4.1/rtl/debounce_switch.v:56)
[EFX-0200 WARNING] Removing redundant signal : k[28]. (/home/steve/video_streaming_10g_demo_v1.4.1/rtl/debounce_switch.v:56)
[EFX-0200 WARNING] Removing redundant signal : k[27]. (/home/steve/video_streaming_10g_demo_v1.4.1/rtl/debounce_switch.v:56)
[EFX-0200 WARNING] Removing redundant signal : k[26]. (/home/steve/video_streaming_10g_demo_v1.4.1/rtl/debounce_switch.v:56)
[EFX-0200 WARNING] Removing redundant signal : k[25]. (/home/steve/video_streaming_10g_demo_v1.4.1/rtl/debounce_switch.v:56)
[EFX-0200 WARNING] Removing redundant signal : k[24]. (/home/steve/video_streaming_10g_demo_v1.4.1/rtl/debounce_switch.v:56)
[EFX-0200 WARNING] Removing redundant signal : k[23]. (/home/steve/video_streaming_10g_demo_v1.4.1/rtl/debounce_switch.v:56)
[EFX-0200 WARNING] Removing redundant signal : k[22]. (/home/steve/video_streaming_10g_demo_v1.4.1/rtl/debounce_switch.v:56)
[EFX-0200 WARNING] Removing redundant signal : k[21]. (/home/steve/video_streaming_10g_demo_v1.4.1/rtl/debounce_switch.v:56)
[EFX-0200 WARNING] Removing redundant signal : k[20]. (/home/steve/video_streaming_10g_demo_v1.4.1/rtl/debounce_switch.v:56)
[EFX-0200 WARNING] Removing redundant signal : k[19]. (/home/steve/video_streaming_10g_demo_v1.4.1/rtl/debounce_switch.v:56)
[EFX-0200 WARNING] Removing redundant signal : k[18]. (/home/steve/video_streaming_10g_demo_v1.4.1/rtl/debounce_switch.v:56)
[EFX-0200 WARNING] Removing redundant signal : k[17]. (/home/steve/video_streaming_10g_demo_v1.4.1/rtl/debounce_switch.v:56)
[EFX-0200 WARNING] Removing redundant signal : k[16]. (/home/steve/video_streaming_10g_demo_v1.4.1/rtl/debounce_switch.v:56)
[EFX-0200 WARNING] Removing redundant signal : k[15]. (/home/steve/video_streaming_10g_demo_v1.4.1/rtl/debounce_switch.v:56)
[EFX-0200 WARNING] Removing redundant signal : k[14]. (/home/steve/video_streaming_10g_demo_v1.4.1/rtl/debounce_switch.v:56)
[EFX-0200 WARNING] Removing redundant signal : k[13]. (/home/steve/video_streaming_10g_demo_v1.4.1/rtl/debounce_switch.v:56)
[EFX-0200 WARNING] Removing redundant signal : k[12]. (/home/steve/video_streaming_10g_demo_v1.4.1/rtl/debounce_switch.v:56)
[EFX-0201 WARNING] Re-wiring to GND non-driven net 'IBusCachedPlugin_cache_io_cpu_fetch_isRemoved'. (/home/steve/video_streaming_10g_demo_v1.4.1/fpga/Ti375N1156-DK/ip/sapphire_gen/sapphire_gen.v:10942)
[EFX-0201 WARNING] Re-wiring to GND non-driven net 'dataCache_1_io_cpu_writeBack_fence_SW'. (/home/steve/video_streaming_10g_demo_v1.4.1/fpga/Ti375N1156-DK/ip/sapphire_gen/sapphire_gen.v:10955)
[EFX-0201 WARNING] Re-wiring to GND non-driven net 'dataCache_1_io_cpu_writeBack_fence_SR'. (/home/steve/video_streaming_10g_demo_v1.4.1/fpga/Ti375N1156-DK/ip/sapphire_gen/sapphire_gen.v:10956)
[EFX-0201 WARNING] Re-wiring to GND non-driven net 'dataCache_1_io_cpu_writeBack_fence_SO'. (/home/steve/video_streaming_10g_demo_v1.4.1/fpga/Ti375N1156-DK/ip/sapphire_gen/sapphire_gen.v:10957)
[EFX-0201 WARNING] Re-wiring to GND non-driven net 'dataCache_1_io_cpu_writeBack_fence_SI'. (/home/steve/video_streaming_10g_demo_v1.4.1/fpga/Ti375N1156-DK/ip/sapphire_gen/sapphire_gen.v:10958)
[EFX-0201 WARNING] Re-wiring to GND non-driven net 'dataCache_1_io_cpu_writeBack_fence_PW'. (/home/steve/video_streaming_10g_demo_v1.4.1/fpga/Ti375N1156-DK/ip/sapphire_gen/sapphire_gen.v:10959)
[EFX-0201 WARNING] Re-wiring to GND non-driven net 'dataCache_1_io_cpu_writeBack_fence_PR'. (/home/steve/video_streaming_10g_demo_v1.4.1/fpga/Ti375N1156-DK/ip/sapphire_gen/sapphire_gen.v:10960)
[EFX-0201 WARNING] Re-wiring to GND non-driven net 'dataCache_1_io_cpu_writeBack_fence_PO'. (/home/steve/video_streaming_10g_demo_v1.4.1/fpga/Ti375N1156-DK/ip/sapphire_gen/sapphire_gen.v:10961)
[EFX-0201 WARNING] Re-wiring to GND non-driven net 'dataCache_1_io_cpu_writeBack_fence_PI'. (/home/steve/video_streaming_10g_demo_v1.4.1/fpga/Ti375N1156-DK/ip/sapphire_gen/sapphire_gen.v:10962)
[EFX-0201 WARNING] Re-wiring to GND non-driven net 'dataCache_1_io_cpu_writeBack_fence_FM[3]'. (/home/steve/video_streaming_10g_demo_v1.4.1/fpga/Ti375N1156-DK/ip/sapphire_gen/sapphire_gen.v:10963)
[EFX-0656 WARNING] Optimizing into logic zero initialized read-only memory block 'inst_rd_address_decoder_1/inst_simple_dual_port_ram_00/ram__D$y1'. (/home/steve/video_streaming_10g_demo_v1.4.1/rtl/lib/common/simple_dual_port_ram.sv:32)
[EFX-0656 WARNING] Optimizing into logic zero initialized read-only memory block 'inst_rd_address_decoder_1/inst_simple_dual_port_ram_00/ram__D$x12'. (/home/steve/video_streaming_10g_demo_v1.4.1/rtl/lib/common/simple_dual_port_ram.sv:32)
[EFX-0656 WARNING] Optimizing into logic zero initialized read-only memory block 'inst_rd_address_decoder_1/inst_simple_dual_port_ram_00/ram__D$w12'. (/home/steve/video_streaming_10g_demo_v1.4.1/rtl/lib/common/simple_dual_port_ram.sv:32)
[EFX-0656 WARNING] Optimizing into logic zero initialized read-only memory block 'inst_rd_address_decoder_1/inst_simple_dual_port_ram_00/ram__D$v12'. (/home/steve/video_streaming_10g_demo_v1.4.1/rtl/lib/common/simple_dual_port_ram.sv:32)
[EFX-0656 WARNING] Optimizing into logic zero initialized read-only memory block 'inst_rd_address_decoder_1/inst_simple_dual_port_ram_00/ram__D$u12'. (/home/steve/video_streaming_10g_demo_v1.4.1/rtl/lib/common/simple_dual_port_ram.sv:32)
[EFX-0656 WARNING] Optimizing into logic zero initialized read-only memory block 'inst_rd_address_decoder_1/inst_simple_dual_port_ram_00/ram__D$t12'. (/home/steve/video_streaming_10g_demo_v1.4.1/rtl/lib/common/simple_dual_port_ram.sv:32)
[EFX-0656 WARNING] Optimizing into logic zero initialized read-only memory block 'inst_rd_address_decoder_1/inst_simple_dual_port_ram_00/ram__D$s12'. (/home/steve/video_streaming_10g_demo_v1.4.1/rtl/lib/common/simple_dual_port_ram.sv:32)
[EFX-0656 WARNING] Optimizing into logic zero initialized read-only memory block 'inst_rd_address_decoder_1/inst_simple_dual_port_ram_00/ram__D$r12'. (/home/steve/video_streaming_10g_demo_v1.4.1/rtl/lib/common/simple_dual_port_ram.sv:32)
[EFX-0656 WARNING] Optimizing into logic zero initialized read-only memory block 'inst_rd_address_decoder_1/inst_simple_dual_port_ram_00/ram__D$q12'. (/home/steve/video_streaming_10g_demo_v1.4.1/rtl/lib/common/simple_dual_port_ram.sv:32)
[EFX-0656 WARNING] Optimizing into logic zero initialized read-only memory block 'inst_rd_address_decoder_1/inst_simple_dual_port_ram_00/ram__D$p12'. (/home/steve/video_streaming_10g_demo_v1.4.1/rtl/lib/common/simple_dual_port_ram.sv:32)
[EFX-0656 WARNING] Optimizing into logic zero initialized read-only memory block 'inst_rd_address_decoder_1/inst_simple_dual_port_ram_00/ram__D$o12'. (/home/steve/video_streaming_10g_demo_v1.4.1/rtl/lib/common/simple_dual_port_ram.sv:32)
[EFX-0656 WARNING] Optimizing into logic zero initialized read-only memory block 'inst_rd_address_decoder_1/inst_simple_dual_port_ram_00/ram__D$n12'. (/home/steve/video_streaming_10g_demo_v1.4.1/rtl/lib/common/simple_dual_port_ram.sv:32)
[EFX-0656 WARNING] Optimizing into logic zero initialized read-only memory block 'inst_rd_address_decoder_1/inst_simple_dual_port_ram_00/ram__D$m12'. (/home/steve/video_streaming_10g_demo_v1.4.1/rtl/lib/common/simple_dual_port_ram.sv:32)
[EFX-0656 WARNING] Optimizing into logic zero initialized read-only memory block 'inst_rd_address_decoder_1/inst_simple_dual_port_ram_00/ram__D$l12'. (/home/steve/video_streaming_10g_demo_v1.4.1/rtl/lib/common/simple_dual_port_ram.sv:32)
[EFX-0656 WARNING] Optimizing into logic zero initialized read-only memory block 'inst_rd_address_decoder_1/inst_simple_dual_port_ram_00/ram__D$k12'. (/home/steve/video_streaming_10g_demo_v1.4.1/rtl/lib/common/simple_dual_port_ram.sv:32)
[EFX-0656 WARNING] Optimizing into logic zero initialized read-only memory block 'inst_rd_address_decoder_1/inst_simple_dual_port_ram_00/ram__D$j12'. (/home/steve/video_streaming_10g_demo_v1.4.1/rtl/lib/common/simple_dual_port_ram.sv:32)
[EFX-0656 WARNING] Optimizing into logic zero initialized read-only memory block 'inst_rd_address_decoder_1/inst_simple_dual_port_ram_00/ram__D$i12'. (/home/steve/video_streaming_10g_demo_v1.4.1/rtl/lib/common/simple_dual_port_ram.sv:32)
[EFX-0656 WARNING] Optimizing into logic zero initialized read-only memory block 'inst_rd_address_decoder_1/inst_simple_dual_port_ram_00/ram__D$h12'. (/home/steve/video_streaming_10g_demo_v1.4.1/rtl/lib/common/simple_dual_port_ram.sv:32)
[EFX-0656 WARNING] Optimizing into logic zero initialized read-only memory block 'inst_rd_address_decoder_1/inst_simple_dual_port_ram_00/ram__D$g12'. (/home/steve/video_streaming_10g_demo_v1.4.1/rtl/lib/common/simple_dual_port_ram.sv:32)
[EFX-0656 WARNING] Optimizing into logic zero initialized read-only memory block 'inst_rd_address_decoder_1/inst_simple_dual_port_ram_00/ram__D$f12'. (/home/steve/video_streaming_10g_demo_v1.4.1/rtl/lib/common/simple_dual_port_ram.sv:32)
[EFX-0656 WARNING] Optimizing into logic zero initialized read-only memory block 'inst_rd_address_decoder_1/inst_simple_dual_port_ram_00/ram__D$e12'. (/home/steve/video_streaming_10g_demo_v1.4.1/rtl/lib/common/simple_dual_port_ram.sv:32)
[EFX-0656 WARNING] Optimizing into logic zero initialized read-only memory block 'inst_rd_address_decoder_1/inst_simple_dual_port_ram_00/ram__D$d12'. (/home/steve/video_streaming_10g_demo_v1.4.1/rtl/lib/common/simple_dual_port_ram.sv:32)
[EFX-0656 WARNING] Optimizing into logic zero initialized read-only memory block 'inst_rd_address_decoder_1/inst_simple_dual_port_ram_00/ram__D$c12'. (/home/steve/video_streaming_10g_demo_v1.4.1/rtl/lib/common/simple_dual_port_ram.sv:32)
[EFX-0656 WARNING] Optimizing into logic zero initialized read-only memory block 'inst_rd_address_decoder_1/inst_simple_dual_port_ram_00/ram__D$b12'. (/home/steve/video_streaming_10g_demo_v1.4.1/rtl/lib/common/simple_dual_port_ram.sv:32)
[EFX-0656 WARNING] Optimizing into logic zero initialized read-only memory block 'inst_rd_address_decoder_1/inst_simple_dual_port_ram_00/ram__D$12'. (/home/steve/video_streaming_10g_demo_v1.4.1/rtl/lib/common/simple_dual_port_ram.sv:32)
[EFX-0656 WARNING] Optimizing into logic zero initialized read-only memory block 'inst_rd_address_decoder_1/inst_simple_dual_port_ram_00/ram__D$2'. (/home/steve/video_streaming_10g_demo_v1.4.1/rtl/lib/common/simple_dual_port_ram.sv:32)
[EFX-0656 WARNING] Optimizing into logic zero initialized read-only memory block 'inst_frame_buffer_512/inst_wr_address_decoder_1/genblk1[5].inst_pclk_to_axi_buffer/ram__D$1'. (/home/steve/video_streaming_10g_demo_v1.4.1/rtl/lib/common/simple_dual_port_ram.sv:32)
[EFX-0656 WARNING] Optimizing into logic zero initialized read-only memory block 'inst_frame_buffer_512/inst_wr_address_decoder_1/genblk1[5].inst_pclk_to_axi_buffer/ram__D$2'. (/home/steve/video_streaming_10g_demo_v1.4.1/rtl/lib/common/simple_dual_port_ram.sv:32)
[EFX-0656 WARNING] Optimizing into logic zero initialized read-only memory block 'inst_frame_buffer_512/inst_wr_address_decoder_1/genblk1[4].inst_pclk_to_axi_buffer/ram__D$1'. (/home/steve/video_streaming_10g_demo_v1.4.1/rtl/lib/common/simple_dual_port_ram.sv:32)
[EFX-0656 WARNING] Optimizing into logic zero initialized read-only memory block 'inst_frame_buffer_512/inst_wr_address_decoder_1/genblk1[4].inst_pclk_to_axi_buffer/ram__D$2'. (/home/steve/video_streaming_10g_demo_v1.4.1/rtl/lib/common/simple_dual_port_ram.sv:32)
[EFX-0656 WARNING] Optimizing into logic zero initialized read-only memory block 'inst_frame_buffer_512/inst_wr_address_decoder_1/genblk1[3].inst_pclk_to_axi_buffer/ram__D$1'. (/home/steve/video_streaming_10g_demo_v1.4.1/rtl/lib/common/simple_dual_port_ram.sv:32)
[EFX-0656 WARNING] Optimizing into logic zero initialized read-only memory block 'inst_frame_buffer_512/inst_wr_address_decoder_1/genblk1[3].inst_pclk_to_axi_buffer/ram__D$2'. (/home/steve/video_streaming_10g_demo_v1.4.1/rtl/lib/common/simple_dual_port_ram.sv:32)
[EFX-0656 WARNING] Optimizing into logic zero initialized read-only memory block 'inst_frame_buffer_512/inst_wr_address_decoder_1/genblk1[2].inst_pclk_to_axi_buffer/ram__D$1'. (/home/steve/video_streaming_10g_demo_v1.4.1/rtl/lib/common/simple_dual_port_ram.sv:32)
[EFX-0656 WARNING] Optimizing into logic zero initialized read-only memory block 'inst_frame_buffer_512/inst_wr_address_decoder_1/genblk1[2].inst_pclk_to_axi_buffer/ram__D$2'. (/home/steve/video_streaming_10g_demo_v1.4.1/rtl/lib/common/simple_dual_port_ram.sv:32)
[EFX-0656 WARNING] Optimizing into logic zero initialized read-only memory block 'inst_frame_buffer_512/inst_wr_address_decoder_1/genblk1[1].inst_pclk_to_axi_buffer/ram__D$1'. (/home/steve/video_streaming_10g_demo_v1.4.1/rtl/lib/common/simple_dual_port_ram.sv:32)
[EFX-0656 WARNING] Optimizing into logic zero initialized read-only memory block 'inst_frame_buffer_512/inst_wr_address_decoder_1/genblk1[1].inst_pclk_to_axi_buffer/ram__D$2'. (/home/steve/video_streaming_10g_demo_v1.4.1/rtl/lib/common/simple_dual_port_ram.sv:32)
[EFX-0656 WARNING] Optimizing into logic zero initialized read-only memory block 'inst_frame_buffer_512/inst_wr_address_decoder_1/genblk1[0].inst_pclk_to_axi_buffer/ram__D$1'. (/home/steve/video_streaming_10g_demo_v1.4.1/rtl/lib/common/simple_dual_port_ram.sv:32)
[EFX-0656 WARNING] Optimizing into logic zero initialized read-only memory block 'inst_frame_buffer_512/inst_wr_address_decoder_1/genblk1[0].inst_pclk_to_axi_buffer/ram__D$2'. (/home/steve/video_streaming_10g_demo_v1.4.1/rtl/lib/common/simple_dual_port_ram.sv:32)
[EFX-0656 WARNING] Optimizing into logic zero initialized read-only memory block 'inst_frame_buffer_512/inst_wr_address_decoder_1/genblk1[6].inst_pclk_to_axi_buffer/ram__D$2'. (/home/steve/video_streaming_10g_demo_v1.4.1/rtl/lib/common/simple_dual_port_ram.sv:32)
[EFX-0656 WARNING] Optimizing into logic zero initialized read-only memory block 'inst_frame_buffer_512/inst_wr_address_decoder_1/genblk1[6].inst_pclk_to_axi_buffer/ram__D$1'. (/home/steve/video_streaming_10g_demo_v1.4.1/rtl/lib/common/simple_dual_port_ram.sv:32)
[EFX-0656 WARNING] Optimizing into logic zero initialized read-only memory block 'inst_frame_buffer_512/inst_wr_address_decoder_1/genblk1[7].inst_pclk_to_axi_buffer/ram__D$2'. (/home/steve/video_streaming_10g_demo_v1.4.1/rtl/lib/common/simple_dual_port_ram.sv:32)
[EFX-0656 WARNING] Optimizing into logic zero initialized read-only memory block 'inst_frame_buffer_512/inst_wr_address_decoder_1/genblk1[7].inst_pclk_to_axi_buffer/ram__D$1'. (/home/steve/video_streaming_10g_demo_v1.4.1/rtl/lib/common/simple_dual_port_ram.sv:32)
[EFX-0656 WARNING] Optimizing into logic zero initialized read-only memory block 'inst_frame_buffer_512/inst_wr_address_decoder_1/genblk1[8].inst_pclk_to_axi_buffer/ram__D$2'. (/home/steve/video_streaming_10g_demo_v1.4.1/rtl/lib/common/simple_dual_port_ram.sv:32)
[EFX-0656 WARNING] Optimizing into logic zero initialized read-only memory block 'inst_frame_buffer_512/inst_wr_address_decoder_1/genblk1[8].inst_pclk_to_axi_buffer/ram__D$1'. (/home/steve/video_streaming_10g_demo_v1.4.1/rtl/lib/common/simple_dual_port_ram.sv:32)
[EFX-0656 WARNING] Optimizing into logic zero initialized read-only memory block 'inst_frame_buffer_512/inst_wr_address_decoder_1/genblk1[9].inst_pclk_to_axi_buffer/ram__D$2'. (/home/steve/video_streaming_10g_demo_v1.4.1/rtl/lib/common/simple_dual_port_ram.sv:32)
[EFX-0656 WARNING] Optimizing into logic zero initialized read-only memory block 'inst_frame_buffer_512/inst_wr_address_decoder_1/genblk1[9].inst_pclk_to_axi_buffer/ram__D$1'. (/home/steve/video_streaming_10g_demo_v1.4.1/rtl/lib/common/simple_dual_port_ram.sv:32)
[EFX-0656 WARNING] Optimizing into logic zero initialized read-only memory block 'inst_frame_buffer_512/inst_wr_address_decoder_1/genblk1[10].inst_pclk_to_axi_buffer/ram__D$2'. (/home/steve/video_streaming_10g_demo_v1.4.1/rtl/lib/common/simple_dual_port_ram.sv:32)
[EFX-0656 WARNING] Optimizing into logic zero initialized read-only memory block 'inst_frame_buffer_512/inst_wr_address_decoder_1/genblk1[10].inst_pclk_to_axi_buffer/ram__D$1'. (/home/steve/video_streaming_10g_demo_v1.4.1/rtl/lib/common/simple_dual_port_ram.sv:32)
[EFX-0656 WARNING] Optimizing into logic zero initialized read-only memory block 'inst_frame_buffer_512/inst_wr_address_decoder_1/genblk1[11].inst_pclk_to_axi_buffer/ram__D$2'. (/home/steve/video_streaming_10g_demo_v1.4.1/rtl/lib/common/simple_dual_port_ram.sv:32)
[EFX-0656 WARNING] Optimizing into logic zero initialized read-only memory block 'inst_frame_buffer_512/inst_wr_address_decoder_1/genblk1[11].inst_pclk_to_axi_buffer/ram__D$1'. (/home/steve/video_streaming_10g_demo_v1.4.1/rtl/lib/common/simple_dual_port_ram.sv:32)
[EFX-0656 WARNING] Optimizing into logic zero initialized read-only memory block 'inst_frame_buffer_512/inst_wr_address_decoder_1/genblk1[12].inst_pclk_to_axi_buffer/ram__D$2'. (/home/steve/video_streaming_10g_demo_v1.4.1/rtl/lib/common/simple_dual_port_ram.sv:32)
[EFX-0656 WARNING] Optimizing into logic zero initialized read-only memory block 'inst_frame_buffer_512/inst_wr_address_decoder_1/genblk1[12].inst_pclk_to_axi_buffer/ram__D$1'. (/home/steve/video_streaming_10g_demo_v1.4.1/rtl/lib/common/simple_dual_port_ram.sv:32)
[EFX-0656 WARNING] Optimizing into logic zero initialized read-only memory block 'inst_frame_buffer_512/inst_wr_address_decoder_1/genblk1[13].inst_pclk_to_axi_buffer/ram__D$2'. (/home/steve/video_streaming_10g_demo_v1.4.1/rtl/lib/common/simple_dual_port_ram.sv:32)
[EFX-0656 WARNING] Optimizing into logic zero initialized read-only memory block 'inst_frame_buffer_512/inst_wr_address_decoder_1/genblk1[13].inst_pclk_to_axi_buffer/ram__D$1'. (/home/steve/video_streaming_10g_demo_v1.4.1/rtl/lib/common/simple_dual_port_ram.sv:32)
[EFX-0656 WARNING] Optimizing into logic zero initialized read-only memory block 'inst_frame_buffer_512/inst_wr_address_decoder_1/genblk1[14].inst_pclk_to_axi_buffer/ram__D$2'. (/home/steve/video_streaming_10g_demo_v1.4.1/rtl/lib/common/simple_dual_port_ram.sv:32)
[EFX-0656 WARNING] Optimizing into logic zero initialized read-only memory block 'inst_frame_buffer_512/inst_wr_address_decoder_1/genblk1[14].inst_pclk_to_axi_buffer/ram__D$1'. (/home/steve/video_streaming_10g_demo_v1.4.1/rtl/lib/common/simple_dual_port_ram.sv:32)
[EFX-0656 WARNING] Optimizing into logic zero initialized read-only memory block 'inst_frame_buffer_512/inst_wr_address_decoder_1/genblk1[15].inst_pclk_to_axi_buffer/ram__D$2'. (/home/steve/video_streaming_10g_demo_v1.4.1/rtl/lib/common/simple_dual_port_ram.sv:32)
[EFX-0656 WARNING] Optimizing into logic zero initialized read-only memory block 'inst_frame_buffer_512/inst_wr_address_decoder_1/genblk1[15].inst_pclk_to_axi_buffer/ram__D$1'. (/home/steve/video_streaming_10g_demo_v1.4.1/rtl/lib/common/simple_dual_port_ram.sv:32)
[EFX-0657 WARNING] Mapping into logic memory block 'inst_udp_video_generator/inst_frame_buffer_512/inst_Axi4_2x512_1x512_00/io_axim_writeOnly_arbiter/cmdArbiter_io_output_fork_io_outputs_1_translated_fifo/ram' (4 bits) (/home/steve/video_streaming_10g_demo_v1.4.1/rtl/lib/common/frame_buffer_512/Axi4_2x512_1x512.v:1671) because size is too small (<=64)
[EFX-0657 WARNING] Mapping into logic memory block 'debounce_switch_inst/debounce_reg' (16 bits) (/home/steve/video_streaming_10g_demo_v1.4.1/rtl/debounce_switch.v:47) because size is too small (<=64)
[EFX-0657 WARNING] Mapping into logic memory block 'q1_apb_master/rom_mif' (1060 bits) (/home/steve/video_streaming_10g_demo_v1.4.1/rtl/apb_master.sv:49) because read port is not synchronous.
[EFX-0657 WARNING] Mapping into logic memory block 'inst_sapphire/u_EfxSapphireSoc/system_riscvJtag_debug_logic_dm/logic_progbufX_mem' (64 bits) (/home/steve/video_streaming_10g_demo_v1.4.1/fpga/Ti375N1156-DK/ip/sapphire_gen/sapphire_gen.v:10059) because size is too small (<=64)

///////////////////////////////////
// Efinity Synthesis Started 
// Sep 21, 2026 22:52:26
///////////////////////////////////

[EFX-0011 VERI-WARNING] port 'probe22' remains unconnected for this instance (VERI-1927) (/home/steve/video_streaming_10g_demo_v1.4.1/fpga/Ti375N1156-DK/work_dbg/debug_top.v:206)
[EFX-0011 VERI-WARNING] port 'probe1' remains unconnected for this instance (VERI-1927) (/home/steve/video_streaming_10g_demo_v1.4.1/fpga/Ti375N1156-DK/work_dbg/debug_top.v:240)
[EFX-0011 VERI-WARNING] port 'probe1' remains unconnected for this instance (VERI-1927) (/home/steve/video_streaming_10g_demo_v1.4.1/fpga/Ti375N1156-DK/work_dbg/debug_top.v:274)
[EFX-0011 VERI-WARNING] input port 'probe22[0]' remains unconnected for this instance (VDB-1053) (/home/steve/video_streaming_10g_demo_v1.4.1/fpga/Ti375N1156-DK/work_dbg/debug_top.v:164)
[EFX-0011 VERI-WARNING] input port 'probe1[0]' remains unconnected for this instance (VDB-1053) (/home/steve/video_streaming_10g_demo_v1.4.1/fpga/Ti375N1156-DK/work_dbg/debug_top.v:219)
[EFX-0011 VERI-WARNING] input port 'probe1[0]' remains unconnected for this instance (VDB-1053) (/home/steve/video_streaming_10g_demo_v1.4.1/fpga/Ti375N1156-DK/work_dbg/debug_top.v:253)
[EFX-0200 WARNING] Removing redundant signal : compared_in[0]. (/home/steve/video_streaming_10g_demo_v1.4.1/fpga/Ti375N1156-DK/work_dbg/debug_top.v:5651)
[EFX-0200 WARNING] Removing redundant signal : mask_in[0]. (/home/steve/video_streaming_10g_demo_v1.4.1/fpga/Ti375N1156-DK/work_dbg/debug_top.v:5652)
[EFX-0200 WARNING] Removing redundant signal : trigger_in. (/home/steve/video_streaming_10g_demo_v1.4.1/fpga/Ti375N1156-DK/work_dbg/debug_top.v:5862)
[EFX-0200 WARNING] Removing redundant signal : din[72]. (/home/steve/video_streaming_10g_demo_v1.4.1/fpga/Ti375N1156-DK/work_dbg/debug_top.v:4747)
[EFX-0200 WARNING] Removing redundant signal : trig_out. (/home/steve/video_streaming_10g_demo_v1.4.1/fpga/Ti375N1156-DK/work_dbg/debug_top.v:5028)
[EFX-0200 WARNING] Removing redundant signal : trig_out_ack. (/home/steve/video_streaming_10g_demo_v1.4.1/fpga/Ti375N1156-DK/work_dbg/debug_top.v:5029)
[EFX-0200 WARNING] Removing redundant signal : bscan_DRCK. (/home/steve/video_streaming_10g_demo_v1.4.1/fpga/Ti375N1156-DK/work_dbg/debug_top.v:1180)
[EFX-0200 WARNING] Removing redundant signal : bscan_RUNTEST. (/home/steve/video_streaming_10g_demo_v1.4.1/fpga/Ti375N1156-DK/work_dbg/debug_top.v:1182)
[EFX-0200 WARNING] Removing redundant signal : bscan_SEL. (/home/steve/video_streaming_10g_demo_v1.4.1/fpga/Ti375N1156-DK/work_dbg/debug_top.v:1183)
[EFX-0200 WARNING] Removing redundant signal : bscan_TMS. (/home/steve/video_streaming_10g_demo_v1.4.1/fpga/Ti375N1156-DK/work_dbg/debug_top.v:1187)
[EFX-0200 WARNING] Removing redundant signal : trig_in_ack. (/home/steve/video_streaming_10g_demo_v1.4.1/fpga/Ti375N1156-DK/work_dbg/debug_top.v:1198)
[EFX-0200 WARNING] Removing redundant signal : mux_capture_cmp[21]. (/home/steve/video_streaming_10g_demo_v1.4.1/fpga/Ti375N1156-DK/work_dbg/debug_top.v:3612)
[EFX-0200 WARNING] Removing redundant signal : mux_capture_cmp[20]. (/home/steve/video_streaming_10g_demo_v1.4.1/fpga/Ti375N1156-DK/work_dbg/debug_top.v:3612)
[EFX-0200 WARNING] Removing redundant signal : mux_capture_cmp[19]. (/home/steve/video_streaming_10g_demo_v1.4.1/fpga/Ti375N1156-DK/work_dbg/debug_top.v:3612)
[EFX-0200 WARNING] Removing redundant signal : mux_capture_cmp[18]. (/home/steve/video_streaming_10g_demo_v1.4.1/fpga/Ti375N1156-DK/work_dbg/debug_top.v:3612)
[EFX-0200 WARNING] Removing redundant signal : mux_capture_cmp[17]. (/home/steve/video_streaming_10g_demo_v1.4.1/fpga/Ti375N1156-DK/work_dbg/debug_top.v:3612)
[EFX-0200 WARNING] Removing redundant signal : mux_capture_cmp[16]. (/home/steve/video_streaming_10g_demo_v1.4.1/fpga/Ti375N1156-DK/work_dbg/debug_top.v:3612)
[EFX-0200 WARNING] Removing redundant signal : mux_capture_cmp[15]. (/home/steve/video_streaming_10g_demo_v1.4.1/fpga/Ti375N1156-DK/work_dbg/debug_top.v:3612)
[EFX-0200 WARNING] Removing redundant signal : mux_capture_cmp[14]. (/home/steve/video_streaming_10g_demo_v1.4.1/fpga/Ti375N1156-DK/work_dbg/debug_top.v:3612)
[EFX-0200 WARNING] Removing redundant signal : mux_capture_cmp[13]. (/home/steve/video_streaming_10g_demo_v1.4.1/fpga/Ti375N1156-DK/work_dbg/debug_top.v:3612)
[EFX-0201 WARNING] Re-wiring to GND non-driven net 'la0.probe22[0]'. (/home/steve/video_streaming_10g_demo_v1.4.1/fpga/Ti375N1156-DK/work_dbg/debug_top.v:164)
[EFX-0201 WARNING] Re-wiring to GND non-driven net 'la0.probe23[0]'. (/home/steve/video_streaming_10g_demo_v1.4.1/fpga/Ti375N1156-DK/work_dbg/debug_top.v:164)
[EFX-0201 WARNING] Re-wiring to GND non-driven net 'la0.probe24[0]'. (/home/steve/video_streaming_10g_demo_v1.4.1/fpga/Ti375N1156-DK/work_dbg/debug_top.v:164)
[EFX-0201 WARNING] Re-wiring to GND non-driven net 'la0.probe25[0]'. (/home/steve/video_streaming_10g_demo_v1.4.1/fpga/Ti375N1156-DK/work_dbg/debug_top.v:164)
[EFX-0201 WARNING] Re-wiring to GND non-driven net 'la0.probe26[0]'. (/home/steve/video_streaming_10g_demo_v1.4.1/fpga/Ti375N1156-DK/work_dbg/debug_top.v:164)
[EFX-0201 WARNING] Re-wiring to GND non-driven net 'la0.probe27[0]'. (/home/steve/video_streaming_10g_demo_v1.4.1/fpga/Ti375N1156-DK/work_dbg/debug_top.v:164)
[EFX-0201 WARNING] Re-wiring to GND non-driven net 'la0.probe28[0]'. (/home/steve/video_streaming_10g_demo_v1.4.1/fpga/Ti375N1156-DK/work_dbg/debug_top.v:164)
[EFX-0201 WARNING] Re-wiring to GND non-driven net 'la0.probe29[0]'. (/home/steve/video_streaming_10g_demo_v1.4.1/fpga/Ti375N1156-DK/work_dbg/debug_top.v:164)
[EFX-0201 WARNING] Re-wiring to GND non-driven net 'la0.probe30[0]'. (/home/steve/video_streaming_10g_demo_v1.4.1/fpga/Ti375N1156-DK/work_dbg/debug_top.v:164)
[EFX-0201 WARNING] Re-wiring to GND non-driven net 'la0.probe31[0]'. (/home/steve/video_streaming_10g_demo_v1.4.1/fpga/Ti375N1156-DK/work_dbg/debug_top.v:164)
[EFX-0011 VERI-WARNING] Input/inout port bscan_DRCK is unconnected and will be removed. (VDB-8003) (/home/steve/video_streaming_10g_demo_v1.4.1/fpga/Ti375N1156-DK/work_dbg/debug_top.v:13)
[EFX-0011 VERI-WARNING] Input/inout port bscan_RUNTEST is unconnected and will be removed. (VDB-8003) (/home/steve/video_streaming_10g_demo_v1.4.1/fpga/Ti375N1156-DK/work_dbg/debug_top.v:15)
[EFX-0011 VERI-WARNING] Input/inout port bscan_TMS is unconnected and will be removed. (VDB-8003) (/home/steve/video_streaming_10g_demo_v1.4.1/fpga/Ti375N1156-DK/work_dbg/debug_top.v:20)

///////////////////////////////////
// Efinity Synthesis Started 
// Sep 21, 2026 22:53:35
///////////////////////////////////

[EFX-0256 WARNING] The primary output port 'sfp0_PMA_TX_ELEC_IDLE' wire 'sfp0_PMA_TX_ELEC_IDLE' is not driven.
[EFX-0256 WARNING] The primary output port 'sfp0_ETH_EEE_ALERT_EN' wire 'sfp0_ETH_EEE_ALERT_EN' is not driven.
[EFX-0200 WARNING] Removing redundant signal : k[31]. (/home/steve/video_streaming_10g_demo_v1.4.1/rtl/debounce_switch.v:56)
[EFX-0200 WARNING] Removing redundant signal : k[30]. (/home/steve/video_streaming_10g_demo_v1.4.1/rtl/debounce_switch.v:56)
[EFX-0200 WARNING] Removing redundant signal : k[29]. (/home/steve/video_streaming_10g_demo_v1.4.1/rtl/debounce_switch.v:56)
[EFX-0200 WARNING] Removing redundant signal : k[28]. (/home/steve/video_streaming_10g_demo_v1.4.1/rtl/debounce_switch.v:56)
[EFX-0200 WARNING] Removing redundant signal : k[27]. (/home/steve/video_streaming_10g_demo_v1.4.1/rtl/debounce_switch.v:56)
[EFX-0200 WARNING] Removing redundant signal : k[26]. (/home/steve/video_streaming_10g_demo_v1.4.1/rtl/debounce_switch.v:56)
[EFX-0200 WARNING] Removing redundant signal : k[25]. (/home/steve/video_streaming_10g_demo_v1.4.1/rtl/debounce_switch.v:56)
[EFX-0200 WARNING] Removing redundant signal : k[24]. (/home/steve/video_streaming_10g_demo_v1.4.1/rtl/debounce_switch.v:56)
[EFX-0200 WARNING] Removing redundant signal : k[23]. (/home/steve/video_streaming_10g_demo_v1.4.1/rtl/debounce_switch.v:56)
[EFX-0200 WARNING] Removing redundant signal : k[22]. (/home/steve/video_streaming_10g_demo_v1.4.1/rtl/debounce_switch.v:56)
[EFX-0200 WARNING] Removing redundant signal : k[21]. (/home/steve/video_streaming_10g_demo_v1.4.1/rtl/debounce_switch.v:56)
[EFX-0200 WARNING] Removing redundant signal : k[20]. (/home/steve/video_streaming_10g_demo_v1.4.1/rtl/debounce_switch.v:56)
[EFX-0200 WARNING] Removing redundant signal : k[19]. (/home/steve/video_streaming_10g_demo_v1.4.1/rtl/debounce_switch.v:56)
[EFX-0200 WARNING] Removing redundant signal : k[18]. (/home/steve/video_streaming_10g_demo_v1.4.1/rtl/debounce_switch.v:56)
[EFX-0200 WARNING] Removing redundant signal : k[17]. (/home/steve/video_streaming_10g_demo_v1.4.1/rtl/debounce_switch.v:56)
[EFX-0200 WARNING] Removing redundant signal : k[16]. (/home/steve/video_streaming_10g_demo_v1.4.1/rtl/debounce_switch.v:56)
[EFX-0200 WARNING] Removing redundant signal : k[15]. (/home/steve/video_streaming_10g_demo_v1.4.1/rtl/debounce_switch.v:56)
[EFX-0200 WARNING] Removing redundant signal : k[14]. (/home/steve/video_streaming_10g_demo_v1.4.1/rtl/debounce_switch.v:56)
[EFX-0200 WARNING] Removing redundant signal : k[13]. (/home/steve/video_streaming_10g_demo_v1.4.1/rtl/debounce_switch.v:56)
[EFX-0200 WARNING] Removing redundant signal : k[12]. (/home/steve/video_streaming_10g_demo_v1.4.1/rtl/debounce_switch.v:56)
[EFX-0201 WARNING] Re-wiring to GND non-driven net 'IBusCachedPlugin_cache_io_cpu_fetch_isRemoved'. (/home/steve/video_streaming_10g_demo_v1.4.1/fpga/Ti375N1156-DK/ip/sapphire_gen/sapphire_gen.v:10450)
[EFX-0201 WARNING] Re-wiring to GND non-driven net 'dataCache_1_io_cpu_writeBack_fence_SW'. (/home/steve/video_streaming_10g_demo_v1.4.1/fpga/Ti375N1156-DK/ip/sapphire_gen/sapphire_gen.v:10463)
[EFX-0201 WARNING] Re-wiring to GND non-driven net 'dataCache_1_io_cpu_writeBack_fence_SR'. (/home/steve/video_streaming_10g_demo_v1.4.1/fpga/Ti375N1156-DK/ip/sapphire_gen/sapphire_gen.v:10464)
[EFX-0201 WARNING] Re-wiring to GND non-driven net 'dataCache_1_io_cpu_writeBack_fence_SO'. (/home/steve/video_streaming_10g_demo_v1.4.1/fpga/Ti375N1156-DK/ip/sapphire_gen/sapphire_gen.v:10465)
[EFX-0201 WARNING] Re-wiring to GND non-driven net 'dataCache_1_io_cpu_writeBack_fence_SI'. (/home/steve/video_streaming_10g_demo_v1.4.1/fpga/Ti375N1156-DK/ip/sapphire_gen/sapphire_gen.v:10466)
[EFX-0201 WARNING] Re-wiring to GND non-driven net 'dataCache_1_io_cpu_writeBack_fence_PW'. (/home/steve/video_streaming_10g_demo_v1.4.1/fpga/Ti375N1156-DK/ip/sapphire_gen/sapphire_gen.v:10467)
[EFX-0201 WARNING] Re-wiring to GND non-driven net 'dataCache_1_io_cpu_writeBack_fence_PR'. (/home/steve/video_streaming_10g_demo_v1.4.1/fpga/Ti375N1156-DK/ip/sapphire_gen/sapphire_gen.v:10468)
[EFX-0201 WARNING] Re-wiring to GND non-driven net 'dataCache_1_io_cpu_writeBack_fence_PO'. (/home/steve/video_streaming_10g_demo_v1.4.1/fpga/Ti375N1156-DK/ip/sapphire_gen/sapphire_gen.v:10469)
[EFX-0201 WARNING] Re-wiring to GND non-driven net 'dataCache_1_io_cpu_writeBack_fence_PI'. (/home/steve/video_streaming_10g_demo_v1.4.1/fpga/Ti375N1156-DK/ip/sapphire_gen/sapphire_gen.v:10470)
[EFX-0201 WARNING] Re-wiring to GND non-driven net 'dataCache_1_io_cpu_writeBack_fence_FM[3]'. (/home/steve/video_streaming_10g_demo_v1.4.1/fpga/Ti375N1156-DK/ip/sapphire_gen/sapphire_gen.v:10471)
[EFX-0656 WARNING] Optimizing into logic zero initialized read-only memory block 'inst_rd_address_decoder_1/inst_simple_dual_port_ram_00/ram__D$y1'. (/home/steve/video_streaming_10g_demo_v1.4.1/rtl/lib/common/simple_dual_port_ram.sv:32)
[EFX-0656 WARNING] Optimizing into logic zero initialized read-only memory block 'inst_rd_address_decoder_1/inst_simple_dual_port_ram_00/ram__D$x12'. (/home/steve/video_streaming_10g_demo_v1.4.1/rtl/lib/common/simple_dual_port_ram.sv:32)
[EFX-0656 WARNING] Optimizing into logic zero initialized read-only memory block 'inst_rd_address_decoder_1/inst_simple_dual_port_ram_00/ram__D$w12'. (/home/steve/video_streaming_10g_demo_v1.4.1/rtl/lib/common/simple_dual_port_ram.sv:32)
[EFX-0656 WARNING] Optimizing into logic zero initialized read-only memory block 'inst_rd_address_decoder_1/inst_simple_dual_port_ram_00/ram__D$v12'. (/home/steve/video_streaming_10g_demo_v1.4.1/rtl/lib/common/simple_dual_port_ram.sv:32)
[EFX-0656 WARNING] Optimizing into logic zero initialized read-only memory block 'inst_rd_address_decoder_1/inst_simple_dual_port_ram_00/ram__D$u12'. (/home/steve/video_streaming_10g_demo_v1.4.1/rtl/lib/common/simple_dual_port_ram.sv:32)
[EFX-0656 WARNING] Optimizing into logic zero initialized read-only memory block 'inst_rd_address_decoder_1/inst_simple_dual_port_ram_00/ram__D$t12'. (/home/steve/video_streaming_10g_demo_v1.4.1/rtl/lib/common/simple_dual_port_ram.sv:32)
[EFX-0656 WARNING] Optimizing into logic zero initialized read-only memory block 'inst_rd_address_decoder_1/inst_simple_dual_port_ram_00/ram__D$s12'. (/home/steve/video_streaming_10g_demo_v1.4.1/rtl/lib/common/simple_dual_port_ram.sv:32)
[EFX-0656 WARNING] Optimizing into logic zero initialized read-only memory block 'inst_rd_address_decoder_1/inst_simple_dual_port_ram_00/ram__D$r12'. (/home/steve/video_streaming_10g_demo_v1.4.1/rtl/lib/common/simple_dual_port_ram.sv:32)
[EFX-0656 WARNING] Optimizing into logic zero initialized read-only memory block 'inst_rd_address_decoder_1/inst_simple_dual_port_ram_00/ram__D$q12'. (/home/steve/video_streaming_10g_demo_v1.4.1/rtl/lib/common/simple_dual_port_ram.sv:32)
[EFX-0656 WARNING] Optimizing into logic zero initialized read-only memory block 'inst_rd_address_decoder_1/inst_simple_dual_port_ram_00/ram__D$p12'. (/home/steve/video_streaming_10g_demo_v1.4.1/rtl/lib/common/simple_dual_port_ram.sv:32)
[EFX-0656 WARNING] Optimizing into logic zero initialized read-only memory block 'inst_rd_address_decoder_1/inst_simple_dual_port_ram_00/ram__D$o12'. (/home/steve/video_streaming_10g_demo_v1.4.1/rtl/lib/common/simple_dual_port_ram.sv:32)
[EFX-0656 WARNING] Optimizing into logic zero initialized read-only memory block 'inst_rd_address_decoder_1/inst_simple_dual_port_ram_00/ram__D$n12'. (/home/steve/video_streaming_10g_demo_v1.4.1/rtl/lib/common/simple_dual_port_ram.sv:32)
[EFX-0656 WARNING] Optimizing into logic zero initialized read-only memory block 'inst_rd_address_decoder_1/inst_simple_dual_port_ram_00/ram__D$m12'. (/home/steve/video_streaming_10g_demo_v1.4.1/rtl/lib/common/simple_dual_port_ram.sv:32)
[EFX-0656 WARNING] Optimizing into logic zero initialized read-only memory block 'inst_rd_address_decoder_1/inst_simple_dual_port_ram_00/ram__D$l12'. (/home/steve/video_streaming_10g_demo_v1.4.1/rtl/lib/common/simple_dual_port_ram.sv:32)
[EFX-0656 WARNING] Optimizing into logic zero initialized read-only memory block 'inst_rd_address_decoder_1/inst_simple_dual_port_ram_00/ram__D$k12'. (/home/steve/video_streaming_10g_demo_v1.4.1/rtl/lib/common/simple_dual_port_ram.sv:32)
[EFX-0656 WARNING] Optimizing into logic zero initialized read-only memory block 'inst_rd_address_decoder_1/inst_simple_dual_port_ram_00/ram__D$j12'. (/home/steve/video_streaming_10g_demo_v1.4.1/rtl/lib/common/simple_dual_port_ram.sv:32)
[EFX-0656 WARNING] Optimizing into logic zero initialized read-only memory block 'inst_rd_address_decoder_1/inst_simple_dual_port_ram_00/ram__D$i12'. (/home/steve/video_streaming_10g_demo_v1.4.1/rtl/lib/common/simple_dual_port_ram.sv:32)
[EFX-0656 WARNING] Optimizing into logic zero initialized read-only memory block 'inst_rd_address_decoder_1/inst_simple_dual_port_ram_00/ram__D$h12'. (/home/steve/video_streaming_10g_demo_v1.4.1/rtl/lib/common/simple_dual_port_ram.sv:32)
[EFX-0656 WARNING] Optimizing into logic zero initialized read-only memory block 'inst_rd_address_decoder_1/inst_simple_dual_port_ram_00/ram__D$g12'. (/home/steve/video_streaming_10g_demo_v1.4.1/rtl/lib/common/simple_dual_port_ram.sv:32)
[EFX-0656 WARNING] Optimizing into logic zero initialized read-only memory block 'inst_rd_address_decoder_1/inst_simple_dual_port_ram_00/ram__D$f12'. (/home/steve/video_streaming_10g_demo_v1.4.1/rtl/lib/common/simple_dual_port_ram.sv:32)
[EFX-0656 WARNING] Optimizing into logic zero initialized read-only memory block 'inst_rd_address_decoder_1/inst_simple_dual_port_ram_00/ram__D$e12'. (/home/steve/video_streaming_10g_demo_v1.4.1/rtl/lib/common/simple_dual_port_ram.sv:32)
[EFX-0656 WARNING] Optimizing into logic zero initialized read-only memory block 'inst_rd_address_decoder_1/inst_simple_dual_port_ram_00/ram__D$d12'. (/home/steve/video_streaming_10g_demo_v1.4.1/rtl/lib/common/simple_dual_port_ram.sv:32)
[EFX-0656 WARNING] Optimizing into logic zero initialized read-only memory block 'inst_rd_address_decoder_1/inst_simple_dual_port_ram_00/ram__D$c12'. (/home/steve/video_streaming_10g_demo_v1.4.1/rtl/lib/common/simple_dual_port_ram.sv:32)
[EFX-0656 WARNING] Optimizing into logic zero initialized read-only memory block 'inst_rd_address_decoder_1/inst_simple_dual_port_ram_00/ram__D$b12'. (/home/steve/video_streaming_10g_demo_v1.4.1/rtl/lib/common/simple_dual_port_ram.sv:32)
[EFX-0656 WARNING] Optimizing into logic zero initialized read-only memory block 'inst_rd_address_decoder_1/inst_simple_dual_port_ram_00/ram__D$12'. (/home/steve/video_streaming_10g_demo_v1.4.1/rtl/lib/common/simple_dual_port_ram.sv:32)
[EFX-0656 WARNING] Optimizing into logic zero initialized read-only memory block 'inst_rd_address_decoder_1/inst_simple_dual_port_ram_00/ram__D$2'. (/home/steve/video_streaming_10g_demo_v1.4.1/rtl/lib/common/simple_dual_port_ram.sv:32)
[EFX-0656 WARNING] Optimizing into logic zero initialized read-only memory block 'inst_frame_buffer_512/inst_wr_address_decoder_1/genblk1[5].inst_pclk_to_axi_buffer/ram__D$1'. (/home/steve/video_streaming_10g_demo_v1.4.1/rtl/lib/common/simple_dual_port_ram.sv:32)
[EFX-0656 WARNING] Optimizing into logic zero initialized read-only memory block 'inst_frame_buffer_512/inst_wr_address_decoder_1/genblk1[5].inst_pclk_to_axi_buffer/ram__D$2'. (/home/steve/video_streaming_10g_demo_v1.4.1/rtl/lib/common/simple_dual_port_ram.sv:32)
[EFX-0656 WARNING] Optimizing into logic zero initialized read-only memory block 'inst_frame_buffer_512/inst_wr_address_decoder_1/genblk1[4].inst_pclk_to_axi_buffer/ram__D$1'. (/home/steve/video_streaming_10g_demo_v1.4.1/rtl/lib/common/simple_dual_port_ram.sv:32)
[EFX-0656 WARNING] Optimizing into logic zero initialized read-only memory block 'inst_frame_buffer_512/inst_wr_address_decoder_1/genblk1[4].inst_pclk_to_axi_buffer/ram__D$2'. (/home/steve/video_streaming_10g_demo_v1.4.1/rtl/lib/common/simple_dual_port_ram.sv:32)
[EFX-0656 WARNING] Optimizing into logic zero initialized read-only memory block 'inst_frame_buffer_512/inst_wr_address_decoder_1/genblk1[3].inst_pclk_to_axi_buffer/ram__D$1'. (/home/steve/video_streaming_10g_demo_v1.4.1/rtl/lib/common/simple_dual_port_ram.sv:32)
[EFX-0656 WARNING] Optimizing into logic zero initialized read-only memory block 'inst_frame_buffer_512/inst_wr_address_decoder_1/genblk1[3].inst_pclk_to_axi_buffer/ram__D$2'. (/home/steve/video_streaming_10g_demo_v1.4.1/rtl/lib/common/simple_dual_port_ram.sv:32)
[EFX-0656 WARNING] Optimizing into logic zero initialized read-only memory block 'inst_frame_buffer_512/inst_wr_address_decoder_1/genblk1[2].inst_pclk_to_axi_buffer/ram__D$1'. (/home/steve/video_streaming_10g_demo_v1.4.1/rtl/lib/common/simple_dual_port_ram.sv:32)
[EFX-0656 WARNING] Optimizing into logic zero initialized read-only memory block 'inst_frame_buffer_512/inst_wr_address_decoder_1/genblk1[2].inst_pclk_to_axi_buffer/ram__D$2'. (/home/steve/video_streaming_10g_demo_v1.4.1/rtl/lib/common/simple_dual_port_ram.sv:32)
[EFX-0656 WARNING] Optimizing into logic zero initialized read-only memory block 'inst_frame_buffer_512/inst_wr_address_decoder_1/genblk1[1].inst_pclk_to_axi_buffer/ram__D$1'. (/home/steve/video_streaming_10g_demo_v1.4.1/rtl/lib/common/simple_dual_port_ram.sv:32)
[EFX-0656 WARNING] Optimizing into logic zero initialized read-only memory block 'inst_frame_buffer_512/inst_wr_address_decoder_1/genblk1[1].inst_pclk_to_axi_buffer/ram__D$2'. (/home/steve/video_streaming_10g_demo_v1.4.1/rtl/lib/common/simple_dual_port_ram.sv:32)
[EFX-0656 WARNING] Optimizing into logic zero initialized read-only memory block 'inst_frame_buffer_512/inst_wr_address_decoder_1/genblk1[0].inst_pclk_to_axi_buffer/ram__D$1'. (/home/steve/video_streaming_10g_demo_v1.4.1/rtl/lib/common/simple_dual_port_ram.sv:32)
[EFX-0656 WARNING] Optimizing into logic zero initialized read-only memory block 'inst_frame_buffer_512/inst_wr_address_decoder_1/genblk1[0].inst_pclk_to_axi_buffer/ram__D$2'. (/home/steve/video_streaming_10g_demo_v1.4.1/rtl/lib/common/simple_dual_port_ram.sv:32)
[EFX-0656 WARNING] Optimizing into logic zero initialized read-only memory block 'inst_frame_buffer_512/inst_wr_address_decoder_1/genblk1[6].inst_pclk_to_axi_buffer/ram__D$2'. (/home/steve/video_streaming_10g_demo_v1.4.1/rtl/lib/common/simple_dual_port_ram.sv:32)
[EFX-0656 WARNING] Optimizing into logic zero initialized read-only memory block 'inst_frame_buffer_512/inst_wr_address_decoder_1/genblk1[6].inst_pclk_to_axi_buffer/ram__D$1'. (/home/steve/video_streaming_10g_demo_v1.4.1/rtl/lib/common/simple_dual_port_ram.sv:32)
[EFX-0656 WARNING] Optimizing into logic zero initialized read-only memory block 'inst_frame_buffer_512/inst_wr_address_decoder_1/genblk1[7].inst_pclk_to_axi_buffer/ram__D$2'. (/home/steve/video_streaming_10g_demo_v1.4.1/rtl/lib/common/simple_dual_port_ram.sv:32)
[EFX-0656 WARNING] Optimizing into logic zero initialized read-only memory block 'inst_frame_buffer_512/inst_wr_address_decoder_1/genblk1[7].inst_pclk_to_axi_buffer/ram__D$1'. (/home/steve/video_streaming_10g_demo_v1.4.1/rtl/lib/common/simple_dual_port_ram.sv:32)
[EFX-0656 WARNING] Optimizing into logic zero initialized read-only memory block 'inst_frame_buffer_512/inst_wr_address_decoder_1/genblk1[8].inst_pclk_to_axi_buffer/ram__D$2'. (/home/steve/video_streaming_10g_demo_v1.4.1/rtl/lib/common/simple_dual_port_ram.sv:32)
[EFX-0656 WARNING] Optimizing into logic zero initialized read-only memory block 'inst_frame_buffer_512/inst_wr_address_decoder_1/genblk1[8].inst_pclk_to_axi_buffer/ram__D$1'. (/home/steve/video_streaming_10g_demo_v1.4.1/rtl/lib/common/simple_dual_port_ram.sv:32)
[EFX-0656 WARNING] Optimizing into logic zero initialized read-only memory block 'inst_frame_buffer_512/inst_wr_address_decoder_1/genblk1[9].inst_pclk_to_axi_buffer/ram__D$2'. (/home/steve/video_streaming_10g_demo_v1.4.1/rtl/lib/common/simple_dual_port_ram.sv:32)
[EFX-0656 WARNING] Optimizing into logic zero initialized read-only memory block 'inst_frame_buffer_512/inst_wr_address_decoder_1/genblk1[9].inst_pclk_to_axi_buffer/ram__D$1'. (/home/steve/video_streaming_10g_demo_v1.4.1/rtl/lib/common/simple_dual_port_ram.sv:32)
[EFX-0656 WARNING] Optimizing into logic zero initialized read-only memory block 'inst_frame_buffer_512/inst_wr_address_decoder_1/genblk1[10].inst_pclk_to_axi_buffer/ram__D$2'. (/home/steve/video_streaming_10g_demo_v1.4.1/rtl/lib/common/simple_dual_port_ram.sv:32)
[EFX-0656 WARNING] Optimizing into logic zero initialized read-only memory block 'inst_frame_buffer_512/inst_wr_address_decoder_1/genblk1[10].inst_pclk_to_axi_buffer/ram__D$1'. (/home/steve/video_streaming_10g_demo_v1.4.1/rtl/lib/common/simple_dual_port_ram.sv:32)
[EFX-0656 WARNING] Optimizing into logic zero initialized read-only memory block 'inst_frame_buffer_512/inst_wr_address_decoder_1/genblk1[11].inst_pclk_to_axi_buffer/ram__D$2'. (/home/steve/video_streaming_10g_demo_v1.4.1/rtl/lib/common/simple_dual_port_ram.sv:32)
[EFX-0656 WARNING] Optimizing into logic zero initialized read-only memory block 'inst_frame_buffer_512/inst_wr_address_decoder_1/genblk1[11].inst_pclk_to_axi_buffer/ram__D$1'. (/home/steve/video_streaming_10g_demo_v1.4.1/rtl/lib/common/simple_dual_port_ram.sv:32)
[EFX-0656 WARNING] Optimizing into logic zero initialized read-only memory block 'inst_frame_buffer_512/inst_wr_address_decoder_1/genblk1[12].inst_pclk_to_axi_buffer/ram__D$2'. (/home/steve/video_streaming_10g_demo_v1.4.1/rtl/lib/common/simple_dual_port_ram.sv:32)
[EFX-0656 WARNING] Optimizing into logic zero initialized read-only memory block 'inst_frame_buffer_512/inst_wr_address_decoder_1/genblk1[12].inst_pclk_to_axi_buffer/ram__D$1'. (/home/steve/video_streaming_10g_demo_v1.4.1/rtl/lib/common/simple_dual_port_ram.sv:32)
[EFX-0656 WARNING] Optimizing into logic zero initialized read-only memory block 'inst_frame_buffer_512/inst_wr_address_decoder_1/genblk1[13].inst_pclk_to_axi_buffer/ram__D$2'. (/home/steve/video_streaming_10g_demo_v1.4.1/rtl/lib/common/simple_dual_port_ram.sv:32)
[EFX-0656 WARNING] Optimizing into logic zero initialized read-only memory block 'inst_frame_buffer_512/inst_wr_address_decoder_1/genblk1[13].inst_pclk_to_axi_buffer/ram__D$1'. (/home/steve/video_streaming_10g_demo_v1.4.1/rtl/lib/common/simple_dual_port_ram.sv:32)
[EFX-0656 WARNING] Optimizing into logic zero initialized read-only memory block 'inst_frame_buffer_512/inst_wr_address_decoder_1/genblk1[14].inst_pclk_to_axi_buffer/ram__D$2'. (/home/steve/video_streaming_10g_demo_v1.4.1/rtl/lib/common/simple_dual_port_ram.sv:32)
[EFX-0656 WARNING] Optimizing into logic zero initialized read-only memory block 'inst_frame_buffer_512/inst_wr_address_decoder_1/genblk1[14].inst_pclk_to_axi_buffer/ram__D$1'. (/home/steve/video_streaming_10g_demo_v1.4.1/rtl/lib/common/simple_dual_port_ram.sv:32)
[EFX-0656 WARNING] Optimizing into logic zero initialized read-only memory block 'inst_frame_buffer_512/inst_wr_address_decoder_1/genblk1[15].inst_pclk_to_axi_buffer/ram__D$2'. (/home/steve/video_streaming_10g_demo_v1.4.1/rtl/lib/common/simple_dual_port_ram.sv:32)
[EFX-0656 WARNING] Optimizing into logic zero initialized read-only memory block 'inst_frame_buffer_512/inst_wr_address_decoder_1/genblk1[15].inst_pclk_to_axi_buffer/ram__D$1'. (/home/steve/video_streaming_10g_demo_v1.4.1/rtl/lib/common/simple_dual_port_ram.sv:32)
[EFX-0657 WARNING] Mapping into logic memory block 'inst_udp_video_generator/inst_frame_buffer_512/inst_Axi4_2x512_1x512_00/io_axim_writeOnly_arbiter/cmdArbiter_io_output_fork_io_outputs_1_translated_fifo/ram' (4 bits) (/home/steve/video_streaming_10g_demo_v1.4.1/rtl/lib/common/frame_buffer_512/Axi4_2x512_1x512.v:1671) because size is too small (<=64)
[EFX-0657 WARNING] Mapping into logic memory block 'debounce_switch_inst/debounce_reg' (16 bits) (/home/steve/video_streaming_10g_demo_v1.4.1/rtl/debounce_switch.v:47) because size is too small (<=64)
[EFX-0657 WARNING] Mapping into logic memory block 'q1_apb_master/rom_mif' (1060 bits) (/home/steve/video_streaming_10g_demo_v1.4.1/rtl/apb_master.sv:49) because read port is not synchronous.
[EFX-0657 WARNING] Mapping into logic memory block 'inst_sapphire/u_EfxSapphireSoc/system_riscvJtag_debug_logic_dm/logic_progbufX_mem' (64 bits) (/home/steve/video_streaming_10g_demo_v1.4.1/fpga/Ti375N1156-DK/ip/sapphire_gen/sapphire_gen.v:9567) because size is too small (<=64)

///////////////////////////////////
// Efinity Synthesis Started 
// Sep 21, 2026 23:18:28
///////////////////////////////////

[EFX-0011 VERI-WARNING] port 'probe22' remains unconnected for this instance (VERI-1927) (/home/steve/video_streaming_10g_demo_v1.4.1/fpga/Ti375N1156-DK/work_dbg/debug_top.v:206)
[EFX-0011 VERI-WARNING] port 'probe1' remains unconnected for this instance (VERI-1927) (/home/steve/video_streaming_10g_demo_v1.4.1/fpga/Ti375N1156-DK/work_dbg/debug_top.v:240)
[EFX-0011 VERI-WARNING] port 'probe1' remains unconnected for this instance (VERI-1927) (/home/steve/video_streaming_10g_demo_v1.4.1/fpga/Ti375N1156-DK/work_dbg/debug_top.v:274)
[EFX-0011 VERI-WARNING] input port 'probe22[0]' remains unconnected for this instance (VDB-1053) (/home/steve/video_streaming_10g_demo_v1.4.1/fpga/Ti375N1156-DK/work_dbg/debug_top.v:164)
[EFX-0011 VERI-WARNING] input port 'probe1[0]' remains unconnected for this instance (VDB-1053) (/home/steve/video_streaming_10g_demo_v1.4.1/fpga/Ti375N1156-DK/work_dbg/debug_top.v:219)
[EFX-0011 VERI-WARNING] input port 'probe1[0]' remains unconnected for this instance (VDB-1053) (/home/steve/video_streaming_10g_demo_v1.4.1/fpga/Ti375N1156-DK/work_dbg/debug_top.v:253)
[EFX-0200 WARNING] Removing redundant signal : compared_in[0]. (/home/steve/video_streaming_10g_demo_v1.4.1/fpga/Ti375N1156-DK/work_dbg/debug_top.v:5651)
[EFX-0200 WARNING] Removing redundant signal : mask_in[0]. (/home/steve/video_streaming_10g_demo_v1.4.1/fpga/Ti375N1156-DK/work_dbg/debug_top.v:5652)
[EFX-0200 WARNING] Removing redundant signal : trigger_in. (/home/steve/video_streaming_10g_demo_v1.4.1/fpga/Ti375N1156-DK/work_dbg/debug_top.v:5862)
[EFX-0200 WARNING] Removing redundant signal : din[72]. (/home/steve/video_streaming_10g_demo_v1.4.1/fpga/Ti375N1156-DK/work_dbg/debug_top.v:4747)
[EFX-0200 WARNING] Removing redundant signal : trig_out. (/home/steve/video_streaming_10g_demo_v1.4.1/fpga/Ti375N1156-DK/work_dbg/debug_top.v:5028)
[EFX-0200 WARNING] Removing redundant signal : trig_out_ack. (/home/steve/video_streaming_10g_demo_v1.4.1/fpga/Ti375N1156-DK/work_dbg/debug_top.v:5029)
[EFX-0200 WARNING] Removing redundant signal : bscan_DRCK. (/home/steve/video_streaming_10g_demo_v1.4.1/fpga/Ti375N1156-DK/work_dbg/debug_top.v:1180)
[EFX-0200 WARNING] Removing redundant signal : bscan_RUNTEST. (/home/steve/video_streaming_10g_demo_v1.4.1/fpga/Ti375N1156-DK/work_dbg/debug_top.v:1182)
[EFX-0200 WARNING] Removing redundant signal : bscan_SEL. (/home/steve/video_streaming_10g_demo_v1.4.1/fpga/Ti375N1156-DK/work_dbg/debug_top.v:1183)
[EFX-0200 WARNING] Removing redundant signal : bscan_TMS. (/home/steve/video_streaming_10g_demo_v1.4.1/fpga/Ti375N1156-DK/work_dbg/debug_top.v:1187)
[EFX-0200 WARNING] Removing redundant signal : trig_in_ack. (/home/steve/video_streaming_10g_demo_v1.4.1/fpga/Ti375N1156-DK/work_dbg/debug_top.v:1198)
[EFX-0200 WARNING] Removing redundant signal : mux_capture_cmp[21]. (/home/steve/video_streaming_10g_demo_v1.4.1/fpga/Ti375N1156-DK/work_dbg/debug_top.v:3612)
[EFX-0200 WARNING] Removing redundant signal : mux_capture_cmp[20]. (/home/steve/video_streaming_10g_demo_v1.4.1/fpga/Ti375N1156-DK/work_dbg/debug_top.v:3612)
[EFX-0200 WARNING] Removing redundant signal : mux_capture_cmp[19]. (/home/steve/video_streaming_10g_demo_v1.4.1/fpga/Ti375N1156-DK/work_dbg/debug_top.v:3612)
[EFX-0200 WARNING] Removing redundant signal : mux_capture_cmp[18]. (/home/steve/video_streaming_10g_demo_v1.4.1/fpga/Ti375N1156-DK/work_dbg/debug_top.v:3612)
[EFX-0200 WARNING] Removing redundant signal : mux_capture_cmp[17]. (/home/steve/video_streaming_10g_demo_v1.4.1/fpga/Ti375N1156-DK/work_dbg/debug_top.v:3612)
[EFX-0200 WARNING] Removing redundant signal : mux_capture_cmp[16]. (/home/steve/video_streaming_10g_demo_v1.4.1/fpga/Ti375N1156-DK/work_dbg/debug_top.v:3612)
[EFX-0200 WARNING] Removing redundant signal : mux_capture_cmp[15]. (/home/steve/video_streaming_10g_demo_v1.4.1/fpga/Ti375N1156-DK/work_dbg/debug_top.v:3612)
[EFX-0200 WARNING] Removing redundant signal : mux_capture_cmp[14]. (/home/steve/video_streaming_10g_demo_v1.4.1/fpga/Ti375N1156-DK/work_dbg/debug_top.v:3612)
[EFX-0200 WARNING] Removing redundant signal : mux_capture_cmp[13]. (/home/steve/video_streaming_10g_demo_v1.4.1/fpga/Ti375N1156-DK/work_dbg/debug_top.v:3612)
[EFX-0201 WARNING] Re-wiring to GND non-driven net 'la0.probe22[0]'. (/home/steve/video_streaming_10g_demo_v1.4.1/fpga/Ti375N1156-DK/work_dbg/debug_top.v:164)
[EFX-0201 WARNING] Re-wiring to GND non-driven net 'la0.probe23[0]'. (/home/steve/video_streaming_10g_demo_v1.4.1/fpga/Ti375N1156-DK/work_dbg/debug_top.v:164)
[EFX-0201 WARNING] Re-wiring to GND non-driven net 'la0.probe24[0]'. (/home/steve/video_streaming_10g_demo_v1.4.1/fpga/Ti375N1156-DK/work_dbg/debug_top.v:164)
[EFX-0201 WARNING] Re-wiring to GND non-driven net 'la0.probe25[0]'. (/home/steve/video_streaming_10g_demo_v1.4.1/fpga/Ti375N1156-DK/work_dbg/debug_top.v:164)
[EFX-0201 WARNING] Re-wiring to GND non-driven net 'la0.probe26[0]'. (/home/steve/video_streaming_10g_demo_v1.4.1/fpga/Ti375N1156-DK/work_dbg/debug_top.v:164)
[EFX-0201 WARNING] Re-wiring to GND non-driven net 'la0.probe27[0]'. (/home/steve/video_streaming_10g_demo_v1.4.1/fpga/Ti375N1156-DK/work_dbg/debug_top.v:164)
[EFX-0201 WARNING] Re-wiring to GND non-driven net 'la0.probe28[0]'. (/home/steve/video_streaming_10g_demo_v1.4.1/fpga/Ti375N1156-DK/work_dbg/debug_top.v:164)
[EFX-0201 WARNING] Re-wiring to GND non-driven net 'la0.probe29[0]'. (/home/steve/video_streaming_10g_demo_v1.4.1/fpga/Ti375N1156-DK/work_dbg/debug_top.v:164)
[EFX-0201 WARNING] Re-wiring to GND non-driven net 'la0.probe30[0]'. (/home/steve/video_streaming_10g_demo_v1.4.1/fpga/Ti375N1156-DK/work_dbg/debug_top.v:164)
[EFX-0201 WARNING] Re-wiring to GND non-driven net 'la0.probe31[0]'. (/home/steve/video_streaming_10g_demo_v1.4.1/fpga/Ti375N1156-DK/work_dbg/debug_top.v:164)
[EFX-0011 VERI-WARNING] Input/inout port bscan_DRCK is unconnected and will be removed. (VDB-8003) (/home/steve/video_streaming_10g_demo_v1.4.1/fpga/Ti375N1156-DK/work_dbg/debug_top.v:13)
[EFX-0011 VERI-WARNING] Input/inout port bscan_RUNTEST is unconnected and will be removed. (VDB-8003) (/home/steve/video_streaming_10g_demo_v1.4.1/fpga/Ti375N1156-DK/work_dbg/debug_top.v:15)
[EFX-0011 VERI-WARNING] Input/inout port bscan_TMS is unconnected and will be removed. (VDB-8003) (/home/steve/video_streaming_10g_demo_v1.4.1/fpga/Ti375N1156-DK/work_dbg/debug_top.v:20)

///////////////////////////////////
// Efinity Synthesis Started 
// Sep 21, 2026 23:19:38
///////////////////////////////////

[EFX-0256 WARNING] The primary output port 'sfp0_PMA_TX_ELEC_IDLE' wire 'sfp0_PMA_TX_ELEC_IDLE' is not driven.
[EFX-0256 WARNING] The primary output port 'sfp0_ETH_EEE_ALERT_EN' wire 'sfp0_ETH_EEE_ALERT_EN' is not driven.
[EFX-0200 WARNING] Removing redundant signal : k[31]. (/home/steve/video_streaming_10g_demo_v1.4.1/rtl/debounce_switch.v:56)
[EFX-0200 WARNING] Removing redundant signal : k[30]. (/home/steve/video_streaming_10g_demo_v1.4.1/rtl/debounce_switch.v:56)
[EFX-0200 WARNING] Removing redundant signal : k[29]. (/home/steve/video_streaming_10g_demo_v1.4.1/rtl/debounce_switch.v:56)
[EFX-0200 WARNING] Removing redundant signal : k[28]. (/home/steve/video_streaming_10g_demo_v1.4.1/rtl/debounce_switch.v:56)
[EFX-0200 WARNING] Removing redundant signal : k[27]. (/home/steve/video_streaming_10g_demo_v1.4.1/rtl/debounce_switch.v:56)
[EFX-0200 WARNING] Removing redundant signal : k[26]. (/home/steve/video_streaming_10g_demo_v1.4.1/rtl/debounce_switch.v:56)
[EFX-0200 WARNING] Removing redundant signal : k[25]. (/home/steve/video_streaming_10g_demo_v1.4.1/rtl/debounce_switch.v:56)
[EFX-0200 WARNING] Removing redundant signal : k[24]. (/home/steve/video_streaming_10g_demo_v1.4.1/rtl/debounce_switch.v:56)
[EFX-0200 WARNING] Removing redundant signal : k[23]. (/home/steve/video_streaming_10g_demo_v1.4.1/rtl/debounce_switch.v:56)
[EFX-0200 WARNING] Removing redundant signal : k[22]. (/home/steve/video_streaming_10g_demo_v1.4.1/rtl/debounce_switch.v:56)
[EFX-0200 WARNING] Removing redundant signal : k[21]. (/home/steve/video_streaming_10g_demo_v1.4.1/rtl/debounce_switch.v:56)
[EFX-0200 WARNING] Removing redundant signal : k[20]. (/home/steve/video_streaming_10g_demo_v1.4.1/rtl/debounce_switch.v:56)
[EFX-0200 WARNING] Removing redundant signal : k[19]. (/home/steve/video_streaming_10g_demo_v1.4.1/rtl/debounce_switch.v:56)
[EFX-0200 WARNING] Removing redundant signal : k[18]. (/home/steve/video_streaming_10g_demo_v1.4.1/rtl/debounce_switch.v:56)
[EFX-0200 WARNING] Removing redundant signal : k[17]. (/home/steve/video_streaming_10g_demo_v1.4.1/rtl/debounce_switch.v:56)
[EFX-0200 WARNING] Removing redundant signal : k[16]. (/home/steve/video_streaming_10g_demo_v1.4.1/rtl/debounce_switch.v:56)
[EFX-0200 WARNING] Removing redundant signal : k[15]. (/home/steve/video_streaming_10g_demo_v1.4.1/rtl/debounce_switch.v:56)
[EFX-0200 WARNING] Removing redundant signal : k[14]. (/home/steve/video_streaming_10g_demo_v1.4.1/rtl/debounce_switch.v:56)
[EFX-0200 WARNING] Removing redundant signal : k[13]. (/home/steve/video_streaming_10g_demo_v1.4.1/rtl/debounce_switch.v:56)
[EFX-0200 WARNING] Removing redundant signal : k[12]. (/home/steve/video_streaming_10g_demo_v1.4.1/rtl/debounce_switch.v:56)
[EFX-0201 WARNING] Re-wiring to GND non-driven net 'IBusCachedPlugin_cache_io_cpu_fetch_isRemoved'. (/home/steve/video_streaming_10g_demo_v1.4.1/fpga/Ti375N1156-DK/ip/sapphire_gen/sapphire_gen.v:10450)
[EFX-0201 WARNING] Re-wiring to GND non-driven net 'dataCache_1_io_cpu_writeBack_fence_SW'. (/home/steve/video_streaming_10g_demo_v1.4.1/fpga/Ti375N1156-DK/ip/sapphire_gen/sapphire_gen.v:10463)
[EFX-0201 WARNING] Re-wiring to GND non-driven net 'dataCache_1_io_cpu_writeBack_fence_SR'. (/home/steve/video_streaming_10g_demo_v1.4.1/fpga/Ti375N1156-DK/ip/sapphire_gen/sapphire_gen.v:10464)
[EFX-0201 WARNING] Re-wiring to GND non-driven net 'dataCache_1_io_cpu_writeBack_fence_SO'. (/home/steve/video_streaming_10g_demo_v1.4.1/fpga/Ti375N1156-DK/ip/sapphire_gen/sapphire_gen.v:10465)
[EFX-0201 WARNING] Re-wiring to GND non-driven net 'dataCache_1_io_cpu_writeBack_fence_SI'. (/home/steve/video_streaming_10g_demo_v1.4.1/fpga/Ti375N1156-DK/ip/sapphire_gen/sapphire_gen.v:10466)
[EFX-0201 WARNING] Re-wiring to GND non-driven net 'dataCache_1_io_cpu_writeBack_fence_PW'. (/home/steve/video_streaming_10g_demo_v1.4.1/fpga/Ti375N1156-DK/ip/sapphire_gen/sapphire_gen.v:10467)
[EFX-0201 WARNING] Re-wiring to GND non-driven net 'dataCache_1_io_cpu_writeBack_fence_PR'. (/home/steve/video_streaming_10g_demo_v1.4.1/fpga/Ti375N1156-DK/ip/sapphire_gen/sapphire_gen.v:10468)
[EFX-0201 WARNING] Re-wiring to GND non-driven net 'dataCache_1_io_cpu_writeBack_fence_PO'. (/home/steve/video_streaming_10g_demo_v1.4.1/fpga/Ti375N1156-DK/ip/sapphire_gen/sapphire_gen.v:10469)
[EFX-0201 WARNING] Re-wiring to GND non-driven net 'dataCache_1_io_cpu_writeBack_fence_PI'. (/home/steve/video_streaming_10g_demo_v1.4.1/fpga/Ti375N1156-DK/ip/sapphire_gen/sapphire_gen.v:10470)
[EFX-0201 WARNING] Re-wiring to GND non-driven net 'dataCache_1_io_cpu_writeBack_fence_FM[3]'. (/home/steve/video_streaming_10g_demo_v1.4.1/fpga/Ti375N1156-DK/ip/sapphire_gen/sapphire_gen.v:10471)
[EFX-0656 WARNING] Optimizing into logic zero initialized read-only memory block 'inst_rd_address_decoder_1/inst_simple_dual_port_ram_00/ram__D$y1'. (/home/steve/video_streaming_10g_demo_v1.4.1/rtl/lib/common/simple_dual_port_ram.sv:32)
[EFX-0656 WARNING] Optimizing into logic zero initialized read-only memory block 'inst_rd_address_decoder_1/inst_simple_dual_port_ram_00/ram__D$x12'. (/home/steve/video_streaming_10g_demo_v1.4.1/rtl/lib/common/simple_dual_port_ram.sv:32)
[EFX-0656 WARNING] Optimizing into logic zero initialized read-only memory block 'inst_rd_address_decoder_1/inst_simple_dual_port_ram_00/ram__D$w12'. (/home/steve/video_streaming_10g_demo_v1.4.1/rtl/lib/common/simple_dual_port_ram.sv:32)
[EFX-0656 WARNING] Optimizing into logic zero initialized read-only memory block 'inst_rd_address_decoder_1/inst_simple_dual_port_ram_00/ram__D$v12'. (/home/steve/video_streaming_10g_demo_v1.4.1/rtl/lib/common/simple_dual_port_ram.sv:32)
[EFX-0656 WARNING] Optimizing into logic zero initialized read-only memory block 'inst_rd_address_decoder_1/inst_simple_dual_port_ram_00/ram__D$u12'. (/home/steve/video_streaming_10g_demo_v1.4.1/rtl/lib/common/simple_dual_port_ram.sv:32)
[EFX-0656 WARNING] Optimizing into logic zero initialized read-only memory block 'inst_rd_address_decoder_1/inst_simple_dual_port_ram_00/ram__D$t12'. (/home/steve/video_streaming_10g_demo_v1.4.1/rtl/lib/common/simple_dual_port_ram.sv:32)
[EFX-0656 WARNING] Optimizing into logic zero initialized read-only memory block 'inst_rd_address_decoder_1/inst_simple_dual_port_ram_00/ram__D$s12'. (/home/steve/video_streaming_10g_demo_v1.4.1/rtl/lib/common/simple_dual_port_ram.sv:32)
[EFX-0656 WARNING] Optimizing into logic zero initialized read-only memory block 'inst_rd_address_decoder_1/inst_simple_dual_port_ram_00/ram__D$r12'. (/home/steve/video_streaming_10g_demo_v1.4.1/rtl/lib/common/simple_dual_port_ram.sv:32)
[EFX-0656 WARNING] Optimizing into logic zero initialized read-only memory block 'inst_rd_address_decoder_1/inst_simple_dual_port_ram_00/ram__D$q12'. (/home/steve/video_streaming_10g_demo_v1.4.1/rtl/lib/common/simple_dual_port_ram.sv:32)
[EFX-0656 WARNING] Optimizing into logic zero initialized read-only memory block 'inst_rd_address_decoder_1/inst_simple_dual_port_ram_00/ram__D$p12'. (/home/steve/video_streaming_10g_demo_v1.4.1/rtl/lib/common/simple_dual_port_ram.sv:32)
[EFX-0656 WARNING] Optimizing into logic zero initialized read-only memory block 'inst_rd_address_decoder_1/inst_simple_dual_port_ram_00/ram__D$o12'. (/home/steve/video_streaming_10g_demo_v1.4.1/rtl/lib/common/simple_dual_port_ram.sv:32)
[EFX-0656 WARNING] Optimizing into logic zero initialized read-only memory block 'inst_rd_address_decoder_1/inst_simple_dual_port_ram_00/ram__D$n12'. (/home/steve/video_streaming_10g_demo_v1.4.1/rtl/lib/common/simple_dual_port_ram.sv:32)
[EFX-0656 WARNING] Optimizing into logic zero initialized read-only memory block 'inst_rd_address_decoder_1/inst_simple_dual_port_ram_00/ram__D$m12'. (/home/steve/video_streaming_10g_demo_v1.4.1/rtl/lib/common/simple_dual_port_ram.sv:32)
[EFX-0656 WARNING] Optimizing into logic zero initialized read-only memory block 'inst_rd_address_decoder_1/inst_simple_dual_port_ram_00/ram__D$l12'. (/home/steve/video_streaming_10g_demo_v1.4.1/rtl/lib/common/simple_dual_port_ram.sv:32)
[EFX-0656 WARNING] Optimizing into logic zero initialized read-only memory block 'inst_rd_address_decoder_1/inst_simple_dual_port_ram_00/ram__D$k12'. (/home/steve/video_streaming_10g_demo_v1.4.1/rtl/lib/common/simple_dual_port_ram.sv:32)
[EFX-0656 WARNING] Optimizing into logic zero initialized read-only memory block 'inst_rd_address_decoder_1/inst_simple_dual_port_ram_00/ram__D$j12'. (/home/steve/video_streaming_10g_demo_v1.4.1/rtl/lib/common/simple_dual_port_ram.sv:32)
[EFX-0656 WARNING] Optimizing into logic zero initialized read-only memory block 'inst_rd_address_decoder_1/inst_simple_dual_port_ram_00/ram__D$i12'. (/home/steve/video_streaming_10g_demo_v1.4.1/rtl/lib/common/simple_dual_port_ram.sv:32)
[EFX-0656 WARNING] Optimizing into logic zero initialized read-only memory block 'inst_rd_address_decoder_1/inst_simple_dual_port_ram_00/ram__D$h12'. (/home/steve/video_streaming_10g_demo_v1.4.1/rtl/lib/common/simple_dual_port_ram.sv:32)
[EFX-0656 WARNING] Optimizing into logic zero initialized read-only memory block 'inst_rd_address_decoder_1/inst_simple_dual_port_ram_00/ram__D$g12'. (/home/steve/video_streaming_10g_demo_v1.4.1/rtl/lib/common/simple_dual_port_ram.sv:32)
[EFX-0656 WARNING] Optimizing into logic zero initialized read-only memory block 'inst_rd_address_decoder_1/inst_simple_dual_port_ram_00/ram__D$f12'. (/home/steve/video_streaming_10g_demo_v1.4.1/rtl/lib/common/simple_dual_port_ram.sv:32)
[EFX-0656 WARNING] Optimizing into logic zero initialized read-only memory block 'inst_rd_address_decoder_1/inst_simple_dual_port_ram_00/ram__D$e12'. (/home/steve/video_streaming_10g_demo_v1.4.1/rtl/lib/common/simple_dual_port_ram.sv:32)
[EFX-0656 WARNING] Optimizing into logic zero initialized read-only memory block 'inst_rd_address_decoder_1/inst_simple_dual_port_ram_00/ram__D$d12'. (/home/steve/video_streaming_10g_demo_v1.4.1/rtl/lib/common/simple_dual_port_ram.sv:32)
[EFX-0656 WARNING] Optimizing into logic zero initialized read-only memory block 'inst_rd_address_decoder_1/inst_simple_dual_port_ram_00/ram__D$c12'. (/home/steve/video_streaming_10g_demo_v1.4.1/rtl/lib/common/simple_dual_port_ram.sv:32)
[EFX-0656 WARNING] Optimizing into logic zero initialized read-only memory block 'inst_rd_address_decoder_1/inst_simple_dual_port_ram_00/ram__D$b12'. (/home/steve/video_streaming_10g_demo_v1.4.1/rtl/lib/common/simple_dual_port_ram.sv:32)
[EFX-0656 WARNING] Optimizing into logic zero initialized read-only memory block 'inst_rd_address_decoder_1/inst_simple_dual_port_ram_00/ram__D$12'. (/home/steve/video_streaming_10g_demo_v1.4.1/rtl/lib/common/simple_dual_port_ram.sv:32)
[EFX-0656 WARNING] Optimizing into logic zero initialized read-only memory block 'inst_rd_address_decoder_1/inst_simple_dual_port_ram_00/ram__D$2'. (/home/steve/video_streaming_10g_demo_v1.4.1/rtl/lib/common/simple_dual_port_ram.sv:32)
[EFX-0656 WARNING] Optimizing into logic zero initialized read-only memory block 'inst_frame_buffer_512/inst_wr_address_decoder_1/genblk1[5].inst_pclk_to_axi_buffer/ram__D$1'. (/home/steve/video_streaming_10g_demo_v1.4.1/rtl/lib/common/simple_dual_port_ram.sv:32)
[EFX-0656 WARNING] Optimizing into logic zero initialized read-only memory block 'inst_frame_buffer_512/inst_wr_address_decoder_1/genblk1[5].inst_pclk_to_axi_buffer/ram__D$2'. (/home/steve/video_streaming_10g_demo_v1.4.1/rtl/lib/common/simple_dual_port_ram.sv:32)
[EFX-0656 WARNING] Optimizing into logic zero initialized read-only memory block 'inst_frame_buffer_512/inst_wr_address_decoder_1/genblk1[4].inst_pclk_to_axi_buffer/ram__D$1'. (/home/steve/video_streaming_10g_demo_v1.4.1/rtl/lib/common/simple_dual_port_ram.sv:32)
[EFX-0656 WARNING] Optimizing into logic zero initialized read-only memory block 'inst_frame_buffer_512/inst_wr_address_decoder_1/genblk1[4].inst_pclk_to_axi_buffer/ram__D$2'. (/home/steve/video_streaming_10g_demo_v1.4.1/rtl/lib/common/simple_dual_port_ram.sv:32)
[EFX-0656 WARNING] Optimizing into logic zero initialized read-only memory block 'inst_frame_buffer_512/inst_wr_address_decoder_1/genblk1[3].inst_pclk_to_axi_buffer/ram__D$1'. (/home/steve/video_streaming_10g_demo_v1.4.1/rtl/lib/common/simple_dual_port_ram.sv:32)
[EFX-0656 WARNING] Optimizing into logic zero initialized read-only memory block 'inst_frame_buffer_512/inst_wr_address_decoder_1/genblk1[3].inst_pclk_to_axi_buffer/ram__D$2'. (/home/steve/video_streaming_10g_demo_v1.4.1/rtl/lib/common/simple_dual_port_ram.sv:32)
[EFX-0656 WARNING] Optimizing into logic zero initialized read-only memory block 'inst_frame_buffer_512/inst_wr_address_decoder_1/genblk1[2].inst_pclk_to_axi_buffer/ram__D$1'. (/home/steve/video_streaming_10g_demo_v1.4.1/rtl/lib/common/simple_dual_port_ram.sv:32)
[EFX-0656 WARNING] Optimizing into logic zero initialized read-only memory block 'inst_frame_buffer_512/inst_wr_address_decoder_1/genblk1[2].inst_pclk_to_axi_buffer/ram__D$2'. (/home/steve/video_streaming_10g_demo_v1.4.1/rtl/lib/common/simple_dual_port_ram.sv:32)
[EFX-0656 WARNING] Optimizing into logic zero initialized read-only memory block 'inst_frame_buffer_512/inst_wr_address_decoder_1/genblk1[1].inst_pclk_to_axi_buffer/ram__D$1'. (/home/steve/video_streaming_10g_demo_v1.4.1/rtl/lib/common/simple_dual_port_ram.sv:32)
[EFX-0656 WARNING] Optimizing into logic zero initialized read-only memory block 'inst_frame_buffer_512/inst_wr_address_decoder_1/genblk1[1].inst_pclk_to_axi_buffer/ram__D$2'. (/home/steve/video_streaming_10g_demo_v1.4.1/rtl/lib/common/simple_dual_port_ram.sv:32)
[EFX-0656 WARNING] Optimizing into logic zero initialized read-only memory block 'inst_frame_buffer_512/inst_wr_address_decoder_1/genblk1[0].inst_pclk_to_axi_buffer/ram__D$1'. (/home/steve/video_streaming_10g_demo_v1.4.1/rtl/lib/common/simple_dual_port_ram.sv:32)
[EFX-0656 WARNING] Optimizing into logic zero initialized read-only memory block 'inst_frame_buffer_512/inst_wr_address_decoder_1/genblk1[0].inst_pclk_to_axi_buffer/ram__D$2'. (/home/steve/video_streaming_10g_demo_v1.4.1/rtl/lib/common/simple_dual_port_ram.sv:32)
[EFX-0656 WARNING] Optimizing into logic zero initialized read-only memory block 'inst_frame_buffer_512/inst_wr_address_decoder_1/genblk1[6].inst_pclk_to_axi_buffer/ram__D$2'. (/home/steve/video_streaming_10g_demo_v1.4.1/rtl/lib/common/simple_dual_port_ram.sv:32)
[EFX-0656 WARNING] Optimizing into logic zero initialized read-only memory block 'inst_frame_buffer_512/inst_wr_address_decoder_1/genblk1[6].inst_pclk_to_axi_buffer/ram__D$1'. (/home/steve/video_streaming_10g_demo_v1.4.1/rtl/lib/common/simple_dual_port_ram.sv:32)
[EFX-0656 WARNING] Optimizing into logic zero initialized read-only memory block 'inst_frame_buffer_512/inst_wr_address_decoder_1/genblk1[7].inst_pclk_to_axi_buffer/ram__D$2'. (/home/steve/video_streaming_10g_demo_v1.4.1/rtl/lib/common/simple_dual_port_ram.sv:32)
[EFX-0656 WARNING] Optimizing into logic zero initialized read-only memory block 'inst_frame_buffer_512/inst_wr_address_decoder_1/genblk1[7].inst_pclk_to_axi_buffer/ram__D$1'. (/home/steve/video_streaming_10g_demo_v1.4.1/rtl/lib/common/simple_dual_port_ram.sv:32)
[EFX-0656 WARNING] Optimizing into logic zero initialized read-only memory block 'inst_frame_buffer_512/inst_wr_address_decoder_1/genblk1[8].inst_pclk_to_axi_buffer/ram__D$2'. (/home/steve/video_streaming_10g_demo_v1.4.1/rtl/lib/common/simple_dual_port_ram.sv:32)
[EFX-0656 WARNING] Optimizing into logic zero initialized read-only memory block 'inst_frame_buffer_512/inst_wr_address_decoder_1/genblk1[8].inst_pclk_to_axi_buffer/ram__D$1'. (/home/steve/video_streaming_10g_demo_v1.4.1/rtl/lib/common/simple_dual_port_ram.sv:32)
[EFX-0656 WARNING] Optimizing into logic zero initialized read-only memory block 'inst_frame_buffer_512/inst_wr_address_decoder_1/genblk1[9].inst_pclk_to_axi_buffer/ram__D$2'. (/home/steve/video_streaming_10g_demo_v1.4.1/rtl/lib/common/simple_dual_port_ram.sv:32)
[EFX-0656 WARNING] Optimizing into logic zero initialized read-only memory block 'inst_frame_buffer_512/inst_wr_address_decoder_1/genblk1[9].inst_pclk_to_axi_buffer/ram__D$1'. (/home/steve/video_streaming_10g_demo_v1.4.1/rtl/lib/common/simple_dual_port_ram.sv:32)
[EFX-0656 WARNING] Optimizing into logic zero initialized read-only memory block 'inst_frame_buffer_512/inst_wr_address_decoder_1/genblk1[10].inst_pclk_to_axi_buffer/ram__D$2'. (/home/steve/video_streaming_10g_demo_v1.4.1/rtl/lib/common/simple_dual_port_ram.sv:32)
[EFX-0656 WARNING] Optimizing into logic zero initialized read-only memory block 'inst_frame_buffer_512/inst_wr_address_decoder_1/genblk1[10].inst_pclk_to_axi_buffer/ram__D$1'. (/home/steve/video_streaming_10g_demo_v1.4.1/rtl/lib/common/simple_dual_port_ram.sv:32)
[EFX-0656 WARNING] Optimizing into logic zero initialized read-only memory block 'inst_frame_buffer_512/inst_wr_address_decoder_1/genblk1[11].inst_pclk_to_axi_buffer/ram__D$2'. (/home/steve/video_streaming_10g_demo_v1.4.1/rtl/lib/common/simple_dual_port_ram.sv:32)
[EFX-0656 WARNING] Optimizing into logic zero initialized read-only memory block 'inst_frame_buffer_512/inst_wr_address_decoder_1/genblk1[11].inst_pclk_to_axi_buffer/ram__D$1'. (/home/steve/video_streaming_10g_demo_v1.4.1/rtl/lib/common/simple_dual_port_ram.sv:32)
[EFX-0656 WARNING] Optimizing into logic zero initialized read-only memory block 'inst_frame_buffer_512/inst_wr_address_decoder_1/genblk1[12].inst_pclk_to_axi_buffer/ram__D$2'. (/home/steve/video_streaming_10g_demo_v1.4.1/rtl/lib/common/simple_dual_port_ram.sv:32)
[EFX-0656 WARNING] Optimizing into logic zero initialized read-only memory block 'inst_frame_buffer_512/inst_wr_address_decoder_1/genblk1[12].inst_pclk_to_axi_buffer/ram__D$1'. (/home/steve/video_streaming_10g_demo_v1.4.1/rtl/lib/common/simple_dual_port_ram.sv:32)
[EFX-0656 WARNING] Optimizing into logic zero initialized read-only memory block 'inst_frame_buffer_512/inst_wr_address_decoder_1/genblk1[13].inst_pclk_to_axi_buffer/ram__D$2'. (/home/steve/video_streaming_10g_demo_v1.4.1/rtl/lib/common/simple_dual_port_ram.sv:32)
[EFX-0656 WARNING] Optimizing into logic zero initialized read-only memory block 'inst_frame_buffer_512/inst_wr_address_decoder_1/genblk1[13].inst_pclk_to_axi_buffer/ram__D$1'. (/home/steve/video_streaming_10g_demo_v1.4.1/rtl/lib/common/simple_dual_port_ram.sv:32)
[EFX-0656 WARNING] Optimizing into logic zero initialized read-only memory block 'inst_frame_buffer_512/inst_wr_address_decoder_1/genblk1[14].inst_pclk_to_axi_buffer/ram__D$2'. (/home/steve/video_streaming_10g_demo_v1.4.1/rtl/lib/common/simple_dual_port_ram.sv:32)
[EFX-0656 WARNING] Optimizing into logic zero initialized read-only memory block 'inst_frame_buffer_512/inst_wr_address_decoder_1/genblk1[14].inst_pclk_to_axi_buffer/ram__D$1'. (/home/steve/video_streaming_10g_demo_v1.4.1/rtl/lib/common/simple_dual_port_ram.sv:32)
[EFX-0656 WARNING] Optimizing into logic zero initialized read-only memory block 'inst_frame_buffer_512/inst_wr_address_decoder_1/genblk1[15].inst_pclk_to_axi_buffer/ram__D$2'. (/home/steve/video_streaming_10g_demo_v1.4.1/rtl/lib/common/simple_dual_port_ram.sv:32)
[EFX-0656 WARNING] Optimizing into logic zero initialized read-only memory block 'inst_frame_buffer_512/inst_wr_address_decoder_1/genblk1[15].inst_pclk_to_axi_buffer/ram__D$1'. (/home/steve/video_streaming_10g_demo_v1.4.1/rtl/lib/common/simple_dual_port_ram.sv:32)
[EFX-0657 WARNING] Mapping into logic memory block 'inst_udp_video_generator/inst_frame_buffer_512/inst_Axi4_2x512_1x512_00/io_axim_writeOnly_arbiter/cmdArbiter_io_output_fork_io_outputs_1_translated_fifo/ram' (4 bits) (/home/steve/video_streaming_10g_demo_v1.4.1/rtl/lib/common/frame_buffer_512/Axi4_2x512_1x512.v:1671) because size is too small (<=64)
[EFX-0657 WARNING] Mapping into logic memory block 'debounce_switch_inst/debounce_reg' (16 bits) (/home/steve/video_streaming_10g_demo_v1.4.1/rtl/debounce_switch.v:47) because size is too small (<=64)
[EFX-0657 WARNING] Mapping into logic memory block 'q1_apb_master/rom_mif' (1060 bits) (/home/steve/video_streaming_10g_demo_v1.4.1/rtl/apb_master.sv:49) because read port is not synchronous.
[EFX-0657 WARNING] Mapping into logic memory block 'inst_sapphire/u_EfxSapphireSoc/system_riscvJtag_debug_logic_dm/logic_progbufX_mem' (64 bits) (/home/steve/video_streaming_10g_demo_v1.4.1/fpga/Ti375N1156-DK/ip/sapphire_gen/sapphire_gen.v:9567) because size is too small (<=64)

///////////////////////////////////
// Efinity Synthesis Started 
// Sep 21, 2026 23:49:36
///////////////////////////////////

[EFX-0011 VERI-WARNING] port 'probe22' remains unconnected for this instance (VERI-1927) (/home/steve/video_streaming_10g_demo_v1.4.1_2026.1/fpga/Ti375N1156-DK/work_dbg/debug_top.v:206)
[EFX-0011 VERI-WARNING] port 'probe1' remains unconnected for this instance (VERI-1927) (/home/steve/video_streaming_10g_demo_v1.4.1_2026.1/fpga/Ti375N1156-DK/work_dbg/debug_top.v:240)
[EFX-0011 VERI-WARNING] port 'probe1' remains unconnected for this instance (VERI-1927) (/home/steve/video_streaming_10g_demo_v1.4.1_2026.1/fpga/Ti375N1156-DK/work_dbg/debug_top.v:274)
[EFX-0011 VERI-WARNING] input port 'probe22[0]' remains unconnected for this instance (VDB-1053) (/home/steve/video_streaming_10g_demo_v1.4.1_2026.1/fpga/Ti375N1156-DK/work_dbg/debug_top.v:164)
[EFX-0011 VERI-WARNING] input port 'probe1[0]' remains unconnected for this instance (VDB-1053) (/home/steve/video_streaming_10g_demo_v1.4.1_2026.1/fpga/Ti375N1156-DK/work_dbg/debug_top.v:219)
[EFX-0011 VERI-WARNING] input port 'probe1[0]' remains unconnected for this instance (VDB-1053) (/home/steve/video_streaming_10g_demo_v1.4.1_2026.1/fpga/Ti375N1156-DK/work_dbg/debug_top.v:253)
[EFX-0200 WARNING] Removing redundant signal : compared_in[0]. (/home/steve/video_streaming_10g_demo_v1.4.1_2026.1/fpga/Ti375N1156-DK/work_dbg/debug_top.v:5651)
[EFX-0200 WARNING] Removing redundant signal : mask_in[0]. (/home/steve/video_streaming_10g_demo_v1.4.1_2026.1/fpga/Ti375N1156-DK/work_dbg/debug_top.v:5652)
[EFX-0200 WARNING] Removing redundant signal : trigger_in. (/home/steve/video_streaming_10g_demo_v1.4.1_2026.1/fpga/Ti375N1156-DK/work_dbg/debug_top.v:5862)
[EFX-0200 WARNING] Removing redundant signal : din[72]. (/home/steve/video_streaming_10g_demo_v1.4.1_2026.1/fpga/Ti375N1156-DK/work_dbg/debug_top.v:4747)
[EFX-0200 WARNING] Removing redundant signal : trig_out. (/home/steve/video_streaming_10g_demo_v1.4.1_2026.1/fpga/Ti375N1156-DK/work_dbg/debug_top.v:5028)
[EFX-0200 WARNING] Removing redundant signal : trig_out_ack. (/home/steve/video_streaming_10g_demo_v1.4.1_2026.1/fpga/Ti375N1156-DK/work_dbg/debug_top.v:5029)
[EFX-0200 WARNING] Removing redundant signal : bscan_DRCK. (/home/steve/video_streaming_10g_demo_v1.4.1_2026.1/fpga/Ti375N1156-DK/work_dbg/debug_top.v:1180)
[EFX-0200 WARNING] Removing redundant signal : bscan_RUNTEST. (/home/steve/video_streaming_10g_demo_v1.4.1_2026.1/fpga/Ti375N1156-DK/work_dbg/debug_top.v:1182)
[EFX-0200 WARNING] Removing redundant signal : bscan_SEL. (/home/steve/video_streaming_10g_demo_v1.4.1_2026.1/fpga/Ti375N1156-DK/work_dbg/debug_top.v:1183)
[EFX-0200 WARNING] Removing redundant signal : bscan_TMS. (/home/steve/video_streaming_10g_demo_v1.4.1_2026.1/fpga/Ti375N1156-DK/work_dbg/debug_top.v:1187)
[EFX-0200 WARNING] Removing redundant signal : trig_in_ack. (/home/steve/video_streaming_10g_demo_v1.4.1_2026.1/fpga/Ti375N1156-DK/work_dbg/debug_top.v:1198)
[EFX-0200 WARNING] Removing redundant signal : mux_capture_cmp[21:0]. (/home/steve/video_streaming_10g_demo_v1.4.1_2026.1/fpga/Ti375N1156-DK/work_dbg/debug_top.v:3612)
[EFX-0200 WARNING] Removing redundant signal : trigger_in. (/home/steve/video_streaming_10g_demo_v1.4.1_2026.1/fpga/Ti375N1156-DK/work_dbg/debug_top.v:5862)
[EFX-0200 WARNING] Removing redundant signal : din[1]. (/home/steve/video_streaming_10g_demo_v1.4.1_2026.1/fpga/Ti375N1156-DK/work_dbg/debug_top.v:4747)
[EFX-0200 WARNING] Removing redundant signal : trig_out. (/home/steve/video_streaming_10g_demo_v1.4.1_2026.1/fpga/Ti375N1156-DK/work_dbg/debug_top.v:5028)
[EFX-0200 WARNING] Removing redundant signal : trig_out_ack. (/home/steve/video_streaming_10g_demo_v1.4.1_2026.1/fpga/Ti375N1156-DK/work_dbg/debug_top.v:5029)
[EFX-0200 WARNING] Removing redundant signal : bscan_DRCK. (/home/steve/video_streaming_10g_demo_v1.4.1_2026.1/fpga/Ti375N1156-DK/work_dbg/debug_top.v:1180)
[EFX-0200 WARNING] Removing redundant signal : bscan_RUNTEST. (/home/steve/video_streaming_10g_demo_v1.4.1_2026.1/fpga/Ti375N1156-DK/work_dbg/debug_top.v:1182)
[EFX-0200 WARNING] Removing redundant signal : bscan_SEL. (/home/steve/video_streaming_10g_demo_v1.4.1_2026.1/fpga/Ti375N1156-DK/work_dbg/debug_top.v:1183)
[EFX-0200 WARNING] Removing redundant signal : bscan_TMS. (/home/steve/video_streaming_10g_demo_v1.4.1_2026.1/fpga/Ti375N1156-DK/work_dbg/debug_top.v:1187)
[EFX-0201 WARNING] Re-wiring to GND non-driven net/port 'probe22[0]' in module 'edb_la_top_renamed_due_excessive_length_1'. (/home/steve/video_streaming_10g_demo_v1.4.1_2026.1/fpga/Ti375N1156-DK/work_dbg/debug_top.v:164)
[EFX-0201 WARNING] Re-wiring to GND non-driven net/port 'probe23[0]' in module 'edb_la_top_renamed_due_excessive_length_1'. (/home/steve/video_streaming_10g_demo_v1.4.1_2026.1/fpga/Ti375N1156-DK/work_dbg/debug_top.v:164)
[EFX-0201 WARNING] Re-wiring to GND non-driven net/port 'probe24[0]' in module 'edb_la_top_renamed_due_excessive_length_1'. (/home/steve/video_streaming_10g_demo_v1.4.1_2026.1/fpga/Ti375N1156-DK/work_dbg/debug_top.v:164)
[EFX-0201 WARNING] Re-wiring to GND non-driven net/port 'probe25[0]' in module 'edb_la_top_renamed_due_excessive_length_1'. (/home/steve/video_streaming_10g_demo_v1.4.1_2026.1/fpga/Ti375N1156-DK/work_dbg/debug_top.v:164)
[EFX-0201 WARNING] Re-wiring to GND non-driven net/port 'probe26[0]' in module 'edb_la_top_renamed_due_excessive_length_1'. (/home/steve/video_streaming_10g_demo_v1.4.1_2026.1/fpga/Ti375N1156-DK/work_dbg/debug_top.v:164)
[EFX-0201 WARNING] Re-wiring to GND non-driven net/port 'probe27[0]' in module 'edb_la_top_renamed_due_excessive_length_1'. (/home/steve/video_streaming_10g_demo_v1.4.1_2026.1/fpga/Ti375N1156-DK/work_dbg/debug_top.v:164)
[EFX-0201 WARNING] Re-wiring to GND non-driven net/port 'probe28[0]' in module 'edb_la_top_renamed_due_excessive_length_1'. (/home/steve/video_streaming_10g_demo_v1.4.1_2026.1/fpga/Ti375N1156-DK/work_dbg/debug_top.v:164)
[EFX-0201 WARNING] Re-wiring to GND non-driven net/port 'probe29[0]' in module 'edb_la_top_renamed_due_excessive_length_1'. (/home/steve/video_streaming_10g_demo_v1.4.1_2026.1/fpga/Ti375N1156-DK/work_dbg/debug_top.v:164)
[EFX-0201 WARNING] Re-wiring to GND non-driven net/port 'probe30[0]' in module 'edb_la_top_renamed_due_excessive_length_1'. (/home/steve/video_streaming_10g_demo_v1.4.1_2026.1/fpga/Ti375N1156-DK/work_dbg/debug_top.v:164)
[EFX-0201 WARNING] Re-wiring to GND non-driven net/port 'probe31[0]' in module 'edb_la_top_renamed_due_excessive_length_1'. (/home/steve/video_streaming_10g_demo_v1.4.1_2026.1/fpga/Ti375N1156-DK/work_dbg/debug_top.v:164)
[EFX-0011 VERI-WARNING] Input/inout port bscan_DRCK is unconnected. Place and route may remove this unconnected port. (VDB-8003) (/home/steve/video_streaming_10g_demo_v1.4.1_2026.1/fpga/Ti375N1156-DK/work_dbg/debug_top.v:13)
[EFX-0011 VERI-WARNING] Input/inout port bscan_RUNTEST is unconnected. Place and route may remove this unconnected port. (VDB-8003) (/home/steve/video_streaming_10g_demo_v1.4.1_2026.1/fpga/Ti375N1156-DK/work_dbg/debug_top.v:15)
[EFX-0011 VERI-WARNING] Input/inout port bscan_TMS is unconnected. Place and route may remove this unconnected port. (VDB-8003) (/home/steve/video_streaming_10g_demo_v1.4.1_2026.1/fpga/Ti375N1156-DK/work_dbg/debug_top.v:20)
[EFX-0011 VERI-WARNING] Found 3 warnings in the post-synthesis netlist. 

///////////////////////////////////
// Efinity Synthesis Started 
// Sep 21, 2026 23:50:07
///////////////////////////////////

[EFX-0256 WARNING] The primary output port 'sfp0_PMA_TX_ELEC_IDLE' wire 'sfp0_PMA_TX_ELEC_IDLE' is not driven.
[EFX-0256 WARNING] The primary output port 'sfp0_ETH_EEE_ALERT_EN' wire 'sfp0_ETH_EEE_ALERT_EN' is not driven.
[EFX-0200 WARNING] Removing redundant signal : k[31:0]. (/home/steve/video_streaming_10g_demo_v1.4.1_2026.1/rtl/debounce_switch.v:56)
[EFX-0200 WARNING] Removing redundant signal : rom_read. (/home/steve/video_streaming_10g_demo_v1.4.1_2026.1/rtl/apb_master.sv:48)
[EFX-0200 WARNING] Removing redundant signal : j[31:0]. (/home/steve/video_streaming_10g_demo_v1.4.1_2026.1/rtl/apb_master.sv:212)
[EFX-0200 WARNING] Removing redundant signal : q[31:0]. (/home/steve/video_streaming_10g_demo_v1.4.1_2026.1/rtl/apb_master.sv:212)
[EFX-0200 WARNING] Removing redundant signal : PADDR[19:10]. (/home/steve/video_streaming_10g_demo_v1.4.1_2026.1/rtl/apb3_slave.sv:45)
[EFX-0200 WARNING] Removing redundant signal : PADDR[1:0]. (/home/steve/video_streaming_10g_demo_v1.4.1_2026.1/rtl/apb3_slave.sv:45)
[EFX-0200 WARNING] Removing redundant signal : byteIndex[31:0]. (/home/steve/video_streaming_10g_demo_v1.4.1_2026.1/rtl/apb3_slave.sv:69)
[EFX-0200 WARNING] Removing redundant signal : io_cpu_prefetch_isValid. (/home/steve/video_streaming_10g_demo_v1.4.1_2026.1/fpga/Ti375N1156-DK/ip/sapphire_gen/sapphire_gen.v:18748)
[EFX-0200 WARNING] Removing redundant signal : io_cpu_fetch_isRemoved. (/home/steve/video_streaming_10g_demo_v1.4.1_2026.1/fpga/Ti375N1156-DK/ip/sapphire_gen/sapphire_gen.v:18753)
[EFX-0200 WARNING] Removing redundant signal : io_cpu_decode_isValid. (/home/steve/video_streaming_10g_demo_v1.4.1_2026.1/fpga/Ti375N1156-DK/ip/sapphire_gen/sapphire_gen.v:18766)
[EFX-0200 WARNING] Removing redundant signal : io_cpu_decode_isUser. (/home/steve/video_streaming_10g_demo_v1.4.1_2026.1/fpga/Ti375N1156-DK/ip/sapphire_gen/sapphire_gen.v:18775)
[EFX-0200 WARNING] Removing redundant signal : io_cpu_prefetch_pc[31:12]. (/home/steve/video_streaming_10g_demo_v1.4.1_2026.1/fpga/Ti375N1156-DK/ip/sapphire_gen/sapphire_gen.v:18750)
[EFX-0200 WARNING] Removing redundant signal : io_cpu_prefetch_pc[1:0]. (/home/steve/video_streaming_10g_demo_v1.4.1_2026.1/fpga/Ti375N1156-DK/ip/sapphire_gen/sapphire_gen.v:18750)
[EFX-0200 WARNING] Removing redundant signal : io_cpu_fetch_pc[31:0]. (/home/steve/video_streaming_10g_demo_v1.4.1_2026.1/fpga/Ti375N1156-DK/ip/sapphire_gen/sapphire_gen.v:18754)
[EFX-0200 WARNING] Removing redundant signal : io_cpu_decode_pc[31:0]. (/home/steve/video_streaming_10g_demo_v1.4.1_2026.1/fpga/Ti375N1156-DK/ip/sapphire_gen/sapphire_gen.v:18768)
[EFX-0200 WARNING] Removing redundant signal : io_cpu_writeBack_isFiring. (/home/steve/video_streaming_10g_demo_v1.4.1_2026.1/fpga/Ti375N1156-DK/ip/sapphire_gen/sapphire_gen.v:17915)
[EFX-0200 WARNING] Removing redundant signal : io_cpu_writeBack_isUser. (/home/steve/video_streaming_10g_demo_v1.4.1_2026.1/fpga/Ti375N1156-DK/ip/sapphire_gen/sapphire_gen.v:17916)
[EFX-0200 WARNING] Removing redundant signal : io_cpu_writeBack_fence_SW. (/home/steve/video_streaming_10g_demo_v1.4.1_2026.1/fpga/Ti375N1156-DK/ip/sapphire_gen/sapphire_gen.v:17926)
[EFX-0200 WARNING] Removing redundant signal : io_cpu_writeBack_fence_SR. (/home/steve/video_streaming_10g_demo_v1.4.1_2026.1/fpga/Ti375N1156-DK/ip/sapphire_gen/sapphire_gen.v:17927)
[EFX-0200 WARNING] Removing redundant signal : io_cpu_writeBack_fence_SO. (/home/steve/video_streaming_10g_demo_v1.4.1_2026.1/fpga/Ti375N1156-DK/ip/sapphire_gen/sapphire_gen.v:17928)
[EFX-0201 WARNING] Re-wiring to GND non-driven net/port 'IBusCachedPlugin_cache_io_cpu_fetch_isRemoved' in module 'VexRiscv_6da3aa8a00f24008ad95d1e51c813f5a'. (/home/steve/video_streaming_10g_demo_v1.4.1_2026.1/fpga/Ti375N1156-DK/ip/sapphire_gen/sapphire_gen.v:10450)
[EFX-0201 WARNING] Re-wiring to GND non-driven net/port 'dataCache_1_io_cpu_writeBack_fence_SW' in module 'VexRiscv_6da3aa8a00f24008ad95d1e51c813f5a'. (/home/steve/video_streaming_10g_demo_v1.4.1_2026.1/fpga/Ti375N1156-DK/ip/sapphire_gen/sapphire_gen.v:10463)
[EFX-0201 WARNING] Re-wiring to GND non-driven net/port 'dataCache_1_io_cpu_writeBack_fence_SR' in module 'VexRiscv_6da3aa8a00f24008ad95d1e51c813f5a'. (/home/steve/video_streaming_10g_demo_v1.4.1_2026.1/fpga/Ti375N1156-DK/ip/sapphire_gen/sapphire_gen.v:10464)
[EFX-0201 WARNING] Re-wiring to GND non-driven net/port 'dataCache_1_io_cpu_writeBack_fence_SO' in module 'VexRiscv_6da3aa8a00f24008ad95d1e51c813f5a'. (/home/steve/video_streaming_10g_demo_v1.4.1_2026.1/fpga/Ti375N1156-DK/ip/sapphire_gen/sapphire_gen.v:10465)
[EFX-0201 WARNING] Re-wiring to GND non-driven net/port 'dataCache_1_io_cpu_writeBack_fence_SI' in module 'VexRiscv_6da3aa8a00f24008ad95d1e51c813f5a'. (/home/steve/video_streaming_10g_demo_v1.4.1_2026.1/fpga/Ti375N1156-DK/ip/sapphire_gen/sapphire_gen.v:10466)
[EFX-0201 WARNING] Re-wiring to GND non-driven net/port 'dataCache_1_io_cpu_writeBack_fence_PW' in module 'VexRiscv_6da3aa8a00f24008ad95d1e51c813f5a'. (/home/steve/video_streaming_10g_demo_v1.4.1_2026.1/fpga/Ti375N1156-DK/ip/sapphire_gen/sapphire_gen.v:10467)
[EFX-0201 WARNING] Re-wiring to GND non-driven net/port 'dataCache_1_io_cpu_writeBack_fence_PR' in module 'VexRiscv_6da3aa8a00f24008ad95d1e51c813f5a'. (/home/steve/video_streaming_10g_demo_v1.4.1_2026.1/fpga/Ti375N1156-DK/ip/sapphire_gen/sapphire_gen.v:10468)
[EFX-0201 WARNING] Re-wiring to GND non-driven net/port 'dataCache_1_io_cpu_writeBack_fence_PO' in module 'VexRiscv_6da3aa8a00f24008ad95d1e51c813f5a'. (/home/steve/video_streaming_10g_demo_v1.4.1_2026.1/fpga/Ti375N1156-DK/ip/sapphire_gen/sapphire_gen.v:10469)
[EFX-0201 WARNING] Re-wiring to GND non-driven net/port 'dataCache_1_io_cpu_writeBack_fence_PI' in module 'VexRiscv_6da3aa8a00f24008ad95d1e51c813f5a'. (/home/steve/video_streaming_10g_demo_v1.4.1_2026.1/fpga/Ti375N1156-DK/ip/sapphire_gen/sapphire_gen.v:10470)
[EFX-0201 WARNING] Re-wiring to GND non-driven net/port 'dataCache_1_io_cpu_writeBack_fence_FM[3]' in module 'VexRiscv_6da3aa8a00f24008ad95d1e51c813f5a'. (/home/steve/video_streaming_10g_demo_v1.4.1_2026.1/fpga/Ti375N1156-DK/ip/sapphire_gen/sapphire_gen.v:10471)
[EFX-0657 WARNING] Mapping into logic memory block 'debounce_reg' (16 bits) (/home/steve/video_streaming_10g_demo_v1.4.1_2026.1/rtl/debounce_switch.v:47) because size is too small (<=64)
[EFX-0657 WARNING] Mapping into logic memory block 'logic_progbufX_mem' (64 bits) (/home/steve/video_streaming_10g_demo_v1.4.1_2026.1/fpga/Ti375N1156-DK/ip/sapphire_gen/sapphire_gen.v:9567) because size is too small (<=64)
[EFX-0657 WARNING] Mapping into logic memory block 'ram' (4 bits) (/home/steve/video_streaming_10g_demo_v1.4.1_2026.1/rtl/lib/common/frame_buffer_512/Axi4_2x512_1x512.v:1671) because size is too small (<=64)
[EFX-0656 WARNING] Optimizing into logic zero initialized read-only memory block 'inst_rd_address_decoder_1/inst_simple_dual_port_ram_00/ram__D$12'. (/home/steve/video_streaming_10g_demo_v1.4.1_2026.1/rtl/lib/common/simple_dual_port_ram.sv:32)
[EFX-0656 WARNING] Optimizing into logic zero initialized read-only memory block 'inst_rd_address_decoder_1/inst_simple_dual_port_ram_00/ram__D$2'. (/home/steve/video_streaming_10g_demo_v1.4.1_2026.1/rtl/lib/common/simple_dual_port_ram.sv:32)
[EFX-0656 WARNING] Optimizing into logic zero initialized read-only memory block 'inst_rd_address_decoder_1/inst_simple_dual_port_ram_00/ram__D$b12'. (/home/steve/video_streaming_10g_demo_v1.4.1_2026.1/rtl/lib/common/simple_dual_port_ram.sv:32)
[EFX-0656 WARNING] Optimizing into logic zero initialized read-only memory block 'inst_rd_address_decoder_1/inst_simple_dual_port_ram_00/ram__D$c12'. (/home/steve/video_streaming_10g_demo_v1.4.1_2026.1/rtl/lib/common/simple_dual_port_ram.sv:32)
[EFX-0656 WARNING] Optimizing into logic zero initialized read-only memory block 'inst_rd_address_decoder_1/inst_simple_dual_port_ram_00/ram__D$d12'. (/home/steve/video_streaming_10g_demo_v1.4.1_2026.1/rtl/lib/common/simple_dual_port_ram.sv:32)
[EFX-0656 WARNING] Optimizing into logic zero initialized read-only memory block 'inst_rd_address_decoder_1/inst_simple_dual_port_ram_00/ram__D$e12'. (/home/steve/video_streaming_10g_demo_v1.4.1_2026.1/rtl/lib/common/simple_dual_port_ram.sv:32)
[EFX-0656 WARNING] Optimizing into logic zero initialized read-only memory block 'inst_rd_address_decoder_1/inst_simple_dual_port_ram_00/ram__D$f12'. (/home/steve/video_streaming_10g_demo_v1.4.1_2026.1/rtl/lib/common/simple_dual_port_ram.sv:32)
[EFX-0656 WARNING] Optimizing into logic zero initialized read-only memory block 'inst_rd_address_decoder_1/inst_simple_dual_port_ram_00/ram__D$g12'. (/home/steve/video_streaming_10g_demo_v1.4.1_2026.1/rtl/lib/common/simple_dual_port_ram.sv:32)
[EFX-0656 WARNING] Optimizing into logic zero initialized read-only memory block 'inst_rd_address_decoder_1/inst_simple_dual_port_ram_00/ram__D$h12'. (/home/steve/video_streaming_10g_demo_v1.4.1_2026.1/rtl/lib/common/simple_dual_port_ram.sv:32)
[EFX-0656 WARNING] Optimizing into logic zero initialized read-only memory block 'inst_rd_address_decoder_1/inst_simple_dual_port_ram_00/ram__D$i12'. (/home/steve/video_streaming_10g_demo_v1.4.1_2026.1/rtl/lib/common/simple_dual_port_ram.sv:32)
[EFX-0656 WARNING] Optimizing into logic zero initialized read-only memory block 'inst_rd_address_decoder_1/inst_simple_dual_port_ram_00/ram__D$j12'. (/home/steve/video_streaming_10g_demo_v1.4.1_2026.1/rtl/lib/common/simple_dual_port_ram.sv:32)
[EFX-0656 WARNING] Optimizing into logic zero initialized read-only memory block 'inst_rd_address_decoder_1/inst_simple_dual_port_ram_00/ram__D$k12'. (/home/steve/video_streaming_10g_demo_v1.4.1_2026.1/rtl/lib/common/simple_dual_port_ram.sv:32)
[EFX-0656 WARNING] Optimizing into logic zero initialized read-only memory block 'inst_rd_address_decoder_1/inst_simple_dual_port_ram_00/ram__D$l12'. (/home/steve/video_streaming_10g_demo_v1.4.1_2026.1/rtl/lib/common/simple_dual_port_ram.sv:32)
[EFX-0656 WARNING] Optimizing into logic zero initialized read-only memory block 'inst_rd_address_decoder_1/inst_simple_dual_port_ram_00/ram__D$m12'. (/home/steve/video_streaming_10g_demo_v1.4.1_2026.1/rtl/lib/common/simple_dual_port_ram.sv:32)
[EFX-0656 WARNING] Optimizing into logic zero initialized read-only memory block 'inst_rd_address_decoder_1/inst_simple_dual_port_ram_00/ram__D$n12'. (/home/steve/video_streaming_10g_demo_v1.4.1_2026.1/rtl/lib/common/simple_dual_port_ram.sv:32)
[EFX-0656 WARNING] Optimizing into logic zero initialized read-only memory block 'inst_rd_address_decoder_1/inst_simple_dual_port_ram_00/ram__D$o12'. (/home/steve/video_streaming_10g_demo_v1.4.1_2026.1/rtl/lib/common/simple_dual_port_ram.sv:32)
[EFX-0656 WARNING] Optimizing into logic zero initialized read-only memory block 'inst_rd_address_decoder_1/inst_simple_dual_port_ram_00/ram__D$p12'. (/home/steve/video_streaming_10g_demo_v1.4.1_2026.1/rtl/lib/common/simple_dual_port_ram.sv:32)
[EFX-0656 WARNING] Optimizing into logic zero initialized read-only memory block 'inst_rd_address_decoder_1/inst_simple_dual_port_ram_00/ram__D$q12'. (/home/steve/video_streaming_10g_demo_v1.4.1_2026.1/rtl/lib/common/simple_dual_port_ram.sv:32)
[EFX-0656 WARNING] Optimizing into logic zero initialized read-only memory block 'inst_rd_address_decoder_1/inst_simple_dual_port_ram_00/ram__D$r12'. (/home/steve/video_streaming_10g_demo_v1.4.1_2026.1/rtl/lib/common/simple_dual_port_ram.sv:32)
[EFX-0656 WARNING] Optimizing into logic zero initialized read-only memory block 'inst_rd_address_decoder_1/inst_simple_dual_port_ram_00/ram__D$s12'. (/home/steve/video_streaming_10g_demo_v1.4.1_2026.1/rtl/lib/common/simple_dual_port_ram.sv:32)
[EFX-0656 WARNING] Optimizing into logic zero initialized read-only memory block 'inst_rd_address_decoder_1/inst_simple_dual_port_ram_00/ram__D$t12'. (/home/steve/video_streaming_10g_demo_v1.4.1_2026.1/rtl/lib/common/simple_dual_port_ram.sv:32)
[EFX-0656 WARNING] Optimizing into logic zero initialized read-only memory block 'inst_rd_address_decoder_1/inst_simple_dual_port_ram_00/ram__D$u12'. (/home/steve/video_streaming_10g_demo_v1.4.1_2026.1/rtl/lib/common/simple_dual_port_ram.sv:32)
[EFX-0656 WARNING] Optimizing into logic zero initialized read-only memory block 'inst_rd_address_decoder_1/inst_simple_dual_port_ram_00/ram__D$v12'. (/home/steve/video_streaming_10g_demo_v1.4.1_2026.1/rtl/lib/common/simple_dual_port_ram.sv:32)
[EFX-0656 WARNING] Optimizing into logic zero initialized read-only memory block 'inst_rd_address_decoder_1/inst_simple_dual_port_ram_00/ram__D$w12'. (/home/steve/video_streaming_10g_demo_v1.4.1_2026.1/rtl/lib/common/simple_dual_port_ram.sv:32)
[EFX-0656 WARNING] Optimizing into logic zero initialized read-only memory block 'inst_rd_address_decoder_1/inst_simple_dual_port_ram_00/ram__D$x12'. (/home/steve/video_streaming_10g_demo_v1.4.1_2026.1/rtl/lib/common/simple_dual_port_ram.sv:32)
[EFX-0656 WARNING] Optimizing into logic zero initialized read-only memory block 'inst_rd_address_decoder_1/inst_simple_dual_port_ram_00/ram__D$y1'. (/home/steve/video_streaming_10g_demo_v1.4.1_2026.1/rtl/lib/common/simple_dual_port_ram.sv:32)
[EFX-0656 WARNING] Optimizing into logic zero initialized read-only memory block 'inst_frame_buffer_512/inst_wr_address_decoder_1/genblk1[15].inst_pclk_to_axi_buffer/ram__D$1'. (/home/steve/video_streaming_10g_demo_v1.4.1_2026.1/rtl/lib/common/simple_dual_port_ram.sv:32)
[EFX-0656 WARNING] Optimizing into logic zero initialized read-only memory block 'inst_frame_buffer_512/inst_wr_address_decoder_1/genblk1[15].inst_pclk_to_axi_buffer/ram__D$2'. (/home/steve/video_streaming_10g_demo_v1.4.1_2026.1/rtl/lib/common/simple_dual_port_ram.sv:32)
[EFX-0656 WARNING] Optimizing into logic zero initialized read-only memory block 'inst_frame_buffer_512/inst_wr_address_decoder_1/genblk1[14].inst_pclk_to_axi_buffer/ram__D$1'. (/home/steve/video_streaming_10g_demo_v1.4.1_2026.1/rtl/lib/common/simple_dual_port_ram.sv:32)
[EFX-0656 WARNING] Optimizing into logic zero initialized read-only memory block 'inst_frame_buffer_512/inst_wr_address_decoder_1/genblk1[14].inst_pclk_to_axi_buffer/ram__D$2'. (/home/steve/video_streaming_10g_demo_v1.4.1_2026.1/rtl/lib/common/simple_dual_port_ram.sv:32)
[EFX-0656 WARNING] Optimizing into logic zero initialized read-only memory block 'inst_frame_buffer_512/inst_wr_address_decoder_1/genblk1[13].inst_pclk_to_axi_buffer/ram__D$1'. (/home/steve/video_streaming_10g_demo_v1.4.1_2026.1/rtl/lib/common/simple_dual_port_ram.sv:32)
[EFX-0656 WARNING] Optimizing into logic zero initialized read-only memory block 'inst_frame_buffer_512/inst_wr_address_decoder_1/genblk1[13].inst_pclk_to_axi_buffer/ram__D$2'. (/home/steve/video_streaming_10g_demo_v1.4.1_2026.1/rtl/lib/common/simple_dual_port_ram.sv:32)
[EFX-0656 WARNING] Optimizing into logic zero initialized read-only memory block 'inst_frame_buffer_512/inst_wr_address_decoder_1/genblk1[12].inst_pclk_to_axi_buffer/ram__D$1'. (/home/steve/video_streaming_10g_demo_v1.4.1_2026.1/rtl/lib/common/simple_dual_port_ram.sv:32)
[EFX-0656 WARNING] Optimizing into logic zero initialized read-only memory block 'inst_frame_buffer_512/inst_wr_address_decoder_1/genblk1[12].inst_pclk_to_axi_buffer/ram__D$2'. (/home/steve/video_streaming_10g_demo_v1.4.1_2026.1/rtl/lib/common/simple_dual_port_ram.sv:32)
[EFX-0656 WARNING] Optimizing into logic zero initialized read-only memory block 'inst_frame_buffer_512/inst_wr_address_decoder_1/genblk1[11].inst_pclk_to_axi_buffer/ram__D$1'. (/home/steve/video_streaming_10g_demo_v1.4.1_2026.1/rtl/lib/common/simple_dual_port_ram.sv:32)
[EFX-0656 WARNING] Optimizing into logic zero initialized read-only memory block 'inst_frame_buffer_512/inst_wr_address_decoder_1/genblk1[11].inst_pclk_to_axi_buffer/ram__D$2'. (/home/steve/video_streaming_10g_demo_v1.4.1_2026.1/rtl/lib/common/simple_dual_port_ram.sv:32)
[EFX-0656 WARNING] Optimizing into logic zero initialized read-only memory block 'inst_frame_buffer_512/inst_wr_address_decoder_1/genblk1[10].inst_pclk_to_axi_buffer/ram__D$1'. (/home/steve/video_streaming_10g_demo_v1.4.1_2026.1/rtl/lib/common/simple_dual_port_ram.sv:32)
[EFX-0656 WARNING] Optimizing into logic zero initialized read-only memory block 'inst_frame_buffer_512/inst_wr_address_decoder_1/genblk1[10].inst_pclk_to_axi_buffer/ram__D$2'. (/home/steve/video_streaming_10g_demo_v1.4.1_2026.1/rtl/lib/common/simple_dual_port_ram.sv:32)
[EFX-0656 WARNING] Optimizing into logic zero initialized read-only memory block 'inst_frame_buffer_512/inst_wr_address_decoder_1/genblk1[9].inst_pclk_to_axi_buffer/ram__D$1'. (/home/steve/video_streaming_10g_demo_v1.4.1_2026.1/rtl/lib/common/simple_dual_port_ram.sv:32)
[EFX-0656 WARNING] Optimizing into logic zero initialized read-only memory block 'inst_frame_buffer_512/inst_wr_address_decoder_1/genblk1[9].inst_pclk_to_axi_buffer/ram__D$2'. (/home/steve/video_streaming_10g_demo_v1.4.1_2026.1/rtl/lib/common/simple_dual_port_ram.sv:32)
[EFX-0656 WARNING] Optimizing into logic zero initialized read-only memory block 'inst_frame_buffer_512/inst_wr_address_decoder_1/genblk1[8].inst_pclk_to_axi_buffer/ram__D$1'. (/home/steve/video_streaming_10g_demo_v1.4.1_2026.1/rtl/lib/common/simple_dual_port_ram.sv:32)
[EFX-0656 WARNING] Optimizing into logic zero initialized read-only memory block 'inst_frame_buffer_512/inst_wr_address_decoder_1/genblk1[8].inst_pclk_to_axi_buffer/ram__D$2'. (/home/steve/video_streaming_10g_demo_v1.4.1_2026.1/rtl/lib/common/simple_dual_port_ram.sv:32)
[EFX-0656 WARNING] Optimizing into logic zero initialized read-only memory block 'inst_frame_buffer_512/inst_wr_address_decoder_1/genblk1[7].inst_pclk_to_axi_buffer/ram__D$1'. (/home/steve/video_streaming_10g_demo_v1.4.1_2026.1/rtl/lib/common/simple_dual_port_ram.sv:32)
[EFX-0656 WARNING] Optimizing into logic zero initialized read-only memory block 'inst_frame_buffer_512/inst_wr_address_decoder_1/genblk1[7].inst_pclk_to_axi_buffer/ram__D$2'. (/home/steve/video_streaming_10g_demo_v1.4.1_2026.1/rtl/lib/common/simple_dual_port_ram.sv:32)
[EFX-0656 WARNING] Optimizing into logic zero initialized read-only memory block 'inst_frame_buffer_512/inst_wr_address_decoder_1/genblk1[6].inst_pclk_to_axi_buffer/ram__D$1'. (/home/steve/video_streaming_10g_demo_v1.4.1_2026.1/rtl/lib/common/simple_dual_port_ram.sv:32)
[EFX-0656 WARNING] Optimizing into logic zero initialized read-only memory block 'inst_frame_buffer_512/inst_wr_address_decoder_1/genblk1[6].inst_pclk_to_axi_buffer/ram__D$2'. (/home/steve/video_streaming_10g_demo_v1.4.1_2026.1/rtl/lib/common/simple_dual_port_ram.sv:32)
[EFX-0656 WARNING] Optimizing into logic zero initialized read-only memory block 'inst_frame_buffer_512/inst_wr_address_decoder_1/genblk1[5].inst_pclk_to_axi_buffer/ram__D$1'. (/home/steve/video_streaming_10g_demo_v1.4.1_2026.1/rtl/lib/common/simple_dual_port_ram.sv:32)
[EFX-0656 WARNING] Optimizing into logic zero initialized read-only memory block 'inst_frame_buffer_512/inst_wr_address_decoder_1/genblk1[5].inst_pclk_to_axi_buffer/ram__D$2'. (/home/steve/video_streaming_10g_demo_v1.4.1_2026.1/rtl/lib/common/simple_dual_port_ram.sv:32)
[EFX-0656 WARNING] Optimizing into logic zero initialized read-only memory block 'inst_frame_buffer_512/inst_wr_address_decoder_1/genblk1[4].inst_pclk_to_axi_buffer/ram__D$1'. (/home/steve/video_streaming_10g_demo_v1.4.1_2026.1/rtl/lib/common/simple_dual_port_ram.sv:32)
[EFX-0656 WARNING] Optimizing into logic zero initialized read-only memory block 'inst_frame_buffer_512/inst_wr_address_decoder_1/genblk1[4].inst_pclk_to_axi_buffer/ram__D$2'. (/home/steve/video_streaming_10g_demo_v1.4.1_2026.1/rtl/lib/common/simple_dual_port_ram.sv:32)
[EFX-0656 WARNING] Optimizing into logic zero initialized read-only memory block 'inst_frame_buffer_512/inst_wr_address_decoder_1/genblk1[3].inst_pclk_to_axi_buffer/ram__D$1'. (/home/steve/video_streaming_10g_demo_v1.4.1_2026.1/rtl/lib/common/simple_dual_port_ram.sv:32)
[EFX-0656 WARNING] Optimizing into logic zero initialized read-only memory block 'inst_frame_buffer_512/inst_wr_address_decoder_1/genblk1[3].inst_pclk_to_axi_buffer/ram__D$2'. (/home/steve/video_streaming_10g_demo_v1.4.1_2026.1/rtl/lib/common/simple_dual_port_ram.sv:32)
[EFX-0656 WARNING] Optimizing into logic zero initialized read-only memory block 'inst_frame_buffer_512/inst_wr_address_decoder_1/genblk1[2].inst_pclk_to_axi_buffer/ram__D$1'. (/home/steve/video_streaming_10g_demo_v1.4.1_2026.1/rtl/lib/common/simple_dual_port_ram.sv:32)
[EFX-0656 WARNING] Optimizing into logic zero initialized read-only memory block 'inst_frame_buffer_512/inst_wr_address_decoder_1/genblk1[2].inst_pclk_to_axi_buffer/ram__D$2'. (/home/steve/video_streaming_10g_demo_v1.4.1_2026.1/rtl/lib/common/simple_dual_port_ram.sv:32)
[EFX-0656 WARNING] Optimizing into logic zero initialized read-only memory block 'inst_frame_buffer_512/inst_wr_address_decoder_1/genblk1[1].inst_pclk_to_axi_buffer/ram__D$1'. (/home/steve/video_streaming_10g_demo_v1.4.1_2026.1/rtl/lib/common/simple_dual_port_ram.sv:32)
[EFX-0656 WARNING] Optimizing into logic zero initialized read-only memory block 'inst_frame_buffer_512/inst_wr_address_decoder_1/genblk1[1].inst_pclk_to_axi_buffer/ram__D$2'. (/home/steve/video_streaming_10g_demo_v1.4.1_2026.1/rtl/lib/common/simple_dual_port_ram.sv:32)
[EFX-0656 WARNING] Optimizing into logic zero initialized read-only memory block 'inst_frame_buffer_512/inst_wr_address_decoder_1/genblk1[0].inst_pclk_to_axi_buffer/ram__D$1'. (/home/steve/video_streaming_10g_demo_v1.4.1_2026.1/rtl/lib/common/simple_dual_port_ram.sv:32)
[EFX-0656 WARNING] Optimizing into logic zero initialized read-only memory block 'inst_frame_buffer_512/inst_wr_address_decoder_1/genblk1[0].inst_pclk_to_axi_buffer/ram__D$2'. (/home/steve/video_streaming_10g_demo_v1.4.1_2026.1/rtl/lib/common/simple_dual_port_ram.sv:32)
[EFX-0657 WARNING] Mapping into logic memory block 'q1_apb_master/rom_mif' (1060 bits) (/home/steve/video_streaming_10g_demo_v1.4.1_2026.1/rtl/apb_master.sv:49) because read port is not synchronous.

///////////////////////////////////
// Efinity Synthesis Started 
// Sep 22, 2026 00:08:33
///////////////////////////////////

[EFX-0011 VERI-WARNING] port 'probe22' remains unconnected for this instance (VERI-1927) (/home/steve/video_streaming_10g_demo_v1.4.1_2026.1/fpga/Ti375N1156-DK/work_dbg/debug_top.v:206)
[EFX-0011 VERI-WARNING] port 'probe1' remains unconnected for this instance (VERI-1927) (/home/steve/video_streaming_10g_demo_v1.4.1_2026.1/fpga/Ti375N1156-DK/work_dbg/debug_top.v:240)
[EFX-0011 VERI-WARNING] port 'probe1' remains unconnected for this instance (VERI-1927) (/home/steve/video_streaming_10g_demo_v1.4.1_2026.1/fpga/Ti375N1156-DK/work_dbg/debug_top.v:274)
[EFX-0011 VERI-WARNING] input port 'probe22[0]' remains unconnected for this instance (VDB-1053) (/home/steve/video_streaming_10g_demo_v1.4.1_2026.1/fpga/Ti375N1156-DK/work_dbg/debug_top.v:164)
[EFX-0011 VERI-WARNING] input port 'probe1[0]' remains unconnected for this instance (VDB-1053) (/home/steve/video_streaming_10g_demo_v1.4.1_2026.1/fpga/Ti375N1156-DK/work_dbg/debug_top.v:219)
[EFX-0011 VERI-WARNING] input port 'probe1[0]' remains unconnected for this instance (VDB-1053) (/home/steve/video_streaming_10g_demo_v1.4.1_2026.1/fpga/Ti375N1156-DK/work_dbg/debug_top.v:253)
[EFX-0200 WARNING] Removing redundant signal : compared_in[0]. (/home/steve/video_streaming_10g_demo_v1.4.1_2026.1/fpga/Ti375N1156-DK/work_dbg/debug_top.v:5651)
[EFX-0200 WARNING] Removing redundant signal : mask_in[0]. (/home/steve/video_streaming_10g_demo_v1.4.1_2026.1/fpga/Ti375N1156-DK/work_dbg/debug_top.v:5652)
[EFX-0200 WARNING] Removing redundant signal : trigger_in. (/home/steve/video_streaming_10g_demo_v1.4.1_2026.1/fpga/Ti375N1156-DK/work_dbg/debug_top.v:5862)
[EFX-0200 WARNING] Removing redundant signal : din[72]. (/home/steve/video_streaming_10g_demo_v1.4.1_2026.1/fpga/Ti375N1156-DK/work_dbg/debug_top.v:4747)
[EFX-0200 WARNING] Removing redundant signal : trig_out. (/home/steve/video_streaming_10g_demo_v1.4.1_2026.1/fpga/Ti375N1156-DK/work_dbg/debug_top.v:5028)
[EFX-0200 WARNING] Removing redundant signal : trig_out_ack. (/home/steve/video_streaming_10g_demo_v1.4.1_2026.1/fpga/Ti375N1156-DK/work_dbg/debug_top.v:5029)
[EFX-0200 WARNING] Removing redundant signal : bscan_DRCK. (/home/steve/video_streaming_10g_demo_v1.4.1_2026.1/fpga/Ti375N1156-DK/work_dbg/debug_top.v:1180)
[EFX-0200 WARNING] Removing redundant signal : bscan_RUNTEST. (/home/steve/video_streaming_10g_demo_v1.4.1_2026.1/fpga/Ti375N1156-DK/work_dbg/debug_top.v:1182)
[EFX-0200 WARNING] Removing redundant signal : bscan_SEL. (/home/steve/video_streaming_10g_demo_v1.4.1_2026.1/fpga/Ti375N1156-DK/work_dbg/debug_top.v:1183)
[EFX-0200 WARNING] Removing redundant signal : bscan_TMS. (/home/steve/video_streaming_10g_demo_v1.4.1_2026.1/fpga/Ti375N1156-DK/work_dbg/debug_top.v:1187)
[EFX-0200 WARNING] Removing redundant signal : trig_in_ack. (/home/steve/video_streaming_10g_demo_v1.4.1_2026.1/fpga/Ti375N1156-DK/work_dbg/debug_top.v:1198)
[EFX-0200 WARNING] Removing redundant signal : mux_capture_cmp[21:0]. (/home/steve/video_streaming_10g_demo_v1.4.1_2026.1/fpga/Ti375N1156-DK/work_dbg/debug_top.v:3612)
[EFX-0200 WARNING] Removing redundant signal : trigger_in. (/home/steve/video_streaming_10g_demo_v1.4.1_2026.1/fpga/Ti375N1156-DK/work_dbg/debug_top.v:5862)
[EFX-0200 WARNING] Removing redundant signal : din[1]. (/home/steve/video_streaming_10g_demo_v1.4.1_2026.1/fpga/Ti375N1156-DK/work_dbg/debug_top.v:4747)
[EFX-0200 WARNING] Removing redundant signal : trig_out. (/home/steve/video_streaming_10g_demo_v1.4.1_2026.1/fpga/Ti375N1156-DK/work_dbg/debug_top.v:5028)
[EFX-0200 WARNING] Removing redundant signal : trig_out_ack. (/home/steve/video_streaming_10g_demo_v1.4.1_2026.1/fpga/Ti375N1156-DK/work_dbg/debug_top.v:5029)
[EFX-0200 WARNING] Removing redundant signal : bscan_DRCK. (/home/steve/video_streaming_10g_demo_v1.4.1_2026.1/fpga/Ti375N1156-DK/work_dbg/debug_top.v:1180)
[EFX-0200 WARNING] Removing redundant signal : bscan_RUNTEST. (/home/steve/video_streaming_10g_demo_v1.4.1_2026.1/fpga/Ti375N1156-DK/work_dbg/debug_top.v:1182)
[EFX-0200 WARNING] Removing redundant signal : bscan_SEL. (/home/steve/video_streaming_10g_demo_v1.4.1_2026.1/fpga/Ti375N1156-DK/work_dbg/debug_top.v:1183)
[EFX-0200 WARNING] Removing redundant signal : bscan_TMS. (/home/steve/video_streaming_10g_demo_v1.4.1_2026.1/fpga/Ti375N1156-DK/work_dbg/debug_top.v:1187)
[EFX-0201 WARNING] Re-wiring to GND non-driven net/port 'probe22[0]' in module 'edb_la_top_renamed_due_excessive_length_1'. (/home/steve/video_streaming_10g_demo_v1.4.1_2026.1/fpga/Ti375N1156-DK/work_dbg/debug_top.v:164)
[EFX-0201 WARNING] Re-wiring to GND non-driven net/port 'probe23[0]' in module 'edb_la_top_renamed_due_excessive_length_1'. (/home/steve/video_streaming_10g_demo_v1.4.1_2026.1/fpga/Ti375N1156-DK/work_dbg/debug_top.v:164)
[EFX-0201 WARNING] Re-wiring to GND non-driven net/port 'probe24[0]' in module 'edb_la_top_renamed_due_excessive_length_1'. (/home/steve/video_streaming_10g_demo_v1.4.1_2026.1/fpga/Ti375N1156-DK/work_dbg/debug_top.v:164)
[EFX-0201 WARNING] Re-wiring to GND non-driven net/port 'probe25[0]' in module 'edb_la_top_renamed_due_excessive_length_1'. (/home/steve/video_streaming_10g_demo_v1.4.1_2026.1/fpga/Ti375N1156-DK/work_dbg/debug_top.v:164)
[EFX-0201 WARNING] Re-wiring to GND non-driven net/port 'probe26[0]' in module 'edb_la_top_renamed_due_excessive_length_1'. (/home/steve/video_streaming_10g_demo_v1.4.1_2026.1/fpga/Ti375N1156-DK/work_dbg/debug_top.v:164)
[EFX-0201 WARNING] Re-wiring to GND non-driven net/port 'probe27[0]' in module 'edb_la_top_renamed_due_excessive_length_1'. (/home/steve/video_streaming_10g_demo_v1.4.1_2026.1/fpga/Ti375N1156-DK/work_dbg/debug_top.v:164)
[EFX-0201 WARNING] Re-wiring to GND non-driven net/port 'probe28[0]' in module 'edb_la_top_renamed_due_excessive_length_1'. (/home/steve/video_streaming_10g_demo_v1.4.1_2026.1/fpga/Ti375N1156-DK/work_dbg/debug_top.v:164)
[EFX-0201 WARNING] Re-wiring to GND non-driven net/port 'probe29[0]' in module 'edb_la_top_renamed_due_excessive_length_1'. (/home/steve/video_streaming_10g_demo_v1.4.1_2026.1/fpga/Ti375N1156-DK/work_dbg/debug_top.v:164)
[EFX-0201 WARNING] Re-wiring to GND non-driven net/port 'probe30[0]' in module 'edb_la_top_renamed_due_excessive_length_1'. (/home/steve/video_streaming_10g_demo_v1.4.1_2026.1/fpga/Ti375N1156-DK/work_dbg/debug_top.v:164)
[EFX-0201 WARNING] Re-wiring to GND non-driven net/port 'probe31[0]' in module 'edb_la_top_renamed_due_excessive_length_1'. (/home/steve/video_streaming_10g_demo_v1.4.1_2026.1/fpga/Ti375N1156-DK/work_dbg/debug_top.v:164)
[EFX-0011 VERI-WARNING] Input/inout port bscan_DRCK is unconnected. Place and route may remove this unconnected port. (VDB-8003) (/home/steve/video_streaming_10g_demo_v1.4.1_2026.1/fpga/Ti375N1156-DK/work_dbg/debug_top.v:13)
[EFX-0011 VERI-WARNING] Input/inout port bscan_RUNTEST is unconnected. Place and route may remove this unconnected port. (VDB-8003) (/home/steve/video_streaming_10g_demo_v1.4.1_2026.1/fpga/Ti375N1156-DK/work_dbg/debug_top.v:15)
[EFX-0011 VERI-WARNING] Input/inout port bscan_TMS is unconnected. Place and route may remove this unconnected port. (VDB-8003) (/home/steve/video_streaming_10g_demo_v1.4.1_2026.1/fpga/Ti375N1156-DK/work_dbg/debug_top.v:20)
[EFX-0011 VERI-WARNING] Found 3 warnings in the post-synthesis netlist. 

///////////////////////////////////
// Efinity Synthesis Started 
// Sep 22, 2026 00:09:04
///////////////////////////////////

[EFX-0256 WARNING] The primary output port 'sfp0_PMA_TX_ELEC_IDLE' wire 'sfp0_PMA_TX_ELEC_IDLE' is not driven.
[EFX-0256 WARNING] The primary output port 'sfp0_ETH_EEE_ALERT_EN' wire 'sfp0_ETH_EEE_ALERT_EN' is not driven.
[EFX-0200 WARNING] Removing redundant signal : k[31:0]. (/home/steve/video_streaming_10g_demo_v1.4.1_2026.1/rtl/debounce_switch.v:56)
[EFX-0200 WARNING] Removing redundant signal : rom_read. (/home/steve/video_streaming_10g_demo_v1.4.1_2026.1/rtl/apb_master.sv:48)
[EFX-0200 WARNING] Removing redundant signal : j[31:0]. (/home/steve/video_streaming_10g_demo_v1.4.1_2026.1/rtl/apb_master.sv:212)
[EFX-0200 WARNING] Removing redundant signal : q[31:0]. (/home/steve/video_streaming_10g_demo_v1.4.1_2026.1/rtl/apb_master.sv:212)
[EFX-0200 WARNING] Removing redundant signal : PADDR[19:10]. (/home/steve/video_streaming_10g_demo_v1.4.1_2026.1/rtl/apb3_slave.sv:45)
[EFX-0200 WARNING] Removing redundant signal : PADDR[1:0]. (/home/steve/video_streaming_10g_demo_v1.4.1_2026.1/rtl/apb3_slave.sv:45)
[EFX-0200 WARNING] Removing redundant signal : byteIndex[31:0]. (/home/steve/video_streaming_10g_demo_v1.4.1_2026.1/rtl/apb3_slave.sv:69)
[EFX-0200 WARNING] Removing redundant signal : io_cpu_prefetch_isValid. (/home/steve/video_streaming_10g_demo_v1.4.1_2026.1/fpga/Ti375N1156-DK/ip/sapphire_gen/sapphire_gen.v:18748)
[EFX-0200 WARNING] Removing redundant signal : io_cpu_fetch_isRemoved. (/home/steve/video_streaming_10g_demo_v1.4.1_2026.1/fpga/Ti375N1156-DK/ip/sapphire_gen/sapphire_gen.v:18753)
[EFX-0200 WARNING] Removing redundant signal : io_cpu_decode_isValid. (/home/steve/video_streaming_10g_demo_v1.4.1_2026.1/fpga/Ti375N1156-DK/ip/sapphire_gen/sapphire_gen.v:18766)
[EFX-0200 WARNING] Removing redundant signal : io_cpu_decode_isUser. (/home/steve/video_streaming_10g_demo_v1.4.1_2026.1/fpga/Ti375N1156-DK/ip/sapphire_gen/sapphire_gen.v:18775)
[EFX-0200 WARNING] Removing redundant signal : io_cpu_prefetch_pc[31:12]. (/home/steve/video_streaming_10g_demo_v1.4.1_2026.1/fpga/Ti375N1156-DK/ip/sapphire_gen/sapphire_gen.v:18750)
[EFX-0200 WARNING] Removing redundant signal : io_cpu_prefetch_pc[1:0]. (/home/steve/video_streaming_10g_demo_v1.4.1_2026.1/fpga/Ti375N1156-DK/ip/sapphire_gen/sapphire_gen.v:18750)
[EFX-0200 WARNING] Removing redundant signal : io_cpu_fetch_pc[31:0]. (/home/steve/video_streaming_10g_demo_v1.4.1_2026.1/fpga/Ti375N1156-DK/ip/sapphire_gen/sapphire_gen.v:18754)
[EFX-0200 WARNING] Removing redundant signal : io_cpu_decode_pc[31:0]. (/home/steve/video_streaming_10g_demo_v1.4.1_2026.1/fpga/Ti375N1156-DK/ip/sapphire_gen/sapphire_gen.v:18768)
[EFX-0200 WARNING] Removing redundant signal : io_cpu_writeBack_isFiring. (/home/steve/video_streaming_10g_demo_v1.4.1_2026.1/fpga/Ti375N1156-DK/ip/sapphire_gen/sapphire_gen.v:17915)
[EFX-0200 WARNING] Removing redundant signal : io_cpu_writeBack_isUser. (/home/steve/video_streaming_10g_demo_v1.4.1_2026.1/fpga/Ti375N1156-DK/ip/sapphire_gen/sapphire_gen.v:17916)
[EFX-0200 WARNING] Removing redundant signal : io_cpu_writeBack_fence_SW. (/home/steve/video_streaming_10g_demo_v1.4.1_2026.1/fpga/Ti375N1156-DK/ip/sapphire_gen/sapphire_gen.v:17926)
[EFX-0200 WARNING] Removing redundant signal : io_cpu_writeBack_fence_SR. (/home/steve/video_streaming_10g_demo_v1.4.1_2026.1/fpga/Ti375N1156-DK/ip/sapphire_gen/sapphire_gen.v:17927)
[EFX-0200 WARNING] Removing redundant signal : io_cpu_writeBack_fence_SO. (/home/steve/video_streaming_10g_demo_v1.4.1_2026.1/fpga/Ti375N1156-DK/ip/sapphire_gen/sapphire_gen.v:17928)
[EFX-0201 WARNING] Re-wiring to GND non-driven net/port 'IBusCachedPlugin_cache_io_cpu_fetch_isRemoved' in module 'VexRiscv_6da3aa8a00f24008ad95d1e51c813f5a'. (/home/steve/video_streaming_10g_demo_v1.4.1_2026.1/fpga/Ti375N1156-DK/ip/sapphire_gen/sapphire_gen.v:10450)
[EFX-0201 WARNING] Re-wiring to GND non-driven net/port 'dataCache_1_io_cpu_writeBack_fence_SW' in module 'VexRiscv_6da3aa8a00f24008ad95d1e51c813f5a'. (/home/steve/video_streaming_10g_demo_v1.4.1_2026.1/fpga/Ti375N1156-DK/ip/sapphire_gen/sapphire_gen.v:10463)
[EFX-0201 WARNING] Re-wiring to GND non-driven net/port 'dataCache_1_io_cpu_writeBack_fence_SR' in module 'VexRiscv_6da3aa8a00f24008ad95d1e51c813f5a'. (/home/steve/video_streaming_10g_demo_v1.4.1_2026.1/fpga/Ti375N1156-DK/ip/sapphire_gen/sapphire_gen.v:10464)
[EFX-0201 WARNING] Re-wiring to GND non-driven net/port 'dataCache_1_io_cpu_writeBack_fence_SO' in module 'VexRiscv_6da3aa8a00f24008ad95d1e51c813f5a'. (/home/steve/video_streaming_10g_demo_v1.4.1_2026.1/fpga/Ti375N1156-DK/ip/sapphire_gen/sapphire_gen.v:10465)
[EFX-0201 WARNING] Re-wiring to GND non-driven net/port 'dataCache_1_io_cpu_writeBack_fence_SI' in module 'VexRiscv_6da3aa8a00f24008ad95d1e51c813f5a'. (/home/steve/video_streaming_10g_demo_v1.4.1_2026.1/fpga/Ti375N1156-DK/ip/sapphire_gen/sapphire_gen.v:10466)
[EFX-0201 WARNING] Re-wiring to GND non-driven net/port 'dataCache_1_io_cpu_writeBack_fence_PW' in module 'VexRiscv_6da3aa8a00f24008ad95d1e51c813f5a'. (/home/steve/video_streaming_10g_demo_v1.4.1_2026.1/fpga/Ti375N1156-DK/ip/sapphire_gen/sapphire_gen.v:10467)
[EFX-0201 WARNING] Re-wiring to GND non-driven net/port 'dataCache_1_io_cpu_writeBack_fence_PR' in module 'VexRiscv_6da3aa8a00f24008ad95d1e51c813f5a'. (/home/steve/video_streaming_10g_demo_v1.4.1_2026.1/fpga/Ti375N1156-DK/ip/sapphire_gen/sapphire_gen.v:10468)
[EFX-0201 WARNING] Re-wiring to GND non-driven net/port 'dataCache_1_io_cpu_writeBack_fence_PO' in module 'VexRiscv_6da3aa8a00f24008ad95d1e51c813f5a'. (/home/steve/video_streaming_10g_demo_v1.4.1_2026.1/fpga/Ti375N1156-DK/ip/sapphire_gen/sapphire_gen.v:10469)
[EFX-0201 WARNING] Re-wiring to GND non-driven net/port 'dataCache_1_io_cpu_writeBack_fence_PI' in module 'VexRiscv_6da3aa8a00f24008ad95d1e51c813f5a'. (/home/steve/video_streaming_10g_demo_v1.4.1_2026.1/fpga/Ti375N1156-DK/ip/sapphire_gen/sapphire_gen.v:10470)
[EFX-0201 WARNING] Re-wiring to GND non-driven net/port 'dataCache_1_io_cpu_writeBack_fence_FM[3]' in module 'VexRiscv_6da3aa8a00f24008ad95d1e51c813f5a'. (/home/steve/video_streaming_10g_demo_v1.4.1_2026.1/fpga/Ti375N1156-DK/ip/sapphire_gen/sapphire_gen.v:10471)
[EFX-0657 WARNING] Mapping into logic memory block 'debounce_reg' (16 bits) (/home/steve/video_streaming_10g_demo_v1.4.1_2026.1/rtl/debounce_switch.v:47) because size is too small (<=64)
[EFX-0657 WARNING] Mapping into logic memory block 'logic_progbufX_mem' (64 bits) (/home/steve/video_streaming_10g_demo_v1.4.1_2026.1/fpga/Ti375N1156-DK/ip/sapphire_gen/sapphire_gen.v:9567) because size is too small (<=64)
[EFX-0657 WARNING] Mapping into logic memory block 'ram' (4 bits) (/home/steve/video_streaming_10g_demo_v1.4.1_2026.1/rtl/lib/common/frame_buffer_512/Axi4_2x512_1x512.v:1671) because size is too small (<=64)
[EFX-0656 WARNING] Optimizing into logic zero initialized read-only memory block 'inst_rd_address_decoder_1/inst_simple_dual_port_ram_00/ram__D$12'. (/home/steve/video_streaming_10g_demo_v1.4.1_2026.1/rtl/lib/common/simple_dual_port_ram.sv:32)
[EFX-0656 WARNING] Optimizing into logic zero initialized read-only memory block 'inst_rd_address_decoder_1/inst_simple_dual_port_ram_00/ram__D$2'. (/home/steve/video_streaming_10g_demo_v1.4.1_2026.1/rtl/lib/common/simple_dual_port_ram.sv:32)
[EFX-0656 WARNING] Optimizing into logic zero initialized read-only memory block 'inst_rd_address_decoder_1/inst_simple_dual_port_ram_00/ram__D$b12'. (/home/steve/video_streaming_10g_demo_v1.4.1_2026.1/rtl/lib/common/simple_dual_port_ram.sv:32)
[EFX-0656 WARNING] Optimizing into logic zero initialized read-only memory block 'inst_rd_address_decoder_1/inst_simple_dual_port_ram_00/ram__D$c12'. (/home/steve/video_streaming_10g_demo_v1.4.1_2026.1/rtl/lib/common/simple_dual_port_ram.sv:32)
[EFX-0656 WARNING] Optimizing into logic zero initialized read-only memory block 'inst_rd_address_decoder_1/inst_simple_dual_port_ram_00/ram__D$d12'. (/home/steve/video_streaming_10g_demo_v1.4.1_2026.1/rtl/lib/common/simple_dual_port_ram.sv:32)
[EFX-0656 WARNING] Optimizing into logic zero initialized read-only memory block 'inst_rd_address_decoder_1/inst_simple_dual_port_ram_00/ram__D$e12'. (/home/steve/video_streaming_10g_demo_v1.4.1_2026.1/rtl/lib/common/simple_dual_port_ram.sv:32)
[EFX-0656 WARNING] Optimizing into logic zero initialized read-only memory block 'inst_rd_address_decoder_1/inst_simple_dual_port_ram_00/ram__D$f12'. (/home/steve/video_streaming_10g_demo_v1.4.1_2026.1/rtl/lib/common/simple_dual_port_ram.sv:32)
[EFX-0656 WARNING] Optimizing into logic zero initialized read-only memory block 'inst_rd_address_decoder_1/inst_simple_dual_port_ram_00/ram__D$g12'. (/home/steve/video_streaming_10g_demo_v1.4.1_2026.1/rtl/lib/common/simple_dual_port_ram.sv:32)
[EFX-0656 WARNING] Optimizing into logic zero initialized read-only memory block 'inst_rd_address_decoder_1/inst_simple_dual_port_ram_00/ram__D$h12'. (/home/steve/video_streaming_10g_demo_v1.4.1_2026.1/rtl/lib/common/simple_dual_port_ram.sv:32)
[EFX-0656 WARNING] Optimizing into logic zero initialized read-only memory block 'inst_rd_address_decoder_1/inst_simple_dual_port_ram_00/ram__D$i12'. (/home/steve/video_streaming_10g_demo_v1.4.1_2026.1/rtl/lib/common/simple_dual_port_ram.sv:32)
[EFX-0656 WARNING] Optimizing into logic zero initialized read-only memory block 'inst_rd_address_decoder_1/inst_simple_dual_port_ram_00/ram__D$j12'. (/home/steve/video_streaming_10g_demo_v1.4.1_2026.1/rtl/lib/common/simple_dual_port_ram.sv:32)
[EFX-0656 WARNING] Optimizing into logic zero initialized read-only memory block 'inst_rd_address_decoder_1/inst_simple_dual_port_ram_00/ram__D$k12'. (/home/steve/video_streaming_10g_demo_v1.4.1_2026.1/rtl/lib/common/simple_dual_port_ram.sv:32)
[EFX-0656 WARNING] Optimizing into logic zero initialized read-only memory block 'inst_rd_address_decoder_1/inst_simple_dual_port_ram_00/ram__D$l12'. (/home/steve/video_streaming_10g_demo_v1.4.1_2026.1/rtl/lib/common/simple_dual_port_ram.sv:32)
[EFX-0656 WARNING] Optimizing into logic zero initialized read-only memory block 'inst_rd_address_decoder_1/inst_simple_dual_port_ram_00/ram__D$m12'. (/home/steve/video_streaming_10g_demo_v1.4.1_2026.1/rtl/lib/common/simple_dual_port_ram.sv:32)
[EFX-0656 WARNING] Optimizing into logic zero initialized read-only memory block 'inst_rd_address_decoder_1/inst_simple_dual_port_ram_00/ram__D$n12'. (/home/steve/video_streaming_10g_demo_v1.4.1_2026.1/rtl/lib/common/simple_dual_port_ram.sv:32)
[EFX-0656 WARNING] Optimizing into logic zero initialized read-only memory block 'inst_rd_address_decoder_1/inst_simple_dual_port_ram_00/ram__D$o12'. (/home/steve/video_streaming_10g_demo_v1.4.1_2026.1/rtl/lib/common/simple_dual_port_ram.sv:32)
[EFX-0656 WARNING] Optimizing into logic zero initialized read-only memory block 'inst_rd_address_decoder_1/inst_simple_dual_port_ram_00/ram__D$p12'. (/home/steve/video_streaming_10g_demo_v1.4.1_2026.1/rtl/lib/common/simple_dual_port_ram.sv:32)
[EFX-0656 WARNING] Optimizing into logic zero initialized read-only memory block 'inst_rd_address_decoder_1/inst_simple_dual_port_ram_00/ram__D$q12'. (/home/steve/video_streaming_10g_demo_v1.4.1_2026.1/rtl/lib/common/simple_dual_port_ram.sv:32)
[EFX-0656 WARNING] Optimizing into logic zero initialized read-only memory block 'inst_rd_address_decoder_1/inst_simple_dual_port_ram_00/ram__D$r12'. (/home/steve/video_streaming_10g_demo_v1.4.1_2026.1/rtl/lib/common/simple_dual_port_ram.sv:32)
[EFX-0656 WARNING] Optimizing into logic zero initialized read-only memory block 'inst_rd_address_decoder_1/inst_simple_dual_port_ram_00/ram__D$s12'. (/home/steve/video_streaming_10g_demo_v1.4.1_2026.1/rtl/lib/common/simple_dual_port_ram.sv:32)
[EFX-0656 WARNING] Optimizing into logic zero initialized read-only memory block 'inst_rd_address_decoder_1/inst_simple_dual_port_ram_00/ram__D$t12'. (/home/steve/video_streaming_10g_demo_v1.4.1_2026.1/rtl/lib/common/simple_dual_port_ram.sv:32)
[EFX-0656 WARNING] Optimizing into logic zero initialized read-only memory block 'inst_rd_address_decoder_1/inst_simple_dual_port_ram_00/ram__D$u12'. (/home/steve/video_streaming_10g_demo_v1.4.1_2026.1/rtl/lib/common/simple_dual_port_ram.sv:32)
[EFX-0656 WARNING] Optimizing into logic zero initialized read-only memory block 'inst_rd_address_decoder_1/inst_simple_dual_port_ram_00/ram__D$v12'. (/home/steve/video_streaming_10g_demo_v1.4.1_2026.1/rtl/lib/common/simple_dual_port_ram.sv:32)
[EFX-0656 WARNING] Optimizing into logic zero initialized read-only memory block 'inst_rd_address_decoder_1/inst_simple_dual_port_ram_00/ram__D$w12'. (/home/steve/video_streaming_10g_demo_v1.4.1_2026.1/rtl/lib/common/simple_dual_port_ram.sv:32)
[EFX-0656 WARNING] Optimizing into logic zero initialized read-only memory block 'inst_rd_address_decoder_1/inst_simple_dual_port_ram_00/ram__D$x12'. (/home/steve/video_streaming_10g_demo_v1.4.1_2026.1/rtl/lib/common/simple_dual_port_ram.sv:32)
[EFX-0656 WARNING] Optimizing into logic zero initialized read-only memory block 'inst_rd_address_decoder_1/inst_simple_dual_port_ram_00/ram__D$y1'. (/home/steve/video_streaming_10g_demo_v1.4.1_2026.1/rtl/lib/common/simple_dual_port_ram.sv:32)
[EFX-0656 WARNING] Optimizing into logic zero initialized read-only memory block 'inst_frame_buffer_512/inst_wr_address_decoder_1/genblk1[15].inst_pclk_to_axi_buffer/ram__D$1'. (/home/steve/video_streaming_10g_demo_v1.4.1_2026.1/rtl/lib/common/simple_dual_port_ram.sv:32)
[EFX-0656 WARNING] Optimizing into logic zero initialized read-only memory block 'inst_frame_buffer_512/inst_wr_address_decoder_1/genblk1[15].inst_pclk_to_axi_buffer/ram__D$2'. (/home/steve/video_streaming_10g_demo_v1.4.1_2026.1/rtl/lib/common/simple_dual_port_ram.sv:32)
[EFX-0656 WARNING] Optimizing into logic zero initialized read-only memory block 'inst_frame_buffer_512/inst_wr_address_decoder_1/genblk1[14].inst_pclk_to_axi_buffer/ram__D$1'. (/home/steve/video_streaming_10g_demo_v1.4.1_2026.1/rtl/lib/common/simple_dual_port_ram.sv:32)
[EFX-0656 WARNING] Optimizing into logic zero initialized read-only memory block 'inst_frame_buffer_512/inst_wr_address_decoder_1/genblk1[14].inst_pclk_to_axi_buffer/ram__D$2'. (/home/steve/video_streaming_10g_demo_v1.4.1_2026.1/rtl/lib/common/simple_dual_port_ram.sv:32)
[EFX-0656 WARNING] Optimizing into logic zero initialized read-only memory block 'inst_frame_buffer_512/inst_wr_address_decoder_1/genblk1[13].inst_pclk_to_axi_buffer/ram__D$1'. (/home/steve/video_streaming_10g_demo_v1.4.1_2026.1/rtl/lib/common/simple_dual_port_ram.sv:32)
[EFX-0656 WARNING] Optimizing into logic zero initialized read-only memory block 'inst_frame_buffer_512/inst_wr_address_decoder_1/genblk1[13].inst_pclk_to_axi_buffer/ram__D$2'. (/home/steve/video_streaming_10g_demo_v1.4.1_2026.1/rtl/lib/common/simple_dual_port_ram.sv:32)
[EFX-0656 WARNING] Optimizing into logic zero initialized read-only memory block 'inst_frame_buffer_512/inst_wr_address_decoder_1/genblk1[12].inst_pclk_to_axi_buffer/ram__D$1'. (/home/steve/video_streaming_10g_demo_v1.4.1_2026.1/rtl/lib/common/simple_dual_port_ram.sv:32)
[EFX-0656 WARNING] Optimizing into logic zero initialized read-only memory block 'inst_frame_buffer_512/inst_wr_address_decoder_1/genblk1[12].inst_pclk_to_axi_buffer/ram__D$2'. (/home/steve/video_streaming_10g_demo_v1.4.1_2026.1/rtl/lib/common/simple_dual_port_ram.sv:32)
[EFX-0656 WARNING] Optimizing into logic zero initialized read-only memory block 'inst_frame_buffer_512/inst_wr_address_decoder_1/genblk1[11].inst_pclk_to_axi_buffer/ram__D$1'. (/home/steve/video_streaming_10g_demo_v1.4.1_2026.1/rtl/lib/common/simple_dual_port_ram.sv:32)
[EFX-0656 WARNING] Optimizing into logic zero initialized read-only memory block 'inst_frame_buffer_512/inst_wr_address_decoder_1/genblk1[11].inst_pclk_to_axi_buffer/ram__D$2'. (/home/steve/video_streaming_10g_demo_v1.4.1_2026.1/rtl/lib/common/simple_dual_port_ram.sv:32)
[EFX-0656 WARNING] Optimizing into logic zero initialized read-only memory block 'inst_frame_buffer_512/inst_wr_address_decoder_1/genblk1[10].inst_pclk_to_axi_buffer/ram__D$1'. (/home/steve/video_streaming_10g_demo_v1.4.1_2026.1/rtl/lib/common/simple_dual_port_ram.sv:32)
[EFX-0656 WARNING] Optimizing into logic zero initialized read-only memory block 'inst_frame_buffer_512/inst_wr_address_decoder_1/genblk1[10].inst_pclk_to_axi_buffer/ram__D$2'. (/home/steve/video_streaming_10g_demo_v1.4.1_2026.1/rtl/lib/common/simple_dual_port_ram.sv:32)
[EFX-0656 WARNING] Optimizing into logic zero initialized read-only memory block 'inst_frame_buffer_512/inst_wr_address_decoder_1/genblk1[9].inst_pclk_to_axi_buffer/ram__D$1'. (/home/steve/video_streaming_10g_demo_v1.4.1_2026.1/rtl/lib/common/simple_dual_port_ram.sv:32)
[EFX-0656 WARNING] Optimizing into logic zero initialized read-only memory block 'inst_frame_buffer_512/inst_wr_address_decoder_1/genblk1[9].inst_pclk_to_axi_buffer/ram__D$2'. (/home/steve/video_streaming_10g_demo_v1.4.1_2026.1/rtl/lib/common/simple_dual_port_ram.sv:32)
[EFX-0656 WARNING] Optimizing into logic zero initialized read-only memory block 'inst_frame_buffer_512/inst_wr_address_decoder_1/genblk1[8].inst_pclk_to_axi_buffer/ram__D$1'. (/home/steve/video_streaming_10g_demo_v1.4.1_2026.1/rtl/lib/common/simple_dual_port_ram.sv:32)
[EFX-0656 WARNING] Optimizing into logic zero initialized read-only memory block 'inst_frame_buffer_512/inst_wr_address_decoder_1/genblk1[8].inst_pclk_to_axi_buffer/ram__D$2'. (/home/steve/video_streaming_10g_demo_v1.4.1_2026.1/rtl/lib/common/simple_dual_port_ram.sv:32)
[EFX-0656 WARNING] Optimizing into logic zero initialized read-only memory block 'inst_frame_buffer_512/inst_wr_address_decoder_1/genblk1[7].inst_pclk_to_axi_buffer/ram__D$1'. (/home/steve/video_streaming_10g_demo_v1.4.1_2026.1/rtl/lib/common/simple_dual_port_ram.sv:32)
[EFX-0656 WARNING] Optimizing into logic zero initialized read-only memory block 'inst_frame_buffer_512/inst_wr_address_decoder_1/genblk1[7].inst_pclk_to_axi_buffer/ram__D$2'. (/home/steve/video_streaming_10g_demo_v1.4.1_2026.1/rtl/lib/common/simple_dual_port_ram.sv:32)
[EFX-0656 WARNING] Optimizing into logic zero initialized read-only memory block 'inst_frame_buffer_512/inst_wr_address_decoder_1/genblk1[6].inst_pclk_to_axi_buffer/ram__D$1'. (/home/steve/video_streaming_10g_demo_v1.4.1_2026.1/rtl/lib/common/simple_dual_port_ram.sv:32)
[EFX-0656 WARNING] Optimizing into logic zero initialized read-only memory block 'inst_frame_buffer_512/inst_wr_address_decoder_1/genblk1[6].inst_pclk_to_axi_buffer/ram__D$2'. (/home/steve/video_streaming_10g_demo_v1.4.1_2026.1/rtl/lib/common/simple_dual_port_ram.sv:32)
[EFX-0656 WARNING] Optimizing into logic zero initialized read-only memory block 'inst_frame_buffer_512/inst_wr_address_decoder_1/genblk1[5].inst_pclk_to_axi_buffer/ram__D$1'. (/home/steve/video_streaming_10g_demo_v1.4.1_2026.1/rtl/lib/common/simple_dual_port_ram.sv:32)
[EFX-0656 WARNING] Optimizing into logic zero initialized read-only memory block 'inst_frame_buffer_512/inst_wr_address_decoder_1/genblk1[5].inst_pclk_to_axi_buffer/ram__D$2'. (/home/steve/video_streaming_10g_demo_v1.4.1_2026.1/rtl/lib/common/simple_dual_port_ram.sv:32)
[EFX-0656 WARNING] Optimizing into logic zero initialized read-only memory block 'inst_frame_buffer_512/inst_wr_address_decoder_1/genblk1[4].inst_pclk_to_axi_buffer/ram__D$1'. (/home/steve/video_streaming_10g_demo_v1.4.1_2026.1/rtl/lib/common/simple_dual_port_ram.sv:32)
[EFX-0656 WARNING] Optimizing into logic zero initialized read-only memory block 'inst_frame_buffer_512/inst_wr_address_decoder_1/genblk1[4].inst_pclk_to_axi_buffer/ram__D$2'. (/home/steve/video_streaming_10g_demo_v1.4.1_2026.1/rtl/lib/common/simple_dual_port_ram.sv:32)
[EFX-0656 WARNING] Optimizing into logic zero initialized read-only memory block 'inst_frame_buffer_512/inst_wr_address_decoder_1/genblk1[3].inst_pclk_to_axi_buffer/ram__D$1'. (/home/steve/video_streaming_10g_demo_v1.4.1_2026.1/rtl/lib/common/simple_dual_port_ram.sv:32)
[EFX-0656 WARNING] Optimizing into logic zero initialized read-only memory block 'inst_frame_buffer_512/inst_wr_address_decoder_1/genblk1[3].inst_pclk_to_axi_buffer/ram__D$2'. (/home/steve/video_streaming_10g_demo_v1.4.1_2026.1/rtl/lib/common/simple_dual_port_ram.sv:32)
[EFX-0656 WARNING] Optimizing into logic zero initialized read-only memory block 'inst_frame_buffer_512/inst_wr_address_decoder_1/genblk1[2].inst_pclk_to_axi_buffer/ram__D$1'. (/home/steve/video_streaming_10g_demo_v1.4.1_2026.1/rtl/lib/common/simple_dual_port_ram.sv:32)
[EFX-0656 WARNING] Optimizing into logic zero initialized read-only memory block 'inst_frame_buffer_512/inst_wr_address_decoder_1/genblk1[2].inst_pclk_to_axi_buffer/ram__D$2'. (/home/steve/video_streaming_10g_demo_v1.4.1_2026.1/rtl/lib/common/simple_dual_port_ram.sv:32)
[EFX-0656 WARNING] Optimizing into logic zero initialized read-only memory block 'inst_frame_buffer_512/inst_wr_address_decoder_1/genblk1[1].inst_pclk_to_axi_buffer/ram__D$1'. (/home/steve/video_streaming_10g_demo_v1.4.1_2026.1/rtl/lib/common/simple_dual_port_ram.sv:32)
[EFX-0656 WARNING] Optimizing into logic zero initialized read-only memory block 'inst_frame_buffer_512/inst_wr_address_decoder_1/genblk1[1].inst_pclk_to_axi_buffer/ram__D$2'. (/home/steve/video_streaming_10g_demo_v1.4.1_2026.1/rtl/lib/common/simple_dual_port_ram.sv:32)
[EFX-0656 WARNING] Optimizing into logic zero initialized read-only memory block 'inst_frame_buffer_512/inst_wr_address_decoder_1/genblk1[0].inst_pclk_to_axi_buffer/ram__D$1'. (/home/steve/video_streaming_10g_demo_v1.4.1_2026.1/rtl/lib/common/simple_dual_port_ram.sv:32)
[EFX-0656 WARNING] Optimizing into logic zero initialized read-only memory block 'inst_frame_buffer_512/inst_wr_address_decoder_1/genblk1[0].inst_pclk_to_axi_buffer/ram__D$2'. (/home/steve/video_streaming_10g_demo_v1.4.1_2026.1/rtl/lib/common/simple_dual_port_ram.sv:32)
[EFX-0657 WARNING] Mapping into logic memory block 'q1_apb_master/rom_mif' (1060 bits) (/home/steve/video_streaming_10g_demo_v1.4.1_2026.1/rtl/apb_master.sv:49) because read port is not synchronous.

///////////////////////////////////
// Efinity Synthesis Started 
// Sep 22, 2026 00:32:53
///////////////////////////////////

[EFX-0011 VERI-WARNING] port 'probe2' remains unconnected for this instance (VERI-1927) (/home/steve/video_streaming_10g_demo_v1.4.1_2026.1/fpga/Ti375N1156-DK/work_dbg/debug_top.v:118)
[EFX-0011 VERI-WARNING] input port 'probe2[0]' remains unconnected for this instance (VDB-1053) (/home/steve/video_streaming_10g_demo_v1.4.1_2026.1/fpga/Ti375N1156-DK/work_dbg/debug_top.v:95)
[EFX-0200 WARNING] Removing redundant signal : compared_in[0]. (/home/steve/video_streaming_10g_demo_v1.4.1_2026.1/fpga/Ti375N1156-DK/work_dbg/debug_top.v:5520)
[EFX-0200 WARNING] Removing redundant signal : mask_in[0]. (/home/steve/video_streaming_10g_demo_v1.4.1_2026.1/fpga/Ti375N1156-DK/work_dbg/debug_top.v:5521)
[EFX-0200 WARNING] Removing redundant signal : trigger_in. (/home/steve/video_streaming_10g_demo_v1.4.1_2026.1/fpga/Ti375N1156-DK/work_dbg/debug_top.v:5731)
[EFX-0200 WARNING] Removing redundant signal : clk. (/home/steve/video_streaming_10g_demo_v1.4.1_2026.1/fpga/Ti375N1156-DK/work_dbg/debug_top.v:4554)
[EFX-0200 WARNING] Removing redundant signal : full. (/home/steve/video_streaming_10g_demo_v1.4.1_2026.1/fpga/Ti375N1156-DK/work_dbg/debug_top.v:4608)
[EFX-0200 WARNING] Removing redundant signal : shift_i. (/home/steve/video_streaming_10g_demo_v1.4.1_2026.1/fpga/Ti375N1156-DK/work_dbg/debug_top.v:4878)
[EFX-0200 WARNING] Removing redundant signal : trig_out. (/home/steve/video_streaming_10g_demo_v1.4.1_2026.1/fpga/Ti375N1156-DK/work_dbg/debug_top.v:4895)
[EFX-0200 WARNING] Removing redundant signal : trig_out_ack. (/home/steve/video_streaming_10g_demo_v1.4.1_2026.1/fpga/Ti375N1156-DK/work_dbg/debug_top.v:4896)
[EFX-0200 WARNING] Removing redundant signal : bscan_DRCK. (/home/steve/video_streaming_10g_demo_v1.4.1_2026.1/fpga/Ti375N1156-DK/work_dbg/debug_top.v:1037)
[EFX-0200 WARNING] Removing redundant signal : bscan_RESET. (/home/steve/video_streaming_10g_demo_v1.4.1_2026.1/fpga/Ti375N1156-DK/work_dbg/debug_top.v:1038)
[EFX-0200 WARNING] Removing redundant signal : bscan_RUNTEST. (/home/steve/video_streaming_10g_demo_v1.4.1_2026.1/fpga/Ti375N1156-DK/work_dbg/debug_top.v:1039)
[EFX-0200 WARNING] Removing redundant signal : bscan_SEL. (/home/steve/video_streaming_10g_demo_v1.4.1_2026.1/fpga/Ti375N1156-DK/work_dbg/debug_top.v:1040)
[EFX-0200 WARNING] Removing redundant signal : bscan_TMS. (/home/steve/video_streaming_10g_demo_v1.4.1_2026.1/fpga/Ti375N1156-DK/work_dbg/debug_top.v:1044)
[EFX-0200 WARNING] Removing redundant signal : trig_in_ack. (/home/steve/video_streaming_10g_demo_v1.4.1_2026.1/fpga/Ti375N1156-DK/work_dbg/debug_top.v:1056)
[EFX-0200 WARNING] Removing redundant signal : mux_capture_cmp[1:0]. (/home/steve/video_streaming_10g_demo_v1.4.1_2026.1/fpga/Ti375N1156-DK/work_dbg/debug_top.v:3475)
[EFX-0200 WARNING] Removing redundant signal : bscan_CAPTURE. (/home/steve/video_streaming_10g_demo_v1.4.1_2026.1/fpga/Ti375N1156-DK/work_dbg/debug_top.v:276)
[EFX-0200 WARNING] Removing redundant signal : bscan_DRCK. (/home/steve/video_streaming_10g_demo_v1.4.1_2026.1/fpga/Ti375N1156-DK/work_dbg/debug_top.v:277)
[EFX-0200 WARNING] Removing redundant signal : bscan_RUNTEST. (/home/steve/video_streaming_10g_demo_v1.4.1_2026.1/fpga/Ti375N1156-DK/work_dbg/debug_top.v:279)
[EFX-0200 WARNING] Removing redundant signal : bscan_TMS. (/home/steve/video_streaming_10g_demo_v1.4.1_2026.1/fpga/Ti375N1156-DK/work_dbg/debug_top.v:284)
[EFX-0201 WARNING] Re-wiring to GND non-driven net/port 'probe2[0]' in module 'edb_la_top_12d0c5b8337c4cd58fa633183154728c(NUM_PROBES=2,INPUT_PIPE_STAGES=1,UUID=128'b11100010111001010110100100001100100011001010111101000110000011101000000000001101011000110111011011000100111110010001011000000011,PROBE0_TYPE=1,PROBE1_TYPE=1)'. (/home/steve/video_streaming_10g_demo_v1.4.1_2026.1/fpga/Ti375N1156-DK/work_dbg/debug_top.v:95)
[EFX-0201 WARNING] Re-wiring to GND non-driven net/port 'probe3[0]' in module 'edb_la_top_12d0c5b8337c4cd58fa633183154728c(NUM_PROBES=2,INPUT_PIPE_STAGES=1,UUID=128'b11100010111001010110100100001100100011001010111101000110000011101000000000001101011000110111011011000100111110010001011000000011,PROBE0_TYPE=1,PROBE1_TYPE=1)'. (/home/steve/video_streaming_10g_demo_v1.4.1_2026.1/fpga/Ti375N1156-DK/work_dbg/debug_top.v:95)
[EFX-0201 WARNING] Re-wiring to GND non-driven net/port 'probe4[0]' in module 'edb_la_top_12d0c5b8337c4cd58fa633183154728c(NUM_PROBES=2,INPUT_PIPE_STAGES=1,UUID=128'b11100010111001010110100100001100100011001010111101000110000011101000000000001101011000110111011011000100111110010001011000000011,PROBE0_TYPE=1,PROBE1_TYPE=1)'. (/home/steve/video_streaming_10g_demo_v1.4.1_2026.1/fpga/Ti375N1156-DK/work_dbg/debug_top.v:95)
[EFX-0201 WARNING] Re-wiring to GND non-driven net/port 'probe5[0]' in module 'edb_la_top_12d0c5b8337c4cd58fa633183154728c(NUM_PROBES=2,INPUT_PIPE_STAGES=1,UUID=128'b11100010111001010110100100001100100011001010111101000110000011101000000000001101011000110111011011000100111110010001011000000011,PROBE0_TYPE=1,PROBE1_TYPE=1)'. (/home/steve/video_streaming_10g_demo_v1.4.1_2026.1/fpga/Ti375N1156-DK/work_dbg/debug_top.v:95)
[EFX-0201 WARNING] Re-wiring to GND non-driven net/port 'probe6[0]' in module 'edb_la_top_12d0c5b8337c4cd58fa633183154728c(NUM_PROBES=2,INPUT_PIPE_STAGES=1,UUID=128'b11100010111001010110100100001100100011001010111101000110000011101000000000001101011000110111011011000100111110010001011000000011,PROBE0_TYPE=1,PROBE1_TYPE=1)'. (/home/steve/video_streaming_10g_demo_v1.4.1_2026.1/fpga/Ti375N1156-DK/work_dbg/debug_top.v:95)
[EFX-0201 WARNING] Re-wiring to GND non-driven net/port 'probe7[0]' in module 'edb_la_top_12d0c5b8337c4cd58fa633183154728c(NUM_PROBES=2,INPUT_PIPE_STAGES=1,UUID=128'b11100010111001010110100100001100100011001010111101000110000011101000000000001101011000110111011011000100111110010001011000000011,PROBE0_TYPE=1,PROBE1_TYPE=1)'. (/home/steve/video_streaming_10g_demo_v1.4.1_2026.1/fpga/Ti375N1156-DK/work_dbg/debug_top.v:95)
[EFX-0201 WARNING] Re-wiring to GND non-driven net/port 'probe8[0]' in module 'edb_la_top_12d0c5b8337c4cd58fa633183154728c(NUM_PROBES=2,INPUT_PIPE_STAGES=1,UUID=128'b11100010111001010110100100001100100011001010111101000110000011101000000000001101011000110111011011000100111110010001011000000011,PROBE0_TYPE=1,PROBE1_TYPE=1)'. (/home/steve/video_streaming_10g_demo_v1.4.1_2026.1/fpga/Ti375N1156-DK/work_dbg/debug_top.v:95)
[EFX-0201 WARNING] Re-wiring to GND non-driven net/port 'probe9[0]' in module 'edb_la_top_12d0c5b8337c4cd58fa633183154728c(NUM_PROBES=2,INPUT_PIPE_STAGES=1,UUID=128'b11100010111001010110100100001100100011001010111101000110000011101000000000001101011000110111011011000100111110010001011000000011,PROBE0_TYPE=1,PROBE1_TYPE=1)'. (/home/steve/video_streaming_10g_demo_v1.4.1_2026.1/fpga/Ti375N1156-DK/work_dbg/debug_top.v:95)
[EFX-0201 WARNING] Re-wiring to GND non-driven net/port 'probe10[0]' in module 'edb_la_top_12d0c5b8337c4cd58fa633183154728c(NUM_PROBES=2,INPUT_PIPE_STAGES=1,UUID=128'b11100010111001010110100100001100100011001010111101000110000011101000000000001101011000110111011011000100111110010001011000000011,PROBE0_TYPE=1,PROBE1_TYPE=1)'. (/home/steve/video_streaming_10g_demo_v1.4.1_2026.1/fpga/Ti375N1156-DK/work_dbg/debug_top.v:95)
[EFX-0201 WARNING] Re-wiring to GND non-driven net/port 'probe11[0]' in module 'edb_la_top_12d0c5b8337c4cd58fa633183154728c(NUM_PROBES=2,INPUT_PIPE_STAGES=1,UUID=128'b11100010111001010110100100001100100011001010111101000110000011101000000000001101011000110111011011000100111110010001011000000011,PROBE0_TYPE=1,PROBE1_TYPE=1)'. (/home/steve/video_streaming_10g_demo_v1.4.1_2026.1/fpga/Ti375N1156-DK/work_dbg/debug_top.v:95)
[EFX-0011 VERI-WARNING] Input/inout port bscan_DRCK is unconnected. Place and route may remove this unconnected port. (VDB-8003) (/home/steve/video_streaming_10g_demo_v1.4.1_2026.1/fpga/Ti375N1156-DK/work_dbg/debug_top.v:17)
[EFX-0011 VERI-WARNING] Input/inout port bscan_RUNTEST is unconnected. Place and route may remove this unconnected port. (VDB-8003) (/home/steve/video_streaming_10g_demo_v1.4.1_2026.1/fpga/Ti375N1156-DK/work_dbg/debug_top.v:19)
[EFX-0011 VERI-WARNING] Input/inout port bscan_TMS is unconnected. Place and route may remove this unconnected port. (VDB-8003) (/home/steve/video_streaming_10g_demo_v1.4.1_2026.1/fpga/Ti375N1156-DK/work_dbg/debug_top.v:24)
[EFX-0011 VERI-WARNING] Found 3 warnings in the post-synthesis netlist. 

///////////////////////////////////
// Efinity Synthesis Started 
// Sep 22, 2026 00:33:05
///////////////////////////////////

[EFX-0256 WARNING] The primary output port 'sfp0_PMA_TX_ELEC_IDLE' wire 'sfp0_PMA_TX_ELEC_IDLE' is not driven.
[EFX-0256 WARNING] The primary output port 'sfp0_ETH_EEE_ALERT_EN' wire 'sfp0_ETH_EEE_ALERT_EN' is not driven.
[EFX-0200 WARNING] Removing redundant signal : k[31:0]. (/home/steve/video_streaming_10g_demo_v1.4.1_2026.1/rtl/debounce_switch.v:56)
[EFX-0200 WARNING] Removing redundant signal : rom_read. (/home/steve/video_streaming_10g_demo_v1.4.1_2026.1/rtl/apb_master.sv:48)
[EFX-0200 WARNING] Removing redundant signal : j[31:0]. (/home/steve/video_streaming_10g_demo_v1.4.1_2026.1/rtl/apb_master.sv:212)
[EFX-0200 WARNING] Removing redundant signal : q[31:0]. (/home/steve/video_streaming_10g_demo_v1.4.1_2026.1/rtl/apb_master.sv:212)
[EFX-0200 WARNING] Removing redundant signal : PADDR[19:10]. (/home/steve/video_streaming_10g_demo_v1.4.1_2026.1/rtl/apb3_slave.sv:45)
[EFX-0200 WARNING] Removing redundant signal : PADDR[1:0]. (/home/steve/video_streaming_10g_demo_v1.4.1_2026.1/rtl/apb3_slave.sv:45)
[EFX-0200 WARNING] Removing redundant signal : byteIndex[31:0]. (/home/steve/video_streaming_10g_demo_v1.4.1_2026.1/rtl/apb3_slave.sv:69)
[EFX-0200 WARNING] Removing redundant signal : io_cpu_prefetch_isValid. (/home/steve/video_streaming_10g_demo_v1.4.1_2026.1/fpga/Ti375N1156-DK/ip/sapphire_gen/sapphire_gen.v:18748)
[EFX-0200 WARNING] Removing redundant signal : io_cpu_fetch_isRemoved. (/home/steve/video_streaming_10g_demo_v1.4.1_2026.1/fpga/Ti375N1156-DK/ip/sapphire_gen/sapphire_gen.v:18753)
[EFX-0200 WARNING] Removing redundant signal : io_cpu_decode_isValid. (/home/steve/video_streaming_10g_demo_v1.4.1_2026.1/fpga/Ti375N1156-DK/ip/sapphire_gen/sapphire_gen.v:18766)
[EFX-0200 WARNING] Removing redundant signal : io_cpu_decode_isUser. (/home/steve/video_streaming_10g_demo_v1.4.1_2026.1/fpga/Ti375N1156-DK/ip/sapphire_gen/sapphire_gen.v:18775)
[EFX-0200 WARNING] Removing redundant signal : io_cpu_prefetch_pc[31:12]. (/home/steve/video_streaming_10g_demo_v1.4.1_2026.1/fpga/Ti375N1156-DK/ip/sapphire_gen/sapphire_gen.v:18750)
[EFX-0200 WARNING] Removing redundant signal : io_cpu_prefetch_pc[1:0]. (/home/steve/video_streaming_10g_demo_v1.4.1_2026.1/fpga/Ti375N1156-DK/ip/sapphire_gen/sapphire_gen.v:18750)
[EFX-0200 WARNING] Removing redundant signal : io_cpu_fetch_pc[31:0]. (/home/steve/video_streaming_10g_demo_v1.4.1_2026.1/fpga/Ti375N1156-DK/ip/sapphire_gen/sapphire_gen.v:18754)
[EFX-0200 WARNING] Removing redundant signal : io_cpu_decode_pc[31:0]. (/home/steve/video_streaming_10g_demo_v1.4.1_2026.1/fpga/Ti375N1156-DK/ip/sapphire_gen/sapphire_gen.v:18768)
[EFX-0200 WARNING] Removing redundant signal : io_cpu_writeBack_isFiring. (/home/steve/video_streaming_10g_demo_v1.4.1_2026.1/fpga/Ti375N1156-DK/ip/sapphire_gen/sapphire_gen.v:17915)
[EFX-0200 WARNING] Removing redundant signal : io_cpu_writeBack_isUser. (/home/steve/video_streaming_10g_demo_v1.4.1_2026.1/fpga/Ti375N1156-DK/ip/sapphire_gen/sapphire_gen.v:17916)
[EFX-0200 WARNING] Removing redundant signal : io_cpu_writeBack_fence_SW. (/home/steve/video_streaming_10g_demo_v1.4.1_2026.1/fpga/Ti375N1156-DK/ip/sapphire_gen/sapphire_gen.v:17926)
[EFX-0200 WARNING] Removing redundant signal : io_cpu_writeBack_fence_SR. (/home/steve/video_streaming_10g_demo_v1.4.1_2026.1/fpga/Ti375N1156-DK/ip/sapphire_gen/sapphire_gen.v:17927)
[EFX-0200 WARNING] Removing redundant signal : io_cpu_writeBack_fence_SO. (/home/steve/video_streaming_10g_demo_v1.4.1_2026.1/fpga/Ti375N1156-DK/ip/sapphire_gen/sapphire_gen.v:17928)
[EFX-0201 WARNING] Re-wiring to GND non-driven net/port 'IBusCachedPlugin_cache_io_cpu_fetch_isRemoved' in module 'VexRiscv_6da3aa8a00f24008ad95d1e51c813f5a'. (/home/steve/video_streaming_10g_demo_v1.4.1_2026.1/fpga/Ti375N1156-DK/ip/sapphire_gen/sapphire_gen.v:10450)
[EFX-0201 WARNING] Re-wiring to GND non-driven net/port 'dataCache_1_io_cpu_writeBack_fence_SW' in module 'VexRiscv_6da3aa8a00f24008ad95d1e51c813f5a'. (/home/steve/video_streaming_10g_demo_v1.4.1_2026.1/fpga/Ti375N1156-DK/ip/sapphire_gen/sapphire_gen.v:10463)
[EFX-0201 WARNING] Re-wiring to GND non-driven net/port 'dataCache_1_io_cpu_writeBack_fence_SR' in module 'VexRiscv_6da3aa8a00f24008ad95d1e51c813f5a'. (/home/steve/video_streaming_10g_demo_v1.4.1_2026.1/fpga/Ti375N1156-DK/ip/sapphire_gen/sapphire_gen.v:10464)
[EFX-0201 WARNING] Re-wiring to GND non-driven net/port 'dataCache_1_io_cpu_writeBack_fence_SO' in module 'VexRiscv_6da3aa8a00f24008ad95d1e51c813f5a'. (/home/steve/video_streaming_10g_demo_v1.4.1_2026.1/fpga/Ti375N1156-DK/ip/sapphire_gen/sapphire_gen.v:10465)
[EFX-0201 WARNING] Re-wiring to GND non-driven net/port 'dataCache_1_io_cpu_writeBack_fence_SI' in module 'VexRiscv_6da3aa8a00f24008ad95d1e51c813f5a'. (/home/steve/video_streaming_10g_demo_v1.4.1_2026.1/fpga/Ti375N1156-DK/ip/sapphire_gen/sapphire_gen.v:10466)
[EFX-0201 WARNING] Re-wiring to GND non-driven net/port 'dataCache_1_io_cpu_writeBack_fence_PW' in module 'VexRiscv_6da3aa8a00f24008ad95d1e51c813f5a'. (/home/steve/video_streaming_10g_demo_v1.4.1_2026.1/fpga/Ti375N1156-DK/ip/sapphire_gen/sapphire_gen.v:10467)
[EFX-0201 WARNING] Re-wiring to GND non-driven net/port 'dataCache_1_io_cpu_writeBack_fence_PR' in module 'VexRiscv_6da3aa8a00f24008ad95d1e51c813f5a'. (/home/steve/video_streaming_10g_demo_v1.4.1_2026.1/fpga/Ti375N1156-DK/ip/sapphire_gen/sapphire_gen.v:10468)
[EFX-0201 WARNING] Re-wiring to GND non-driven net/port 'dataCache_1_io_cpu_writeBack_fence_PO' in module 'VexRiscv_6da3aa8a00f24008ad95d1e51c813f5a'. (/home/steve/video_streaming_10g_demo_v1.4.1_2026.1/fpga/Ti375N1156-DK/ip/sapphire_gen/sapphire_gen.v:10469)
[EFX-0201 WARNING] Re-wiring to GND non-driven net/port 'dataCache_1_io_cpu_writeBack_fence_PI' in module 'VexRiscv_6da3aa8a00f24008ad95d1e51c813f5a'. (/home/steve/video_streaming_10g_demo_v1.4.1_2026.1/fpga/Ti375N1156-DK/ip/sapphire_gen/sapphire_gen.v:10470)
[EFX-0201 WARNING] Re-wiring to GND non-driven net/port 'dataCache_1_io_cpu_writeBack_fence_FM[3]' in module 'VexRiscv_6da3aa8a00f24008ad95d1e51c813f5a'. (/home/steve/video_streaming_10g_demo_v1.4.1_2026.1/fpga/Ti375N1156-DK/ip/sapphire_gen/sapphire_gen.v:10471)
[EFX-0657 WARNING] Mapping into logic memory block 'debounce_reg' (16 bits) (/home/steve/video_streaming_10g_demo_v1.4.1_2026.1/rtl/debounce_switch.v:47) because size is too small (<=64)
[EFX-0657 WARNING] Mapping into logic memory block 'logic_progbufX_mem' (64 bits) (/home/steve/video_streaming_10g_demo_v1.4.1_2026.1/fpga/Ti375N1156-DK/ip/sapphire_gen/sapphire_gen.v:9567) because size is too small (<=64)
[EFX-0657 WARNING] Mapping into logic memory block 'ram' (4 bits) (/home/steve/video_streaming_10g_demo_v1.4.1_2026.1/rtl/lib/common/frame_buffer_512/Axi4_2x512_1x512.v:1671) because size is too small (<=64)
[EFX-0656 WARNING] Optimizing into logic zero initialized read-only memory block 'inst_rd_address_decoder_1/inst_simple_dual_port_ram_00/ram__D$12'. (/home/steve/video_streaming_10g_demo_v1.4.1_2026.1/rtl/lib/common/simple_dual_port_ram.sv:32)
[EFX-0656 WARNING] Optimizing into logic zero initialized read-only memory block 'inst_rd_address_decoder_1/inst_simple_dual_port_ram_00/ram__D$2'. (/home/steve/video_streaming_10g_demo_v1.4.1_2026.1/rtl/lib/common/simple_dual_port_ram.sv:32)
[EFX-0656 WARNING] Optimizing into logic zero initialized read-only memory block 'inst_rd_address_decoder_1/inst_simple_dual_port_ram_00/ram__D$b12'. (/home/steve/video_streaming_10g_demo_v1.4.1_2026.1/rtl/lib/common/simple_dual_port_ram.sv:32)
[EFX-0656 WARNING] Optimizing into logic zero initialized read-only memory block 'inst_rd_address_decoder_1/inst_simple_dual_port_ram_00/ram__D$c12'. (/home/steve/video_streaming_10g_demo_v1.4.1_2026.1/rtl/lib/common/simple_dual_port_ram.sv:32)
[EFX-0656 WARNING] Optimizing into logic zero initialized read-only memory block 'inst_rd_address_decoder_1/inst_simple_dual_port_ram_00/ram__D$d12'. (/home/steve/video_streaming_10g_demo_v1.4.1_2026.1/rtl/lib/common/simple_dual_port_ram.sv:32)
[EFX-0656 WARNING] Optimizing into logic zero initialized read-only memory block 'inst_rd_address_decoder_1/inst_simple_dual_port_ram_00/ram__D$e12'. (/home/steve/video_streaming_10g_demo_v1.4.1_2026.1/rtl/lib/common/simple_dual_port_ram.sv:32)
[EFX-0656 WARNING] Optimizing into logic zero initialized read-only memory block 'inst_rd_address_decoder_1/inst_simple_dual_port_ram_00/ram__D$f12'. (/home/steve/video_streaming_10g_demo_v1.4.1_2026.1/rtl/lib/common/simple_dual_port_ram.sv:32)
[EFX-0656 WARNING] Optimizing into logic zero initialized read-only memory block 'inst_rd_address_decoder_1/inst_simple_dual_port_ram_00/ram__D$g12'. (/home/steve/video_streaming_10g_demo_v1.4.1_2026.1/rtl/lib/common/simple_dual_port_ram.sv:32)
[EFX-0656 WARNING] Optimizing into logic zero initialized read-only memory block 'inst_rd_address_decoder_1/inst_simple_dual_port_ram_00/ram__D$h12'. (/home/steve/video_streaming_10g_demo_v1.4.1_2026.1/rtl/lib/common/simple_dual_port_ram.sv:32)
[EFX-0656 WARNING] Optimizing into logic zero initialized read-only memory block 'inst_rd_address_decoder_1/inst_simple_dual_port_ram_00/ram__D$i12'. (/home/steve/video_streaming_10g_demo_v1.4.1_2026.1/rtl/lib/common/simple_dual_port_ram.sv:32)
[EFX-0656 WARNING] Optimizing into logic zero initialized read-only memory block 'inst_rd_address_decoder_1/inst_simple_dual_port_ram_00/ram__D$j12'. (/home/steve/video_streaming_10g_demo_v1.4.1_2026.1/rtl/lib/common/simple_dual_port_ram.sv:32)
[EFX-0656 WARNING] Optimizing into logic zero initialized read-only memory block 'inst_rd_address_decoder_1/inst_simple_dual_port_ram_00/ram__D$k12'. (/home/steve/video_streaming_10g_demo_v1.4.1_2026.1/rtl/lib/common/simple_dual_port_ram.sv:32)
[EFX-0656 WARNING] Optimizing into logic zero initialized read-only memory block 'inst_rd_address_decoder_1/inst_simple_dual_port_ram_00/ram__D$l12'. (/home/steve/video_streaming_10g_demo_v1.4.1_2026.1/rtl/lib/common/simple_dual_port_ram.sv:32)
[EFX-0656 WARNING] Optimizing into logic zero initialized read-only memory block 'inst_rd_address_decoder_1/inst_simple_dual_port_ram_00/ram__D$m12'. (/home/steve/video_streaming_10g_demo_v1.4.1_2026.1/rtl/lib/common/simple_dual_port_ram.sv:32)
[EFX-0656 WARNING] Optimizing into logic zero initialized read-only memory block 'inst_rd_address_decoder_1/inst_simple_dual_port_ram_00/ram__D$n12'. (/home/steve/video_streaming_10g_demo_v1.4.1_2026.1/rtl/lib/common/simple_dual_port_ram.sv:32)
[EFX-0656 WARNING] Optimizing into logic zero initialized read-only memory block 'inst_rd_address_decoder_1/inst_simple_dual_port_ram_00/ram__D$o12'. (/home/steve/video_streaming_10g_demo_v1.4.1_2026.1/rtl/lib/common/simple_dual_port_ram.sv:32)
[EFX-0656 WARNING] Optimizing into logic zero initialized read-only memory block 'inst_rd_address_decoder_1/inst_simple_dual_port_ram_00/ram__D$p12'. (/home/steve/video_streaming_10g_demo_v1.4.1_2026.1/rtl/lib/common/simple_dual_port_ram.sv:32)
[EFX-0656 WARNING] Optimizing into logic zero initialized read-only memory block 'inst_rd_address_decoder_1/inst_simple_dual_port_ram_00/ram__D$q12'. (/home/steve/video_streaming_10g_demo_v1.4.1_2026.1/rtl/lib/common/simple_dual_port_ram.sv:32)
[EFX-0656 WARNING] Optimizing into logic zero initialized read-only memory block 'inst_rd_address_decoder_1/inst_simple_dual_port_ram_00/ram__D$r12'. (/home/steve/video_streaming_10g_demo_v1.4.1_2026.1/rtl/lib/common/simple_dual_port_ram.sv:32)
[EFX-0656 WARNING] Optimizing into logic zero initialized read-only memory block 'inst_rd_address_decoder_1/inst_simple_dual_port_ram_00/ram__D$s12'. (/home/steve/video_streaming_10g_demo_v1.4.1_2026.1/rtl/lib/common/simple_dual_port_ram.sv:32)
[EFX-0656 WARNING] Optimizing into logic zero initialized read-only memory block 'inst_rd_address_decoder_1/inst_simple_dual_port_ram_00/ram__D$t12'. (/home/steve/video_streaming_10g_demo_v1.4.1_2026.1/rtl/lib/common/simple_dual_port_ram.sv:32)
[EFX-0656 WARNING] Optimizing into logic zero initialized read-only memory block 'inst_rd_address_decoder_1/inst_simple_dual_port_ram_00/ram__D$u12'. (/home/steve/video_streaming_10g_demo_v1.4.1_2026.1/rtl/lib/common/simple_dual_port_ram.sv:32)
[EFX-0656 WARNING] Optimizing into logic zero initialized read-only memory block 'inst_rd_address_decoder_1/inst_simple_dual_port_ram_00/ram__D$v12'. (/home/steve/video_streaming_10g_demo_v1.4.1_2026.1/rtl/lib/common/simple_dual_port_ram.sv:32)
[EFX-0656 WARNING] Optimizing into logic zero initialized read-only memory block 'inst_rd_address_decoder_1/inst_simple_dual_port_ram_00/ram__D$w12'. (/home/steve/video_streaming_10g_demo_v1.4.1_2026.1/rtl/lib/common/simple_dual_port_ram.sv:32)
[EFX-0656 WARNING] Optimizing into logic zero initialized read-only memory block 'inst_rd_address_decoder_1/inst_simple_dual_port_ram_00/ram__D$x12'. (/home/steve/video_streaming_10g_demo_v1.4.1_2026.1/rtl/lib/common/simple_dual_port_ram.sv:32)
[EFX-0656 WARNING] Optimizing into logic zero initialized read-only memory block 'inst_rd_address_decoder_1/inst_simple_dual_port_ram_00/ram__D$y1'. (/home/steve/video_streaming_10g_demo_v1.4.1_2026.1/rtl/lib/common/simple_dual_port_ram.sv:32)
[EFX-0656 WARNING] Optimizing into logic zero initialized read-only memory block 'inst_frame_buffer_512/inst_wr_address_decoder_1/genblk1[15].inst_pclk_to_axi_buffer/ram__D$1'. (/home/steve/video_streaming_10g_demo_v1.4.1_2026.1/rtl/lib/common/simple_dual_port_ram.sv:32)
[EFX-0656 WARNING] Optimizing into logic zero initialized read-only memory block 'inst_frame_buffer_512/inst_wr_address_decoder_1/genblk1[15].inst_pclk_to_axi_buffer/ram__D$2'. (/home/steve/video_streaming_10g_demo_v1.4.1_2026.1/rtl/lib/common/simple_dual_port_ram.sv:32)
[EFX-0656 WARNING] Optimizing into logic zero initialized read-only memory block 'inst_frame_buffer_512/inst_wr_address_decoder_1/genblk1[14].inst_pclk_to_axi_buffer/ram__D$1'. (/home/steve/video_streaming_10g_demo_v1.4.1_2026.1/rtl/lib/common/simple_dual_port_ram.sv:32)
[EFX-0656 WARNING] Optimizing into logic zero initialized read-only memory block 'inst_frame_buffer_512/inst_wr_address_decoder_1/genblk1[14].inst_pclk_to_axi_buffer/ram__D$2'. (/home/steve/video_streaming_10g_demo_v1.4.1_2026.1/rtl/lib/common/simple_dual_port_ram.sv:32)
[EFX-0656 WARNING] Optimizing into logic zero initialized read-only memory block 'inst_frame_buffer_512/inst_wr_address_decoder_1/genblk1[13].inst_pclk_to_axi_buffer/ram__D$1'. (/home/steve/video_streaming_10g_demo_v1.4.1_2026.1/rtl/lib/common/simple_dual_port_ram.sv:32)
[EFX-0656 WARNING] Optimizing into logic zero initialized read-only memory block 'inst_frame_buffer_512/inst_wr_address_decoder_1/genblk1[13].inst_pclk_to_axi_buffer/ram__D$2'. (/home/steve/video_streaming_10g_demo_v1.4.1_2026.1/rtl/lib/common/simple_dual_port_ram.sv:32)
[EFX-0656 WARNING] Optimizing into logic zero initialized read-only memory block 'inst_frame_buffer_512/inst_wr_address_decoder_1/genblk1[12].inst_pclk_to_axi_buffer/ram__D$1'. (/home/steve/video_streaming_10g_demo_v1.4.1_2026.1/rtl/lib/common/simple_dual_port_ram.sv:32)
[EFX-0656 WARNING] Optimizing into logic zero initialized read-only memory block 'inst_frame_buffer_512/inst_wr_address_decoder_1/genblk1[12].inst_pclk_to_axi_buffer/ram__D$2'. (/home/steve/video_streaming_10g_demo_v1.4.1_2026.1/rtl/lib/common/simple_dual_port_ram.sv:32)
[EFX-0656 WARNING] Optimizing into logic zero initialized read-only memory block 'inst_frame_buffer_512/inst_wr_address_decoder_1/genblk1[11].inst_pclk_to_axi_buffer/ram__D$1'. (/home/steve/video_streaming_10g_demo_v1.4.1_2026.1/rtl/lib/common/simple_dual_port_ram.sv:32)
[EFX-0656 WARNING] Optimizing into logic zero initialized read-only memory block 'inst_frame_buffer_512/inst_wr_address_decoder_1/genblk1[11].inst_pclk_to_axi_buffer/ram__D$2'. (/home/steve/video_streaming_10g_demo_v1.4.1_2026.1/rtl/lib/common/simple_dual_port_ram.sv:32)
[EFX-0656 WARNING] Optimizing into logic zero initialized read-only memory block 'inst_frame_buffer_512/inst_wr_address_decoder_1/genblk1[10].inst_pclk_to_axi_buffer/ram__D$1'. (/home/steve/video_streaming_10g_demo_v1.4.1_2026.1/rtl/lib/common/simple_dual_port_ram.sv:32)
[EFX-0656 WARNING] Optimizing into logic zero initialized read-only memory block 'inst_frame_buffer_512/inst_wr_address_decoder_1/genblk1[10].inst_pclk_to_axi_buffer/ram__D$2'. (/home/steve/video_streaming_10g_demo_v1.4.1_2026.1/rtl/lib/common/simple_dual_port_ram.sv:32)
[EFX-0656 WARNING] Optimizing into logic zero initialized read-only memory block 'inst_frame_buffer_512/inst_wr_address_decoder_1/genblk1[9].inst_pclk_to_axi_buffer/ram__D$1'. (/home/steve/video_streaming_10g_demo_v1.4.1_2026.1/rtl/lib/common/simple_dual_port_ram.sv:32)
[EFX-0656 WARNING] Optimizing into logic zero initialized read-only memory block 'inst_frame_buffer_512/inst_wr_address_decoder_1/genblk1[9].inst_pclk_to_axi_buffer/ram__D$2'. (/home/steve/video_streaming_10g_demo_v1.4.1_2026.1/rtl/lib/common/simple_dual_port_ram.sv:32)
[EFX-0656 WARNING] Optimizing into logic zero initialized read-only memory block 'inst_frame_buffer_512/inst_wr_address_decoder_1/genblk1[8].inst_pclk_to_axi_buffer/ram__D$1'. (/home/steve/video_streaming_10g_demo_v1.4.1_2026.1/rtl/lib/common/simple_dual_port_ram.sv:32)
[EFX-0656 WARNING] Optimizing into logic zero initialized read-only memory block 'inst_frame_buffer_512/inst_wr_address_decoder_1/genblk1[8].inst_pclk_to_axi_buffer/ram__D$2'. (/home/steve/video_streaming_10g_demo_v1.4.1_2026.1/rtl/lib/common/simple_dual_port_ram.sv:32)
[EFX-0656 WARNING] Optimizing into logic zero initialized read-only memory block 'inst_frame_buffer_512/inst_wr_address_decoder_1/genblk1[7].inst_pclk_to_axi_buffer/ram__D$1'. (/home/steve/video_streaming_10g_demo_v1.4.1_2026.1/rtl/lib/common/simple_dual_port_ram.sv:32)
[EFX-0656 WARNING] Optimizing into logic zero initialized read-only memory block 'inst_frame_buffer_512/inst_wr_address_decoder_1/genblk1[7].inst_pclk_to_axi_buffer/ram__D$2'. (/home/steve/video_streaming_10g_demo_v1.4.1_2026.1/rtl/lib/common/simple_dual_port_ram.sv:32)
[EFX-0656 WARNING] Optimizing into logic zero initialized read-only memory block 'inst_frame_buffer_512/inst_wr_address_decoder_1/genblk1[6].inst_pclk_to_axi_buffer/ram__D$1'. (/home/steve/video_streaming_10g_demo_v1.4.1_2026.1/rtl/lib/common/simple_dual_port_ram.sv:32)
[EFX-0656 WARNING] Optimizing into logic zero initialized read-only memory block 'inst_frame_buffer_512/inst_wr_address_decoder_1/genblk1[6].inst_pclk_to_axi_buffer/ram__D$2'. (/home/steve/video_streaming_10g_demo_v1.4.1_2026.1/rtl/lib/common/simple_dual_port_ram.sv:32)
[EFX-0656 WARNING] Optimizing into logic zero initialized read-only memory block 'inst_frame_buffer_512/inst_wr_address_decoder_1/genblk1[5].inst_pclk_to_axi_buffer/ram__D$1'. (/home/steve/video_streaming_10g_demo_v1.4.1_2026.1/rtl/lib/common/simple_dual_port_ram.sv:32)
[EFX-0656 WARNING] Optimizing into logic zero initialized read-only memory block 'inst_frame_buffer_512/inst_wr_address_decoder_1/genblk1[5].inst_pclk_to_axi_buffer/ram__D$2'. (/home/steve/video_streaming_10g_demo_v1.4.1_2026.1/rtl/lib/common/simple_dual_port_ram.sv:32)
[EFX-0656 WARNING] Optimizing into logic zero initialized read-only memory block 'inst_frame_buffer_512/inst_wr_address_decoder_1/genblk1[4].inst_pclk_to_axi_buffer/ram__D$1'. (/home/steve/video_streaming_10g_demo_v1.4.1_2026.1/rtl/lib/common/simple_dual_port_ram.sv:32)
[EFX-0656 WARNING] Optimizing into logic zero initialized read-only memory block 'inst_frame_buffer_512/inst_wr_address_decoder_1/genblk1[4].inst_pclk_to_axi_buffer/ram__D$2'. (/home/steve/video_streaming_10g_demo_v1.4.1_2026.1/rtl/lib/common/simple_dual_port_ram.sv:32)
[EFX-0656 WARNING] Optimizing into logic zero initialized read-only memory block 'inst_frame_buffer_512/inst_wr_address_decoder_1/genblk1[3].inst_pclk_to_axi_buffer/ram__D$1'. (/home/steve/video_streaming_10g_demo_v1.4.1_2026.1/rtl/lib/common/simple_dual_port_ram.sv:32)
[EFX-0656 WARNING] Optimizing into logic zero initialized read-only memory block 'inst_frame_buffer_512/inst_wr_address_decoder_1/genblk1[3].inst_pclk_to_axi_buffer/ram__D$2'. (/home/steve/video_streaming_10g_demo_v1.4.1_2026.1/rtl/lib/common/simple_dual_port_ram.sv:32)
[EFX-0656 WARNING] Optimizing into logic zero initialized read-only memory block 'inst_frame_buffer_512/inst_wr_address_decoder_1/genblk1[2].inst_pclk_to_axi_buffer/ram__D$1'. (/home/steve/video_streaming_10g_demo_v1.4.1_2026.1/rtl/lib/common/simple_dual_port_ram.sv:32)
[EFX-0656 WARNING] Optimizing into logic zero initialized read-only memory block 'inst_frame_buffer_512/inst_wr_address_decoder_1/genblk1[2].inst_pclk_to_axi_buffer/ram__D$2'. (/home/steve/video_streaming_10g_demo_v1.4.1_2026.1/rtl/lib/common/simple_dual_port_ram.sv:32)
[EFX-0656 WARNING] Optimizing into logic zero initialized read-only memory block 'inst_frame_buffer_512/inst_wr_address_decoder_1/genblk1[1].inst_pclk_to_axi_buffer/ram__D$1'. (/home/steve/video_streaming_10g_demo_v1.4.1_2026.1/rtl/lib/common/simple_dual_port_ram.sv:32)
[EFX-0656 WARNING] Optimizing into logic zero initialized read-only memory block 'inst_frame_buffer_512/inst_wr_address_decoder_1/genblk1[1].inst_pclk_to_axi_buffer/ram__D$2'. (/home/steve/video_streaming_10g_demo_v1.4.1_2026.1/rtl/lib/common/simple_dual_port_ram.sv:32)
[EFX-0656 WARNING] Optimizing into logic zero initialized read-only memory block 'inst_frame_buffer_512/inst_wr_address_decoder_1/genblk1[0].inst_pclk_to_axi_buffer/ram__D$1'. (/home/steve/video_streaming_10g_demo_v1.4.1_2026.1/rtl/lib/common/simple_dual_port_ram.sv:32)
[EFX-0656 WARNING] Optimizing into logic zero initialized read-only memory block 'inst_frame_buffer_512/inst_wr_address_decoder_1/genblk1[0].inst_pclk_to_axi_buffer/ram__D$2'. (/home/steve/video_streaming_10g_demo_v1.4.1_2026.1/rtl/lib/common/simple_dual_port_ram.sv:32)
[EFX-0657 WARNING] Mapping into logic memory block 'q1_apb_master/rom_mif' (1060 bits) (/home/steve/video_streaming_10g_demo_v1.4.1_2026.1/rtl/apb_master.sv:49) because read port is not synchronous.

///////////////////////////////////
// Efinity Synthesis Started 
// Sep 22, 2026 01:37:20
///////////////////////////////////

[EFX-0011 VERI-WARNING] port 'probe6' remains unconnected for this instance (VERI-1927) (/home/steve/video_streaming_10g_demo_v1.4.1_2026.1/fpga/Ti375N1156-DK/work_dbg/debug_top.v:134)
[EFX-0011 VERI-WARNING] input port 'probe6[0]' remains unconnected for this instance (VDB-1053) (/home/steve/video_streaming_10g_demo_v1.4.1_2026.1/fpga/Ti375N1156-DK/work_dbg/debug_top.v:107)
[EFX-0200 WARNING] Removing redundant signal : compared_in[0]. (/home/steve/video_streaming_10g_demo_v1.4.1_2026.1/fpga/Ti375N1156-DK/work_dbg/debug_top.v:5536)
[EFX-0200 WARNING] Removing redundant signal : mask_in[0]. (/home/steve/video_streaming_10g_demo_v1.4.1_2026.1/fpga/Ti375N1156-DK/work_dbg/debug_top.v:5537)
[EFX-0200 WARNING] Removing redundant signal : trigger_in. (/home/steve/video_streaming_10g_demo_v1.4.1_2026.1/fpga/Ti375N1156-DK/work_dbg/debug_top.v:5747)
[EFX-0200 WARNING] Removing redundant signal : clk. (/home/steve/video_streaming_10g_demo_v1.4.1_2026.1/fpga/Ti375N1156-DK/work_dbg/debug_top.v:4570)
[EFX-0200 WARNING] Removing redundant signal : full. (/home/steve/video_streaming_10g_demo_v1.4.1_2026.1/fpga/Ti375N1156-DK/work_dbg/debug_top.v:4624)
[EFX-0200 WARNING] Removing redundant signal : shift_i. (/home/steve/video_streaming_10g_demo_v1.4.1_2026.1/fpga/Ti375N1156-DK/work_dbg/debug_top.v:4894)
[EFX-0200 WARNING] Removing redundant signal : trig_out. (/home/steve/video_streaming_10g_demo_v1.4.1_2026.1/fpga/Ti375N1156-DK/work_dbg/debug_top.v:4911)
[EFX-0200 WARNING] Removing redundant signal : trig_out_ack. (/home/steve/video_streaming_10g_demo_v1.4.1_2026.1/fpga/Ti375N1156-DK/work_dbg/debug_top.v:4912)
[EFX-0200 WARNING] Removing redundant signal : bscan_DRCK. (/home/steve/video_streaming_10g_demo_v1.4.1_2026.1/fpga/Ti375N1156-DK/work_dbg/debug_top.v:1053)
[EFX-0200 WARNING] Removing redundant signal : bscan_RESET. (/home/steve/video_streaming_10g_demo_v1.4.1_2026.1/fpga/Ti375N1156-DK/work_dbg/debug_top.v:1054)
[EFX-0200 WARNING] Removing redundant signal : bscan_RUNTEST. (/home/steve/video_streaming_10g_demo_v1.4.1_2026.1/fpga/Ti375N1156-DK/work_dbg/debug_top.v:1055)
[EFX-0200 WARNING] Removing redundant signal : bscan_SEL. (/home/steve/video_streaming_10g_demo_v1.4.1_2026.1/fpga/Ti375N1156-DK/work_dbg/debug_top.v:1056)
[EFX-0200 WARNING] Removing redundant signal : bscan_TMS. (/home/steve/video_streaming_10g_demo_v1.4.1_2026.1/fpga/Ti375N1156-DK/work_dbg/debug_top.v:1060)
[EFX-0200 WARNING] Removing redundant signal : trig_in_ack. (/home/steve/video_streaming_10g_demo_v1.4.1_2026.1/fpga/Ti375N1156-DK/work_dbg/debug_top.v:1072)
[EFX-0200 WARNING] Removing redundant signal : mux_capture_cmp[5:0]. (/home/steve/video_streaming_10g_demo_v1.4.1_2026.1/fpga/Ti375N1156-DK/work_dbg/debug_top.v:3491)
[EFX-0200 WARNING] Removing redundant signal : bscan_CAPTURE. (/home/steve/video_streaming_10g_demo_v1.4.1_2026.1/fpga/Ti375N1156-DK/work_dbg/debug_top.v:292)
[EFX-0200 WARNING] Removing redundant signal : bscan_DRCK. (/home/steve/video_streaming_10g_demo_v1.4.1_2026.1/fpga/Ti375N1156-DK/work_dbg/debug_top.v:293)
[EFX-0200 WARNING] Removing redundant signal : bscan_RUNTEST. (/home/steve/video_streaming_10g_demo_v1.4.1_2026.1/fpga/Ti375N1156-DK/work_dbg/debug_top.v:295)
[EFX-0200 WARNING] Removing redundant signal : bscan_TMS. (/home/steve/video_streaming_10g_demo_v1.4.1_2026.1/fpga/Ti375N1156-DK/work_dbg/debug_top.v:300)
[EFX-0201 WARNING] Re-wiring to GND non-driven net/port 'probe6[0]' in module 'edb_la_top_c0681c94b4274c0e95846e749b14007e(NUM_PROBES=6,DATA_DEPTH=65536,INPUT_PIPE_STAGES=1,UUID=128'b10110010011100000010101011001110111101001010101001001001010111011001100001001110111001110111001101111111011110111000101101000101,PROBE0_TYPE=1,PROBE1_TYPE=1,PROBE2_TYPE=1,PROBE3_TYPE=1,PROBE4_TYPE=1,PROBE5_TYPE=1)'. (/home/steve/video_streaming_10g_demo_v1.4.1_2026.1/fpga/Ti375N1156-DK/work_dbg/debug_top.v:107)
[EFX-0201 WARNING] Re-wiring to GND non-driven net/port 'probe7[0]' in module 'edb_la_top_c0681c94b4274c0e95846e749b14007e(NUM_PROBES=6,DATA_DEPTH=65536,INPUT_PIPE_STAGES=1,UUID=128'b10110010011100000010101011001110111101001010101001001001010111011001100001001110111001110111001101111111011110111000101101000101,PROBE0_TYPE=1,PROBE1_TYPE=1,PROBE2_TYPE=1,PROBE3_TYPE=1,PROBE4_TYPE=1,PROBE5_TYPE=1)'. (/home/steve/video_streaming_10g_demo_v1.4.1_2026.1/fpga/Ti375N1156-DK/work_dbg/debug_top.v:107)
[EFX-0201 WARNING] Re-wiring to GND non-driven net/port 'probe8[0]' in module 'edb_la_top_c0681c94b4274c0e95846e749b14007e(NUM_PROBES=6,DATA_DEPTH=65536,INPUT_PIPE_STAGES=1,UUID=128'b10110010011100000010101011001110111101001010101001001001010111011001100001001110111001110111001101111111011110111000101101000101,PROBE0_TYPE=1,PROBE1_TYPE=1,PROBE2_TYPE=1,PROBE3_TYPE=1,PROBE4_TYPE=1,PROBE5_TYPE=1)'. (/home/steve/video_streaming_10g_demo_v1.4.1_2026.1/fpga/Ti375N1156-DK/work_dbg/debug_top.v:107)
[EFX-0201 WARNING] Re-wiring to GND non-driven net/port 'probe9[0]' in module 'edb_la_top_c0681c94b4274c0e95846e749b14007e(NUM_PROBES=6,DATA_DEPTH=65536,INPUT_PIPE_STAGES=1,UUID=128'b10110010011100000010101011001110111101001010101001001001010111011001100001001110111001110111001101111111011110111000101101000101,PROBE0_TYPE=1,PROBE1_TYPE=1,PROBE2_TYPE=1,PROBE3_TYPE=1,PROBE4_TYPE=1,PROBE5_TYPE=1)'. (/home/steve/video_streaming_10g_demo_v1.4.1_2026.1/fpga/Ti375N1156-DK/work_dbg/debug_top.v:107)
[EFX-0201 WARNING] Re-wiring to GND non-driven net/port 'probe10[0]' in module 'edb_la_top_c0681c94b4274c0e95846e749b14007e(NUM_PROBES=6,DATA_DEPTH=65536,INPUT_PIPE_STAGES=1,UUID=128'b10110010011100000010101011001110111101001010101001001001010111011001100001001110111001110111001101111111011110111000101101000101,PROBE0_TYPE=1,PROBE1_TYPE=1,PROBE2_TYPE=1,PROBE3_TYPE=1,PROBE4_TYPE=1,PROBE5_TYPE=1)'. (/home/steve/video_streaming_10g_demo_v1.4.1_2026.1/fpga/Ti375N1156-DK/work_dbg/debug_top.v:107)
[EFX-0201 WARNING] Re-wiring to GND non-driven net/port 'probe11[0]' in module 'edb_la_top_c0681c94b4274c0e95846e749b14007e(NUM_PROBES=6,DATA_DEPTH=65536,INPUT_PIPE_STAGES=1,UUID=128'b10110010011100000010101011001110111101001010101001001001010111011001100001001110111001110111001101111111011110111000101101000101,PROBE0_TYPE=1,PROBE1_TYPE=1,PROBE2_TYPE=1,PROBE3_TYPE=1,PROBE4_TYPE=1,PROBE5_TYPE=1)'. (/home/steve/video_streaming_10g_demo_v1.4.1_2026.1/fpga/Ti375N1156-DK/work_dbg/debug_top.v:107)
[EFX-0201 WARNING] Re-wiring to GND non-driven net/port 'probe12[0]' in module 'edb_la_top_c0681c94b4274c0e95846e749b14007e(NUM_PROBES=6,DATA_DEPTH=65536,INPUT_PIPE_STAGES=1,UUID=128'b10110010011100000010101011001110111101001010101001001001010111011001100001001110111001110111001101111111011110111000101101000101,PROBE0_TYPE=1,PROBE1_TYPE=1,PROBE2_TYPE=1,PROBE3_TYPE=1,PROBE4_TYPE=1,PROBE5_TYPE=1)'. (/home/steve/video_streaming_10g_demo_v1.4.1_2026.1/fpga/Ti375N1156-DK/work_dbg/debug_top.v:107)
[EFX-0201 WARNING] Re-wiring to GND non-driven net/port 'probe13[0]' in module 'edb_la_top_c0681c94b4274c0e95846e749b14007e(NUM_PROBES=6,DATA_DEPTH=65536,INPUT_PIPE_STAGES=1,UUID=128'b10110010011100000010101011001110111101001010101001001001010111011001100001001110111001110111001101111111011110111000101101000101,PROBE0_TYPE=1,PROBE1_TYPE=1,PROBE2_TYPE=1,PROBE3_TYPE=1,PROBE4_TYPE=1,PROBE5_TYPE=1)'. (/home/steve/video_streaming_10g_demo_v1.4.1_2026.1/fpga/Ti375N1156-DK/work_dbg/debug_top.v:107)
[EFX-0201 WARNING] Re-wiring to GND non-driven net/port 'probe14[0]' in module 'edb_la_top_c0681c94b4274c0e95846e749b14007e(NUM_PROBES=6,DATA_DEPTH=65536,INPUT_PIPE_STAGES=1,UUID=128'b10110010011100000010101011001110111101001010101001001001010111011001100001001110111001110111001101111111011110111000101101000101,PROBE0_TYPE=1,PROBE1_TYPE=1,PROBE2_TYPE=1,PROBE3_TYPE=1,PROBE4_TYPE=1,PROBE5_TYPE=1)'. (/home/steve/video_streaming_10g_demo_v1.4.1_2026.1/fpga/Ti375N1156-DK/work_dbg/debug_top.v:107)
[EFX-0201 WARNING] Re-wiring to GND non-driven net/port 'probe15[0]' in module 'edb_la_top_c0681c94b4274c0e95846e749b14007e(NUM_PROBES=6,DATA_DEPTH=65536,INPUT_PIPE_STAGES=1,UUID=128'b10110010011100000010101011001110111101001010101001001001010111011001100001001110111001110111001101111111011110111000101101000101,PROBE0_TYPE=1,PROBE1_TYPE=1,PROBE2_TYPE=1,PROBE3_TYPE=1,PROBE4_TYPE=1,PROBE5_TYPE=1)'. (/home/steve/video_streaming_10g_demo_v1.4.1_2026.1/fpga/Ti375N1156-DK/work_dbg/debug_top.v:107)
[EFX-0011 VERI-WARNING] Input/inout port bscan_DRCK is unconnected. Place and route may remove this unconnected port. (VDB-8003) (/home/steve/video_streaming_10g_demo_v1.4.1_2026.1/fpga/Ti375N1156-DK/work_dbg/debug_top.v:17)
[EFX-0011 VERI-WARNING] Input/inout port bscan_RUNTEST is unconnected. Place and route may remove this unconnected port. (VDB-8003) (/home/steve/video_streaming_10g_demo_v1.4.1_2026.1/fpga/Ti375N1156-DK/work_dbg/debug_top.v:19)
[EFX-0011 VERI-WARNING] Input/inout port bscan_TMS is unconnected. Place and route may remove this unconnected port. (VDB-8003) (/home/steve/video_streaming_10g_demo_v1.4.1_2026.1/fpga/Ti375N1156-DK/work_dbg/debug_top.v:24)
[EFX-0011 VERI-WARNING] Found 3 warnings in the post-synthesis netlist. 

///////////////////////////////////
// Efinity Synthesis Started 
// Sep 22, 2026 01:37:33
///////////////////////////////////

[EFX-0256 WARNING] The primary output port 'sfp0_PMA_TX_ELEC_IDLE' wire 'sfp0_PMA_TX_ELEC_IDLE' is not driven.
[EFX-0256 WARNING] The primary output port 'sfp0_ETH_EEE_ALERT_EN' wire 'sfp0_ETH_EEE_ALERT_EN' is not driven.
[EFX-0200 WARNING] Removing redundant signal : k[31:0]. (/home/steve/video_streaming_10g_demo_v1.4.1_2026.1/rtl/debounce_switch.v:56)
[EFX-0200 WARNING] Removing redundant signal : rom_read. (/home/steve/video_streaming_10g_demo_v1.4.1_2026.1/rtl/apb_master.sv:48)
[EFX-0200 WARNING] Removing redundant signal : j[31:0]. (/home/steve/video_streaming_10g_demo_v1.4.1_2026.1/rtl/apb_master.sv:212)
[EFX-0200 WARNING] Removing redundant signal : q[31:0]. (/home/steve/video_streaming_10g_demo_v1.4.1_2026.1/rtl/apb_master.sv:212)
[EFX-0200 WARNING] Removing redundant signal : PADDR[19:10]. (/home/steve/video_streaming_10g_demo_v1.4.1_2026.1/rtl/apb3_slave.sv:45)
[EFX-0200 WARNING] Removing redundant signal : PADDR[1:0]. (/home/steve/video_streaming_10g_demo_v1.4.1_2026.1/rtl/apb3_slave.sv:45)
[EFX-0200 WARNING] Removing redundant signal : byteIndex[31:0]. (/home/steve/video_streaming_10g_demo_v1.4.1_2026.1/rtl/apb3_slave.sv:69)
[EFX-0200 WARNING] Removing redundant signal : io_cpu_prefetch_isValid. (/home/steve/video_streaming_10g_demo_v1.4.1_2026.1/fpga/Ti375N1156-DK/ip/sapphire_gen/sapphire_gen.v:18748)
[EFX-0200 WARNING] Removing redundant signal : io_cpu_fetch_isRemoved. (/home/steve/video_streaming_10g_demo_v1.4.1_2026.1/fpga/Ti375N1156-DK/ip/sapphire_gen/sapphire_gen.v:18753)
[EFX-0200 WARNING] Removing redundant signal : io_cpu_decode_isValid. (/home/steve/video_streaming_10g_demo_v1.4.1_2026.1/fpga/Ti375N1156-DK/ip/sapphire_gen/sapphire_gen.v:18766)
[EFX-0200 WARNING] Removing redundant signal : io_cpu_decode_isUser. (/home/steve/video_streaming_10g_demo_v1.4.1_2026.1/fpga/Ti375N1156-DK/ip/sapphire_gen/sapphire_gen.v:18775)
[EFX-0200 WARNING] Removing redundant signal : io_cpu_prefetch_pc[31:12]. (/home/steve/video_streaming_10g_demo_v1.4.1_2026.1/fpga/Ti375N1156-DK/ip/sapphire_gen/sapphire_gen.v:18750)
[EFX-0200 WARNING] Removing redundant signal : io_cpu_prefetch_pc[1:0]. (/home/steve/video_streaming_10g_demo_v1.4.1_2026.1/fpga/Ti375N1156-DK/ip/sapphire_gen/sapphire_gen.v:18750)
[EFX-0200 WARNING] Removing redundant signal : io_cpu_fetch_pc[31:0]. (/home/steve/video_streaming_10g_demo_v1.4.1_2026.1/fpga/Ti375N1156-DK/ip/sapphire_gen/sapphire_gen.v:18754)
[EFX-0200 WARNING] Removing redundant signal : io_cpu_decode_pc[31:0]. (/home/steve/video_streaming_10g_demo_v1.4.1_2026.1/fpga/Ti375N1156-DK/ip/sapphire_gen/sapphire_gen.v:18768)
[EFX-0200 WARNING] Removing redundant signal : io_cpu_writeBack_isFiring. (/home/steve/video_streaming_10g_demo_v1.4.1_2026.1/fpga/Ti375N1156-DK/ip/sapphire_gen/sapphire_gen.v:17915)
[EFX-0200 WARNING] Removing redundant signal : io_cpu_writeBack_isUser. (/home/steve/video_streaming_10g_demo_v1.4.1_2026.1/fpga/Ti375N1156-DK/ip/sapphire_gen/sapphire_gen.v:17916)
[EFX-0200 WARNING] Removing redundant signal : io_cpu_writeBack_fence_SW. (/home/steve/video_streaming_10g_demo_v1.4.1_2026.1/fpga/Ti375N1156-DK/ip/sapphire_gen/sapphire_gen.v:17926)
[EFX-0200 WARNING] Removing redundant signal : io_cpu_writeBack_fence_SR. (/home/steve/video_streaming_10g_demo_v1.4.1_2026.1/fpga/Ti375N1156-DK/ip/sapphire_gen/sapphire_gen.v:17927)
[EFX-0200 WARNING] Removing redundant signal : io_cpu_writeBack_fence_SO. (/home/steve/video_streaming_10g_demo_v1.4.1_2026.1/fpga/Ti375N1156-DK/ip/sapphire_gen/sapphire_gen.v:17928)
[EFX-0201 WARNING] Re-wiring to GND non-driven net/port 'IBusCachedPlugin_cache_io_cpu_fetch_isRemoved' in module 'VexRiscv_6da3aa8a00f24008ad95d1e51c813f5a'. (/home/steve/video_streaming_10g_demo_v1.4.1_2026.1/fpga/Ti375N1156-DK/ip/sapphire_gen/sapphire_gen.v:10450)
[EFX-0201 WARNING] Re-wiring to GND non-driven net/port 'dataCache_1_io_cpu_writeBack_fence_SW' in module 'VexRiscv_6da3aa8a00f24008ad95d1e51c813f5a'. (/home/steve/video_streaming_10g_demo_v1.4.1_2026.1/fpga/Ti375N1156-DK/ip/sapphire_gen/sapphire_gen.v:10463)
[EFX-0201 WARNING] Re-wiring to GND non-driven net/port 'dataCache_1_io_cpu_writeBack_fence_SR' in module 'VexRiscv_6da3aa8a00f24008ad95d1e51c813f5a'. (/home/steve/video_streaming_10g_demo_v1.4.1_2026.1/fpga/Ti375N1156-DK/ip/sapphire_gen/sapphire_gen.v:10464)
[EFX-0201 WARNING] Re-wiring to GND non-driven net/port 'dataCache_1_io_cpu_writeBack_fence_SO' in module 'VexRiscv_6da3aa8a00f24008ad95d1e51c813f5a'. (/home/steve/video_streaming_10g_demo_v1.4.1_2026.1/fpga/Ti375N1156-DK/ip/sapphire_gen/sapphire_gen.v:10465)
[EFX-0201 WARNING] Re-wiring to GND non-driven net/port 'dataCache_1_io_cpu_writeBack_fence_SI' in module 'VexRiscv_6da3aa8a00f24008ad95d1e51c813f5a'. (/home/steve/video_streaming_10g_demo_v1.4.1_2026.1/fpga/Ti375N1156-DK/ip/sapphire_gen/sapphire_gen.v:10466)
[EFX-0201 WARNING] Re-wiring to GND non-driven net/port 'dataCache_1_io_cpu_writeBack_fence_PW' in module 'VexRiscv_6da3aa8a00f24008ad95d1e51c813f5a'. (/home/steve/video_streaming_10g_demo_v1.4.1_2026.1/fpga/Ti375N1156-DK/ip/sapphire_gen/sapphire_gen.v:10467)
[EFX-0201 WARNING] Re-wiring to GND non-driven net/port 'dataCache_1_io_cpu_writeBack_fence_PR' in module 'VexRiscv_6da3aa8a00f24008ad95d1e51c813f5a'. (/home/steve/video_streaming_10g_demo_v1.4.1_2026.1/fpga/Ti375N1156-DK/ip/sapphire_gen/sapphire_gen.v:10468)
[EFX-0201 WARNING] Re-wiring to GND non-driven net/port 'dataCache_1_io_cpu_writeBack_fence_PO' in module 'VexRiscv_6da3aa8a00f24008ad95d1e51c813f5a'. (/home/steve/video_streaming_10g_demo_v1.4.1_2026.1/fpga/Ti375N1156-DK/ip/sapphire_gen/sapphire_gen.v:10469)
[EFX-0201 WARNING] Re-wiring to GND non-driven net/port 'dataCache_1_io_cpu_writeBack_fence_PI' in module 'VexRiscv_6da3aa8a00f24008ad95d1e51c813f5a'. (/home/steve/video_streaming_10g_demo_v1.4.1_2026.1/fpga/Ti375N1156-DK/ip/sapphire_gen/sapphire_gen.v:10470)
[EFX-0201 WARNING] Re-wiring to GND non-driven net/port 'dataCache_1_io_cpu_writeBack_fence_FM[3]' in module 'VexRiscv_6da3aa8a00f24008ad95d1e51c813f5a'. (/home/steve/video_streaming_10g_demo_v1.4.1_2026.1/fpga/Ti375N1156-DK/ip/sapphire_gen/sapphire_gen.v:10471)
[EFX-0657 WARNING] Mapping into logic memory block 'debounce_reg' (16 bits) (/home/steve/video_streaming_10g_demo_v1.4.1_2026.1/rtl/debounce_switch.v:47) because size is too small (<=64)
[EFX-0657 WARNING] Mapping into logic memory block 'logic_progbufX_mem' (64 bits) (/home/steve/video_streaming_10g_demo_v1.4.1_2026.1/fpga/Ti375N1156-DK/ip/sapphire_gen/sapphire_gen.v:9567) because size is too small (<=64)

///////////////////////////////////
// Efinity Synthesis Started 
// Sep 22, 2026 01:43:18
///////////////////////////////////

[EFX-0011 VERI-WARNING] port 'probe7' remains unconnected for this instance (VERI-1927) (/home/steve/video_streaming_10g_demo_v1.4.1_2026.1/fpga/Ti375N1156-DK/work_dbg/debug_top.v:138)
[EFX-0011 VERI-WARNING] input port 'probe7[0]' remains unconnected for this instance (VDB-1053) (/home/steve/video_streaming_10g_demo_v1.4.1_2026.1/fpga/Ti375N1156-DK/work_dbg/debug_top.v:110)
[EFX-0200 WARNING] Removing redundant signal : compared_in[0]. (/home/steve/video_streaming_10g_demo_v1.4.1_2026.1/fpga/Ti375N1156-DK/work_dbg/debug_top.v:5540)
[EFX-0200 WARNING] Removing redundant signal : mask_in[0]. (/home/steve/video_streaming_10g_demo_v1.4.1_2026.1/fpga/Ti375N1156-DK/work_dbg/debug_top.v:5541)
[EFX-0200 WARNING] Removing redundant signal : trigger_in. (/home/steve/video_streaming_10g_demo_v1.4.1_2026.1/fpga/Ti375N1156-DK/work_dbg/debug_top.v:5751)
[EFX-0200 WARNING] Removing redundant signal : clk. (/home/steve/video_streaming_10g_demo_v1.4.1_2026.1/fpga/Ti375N1156-DK/work_dbg/debug_top.v:4574)
[EFX-0200 WARNING] Removing redundant signal : full. (/home/steve/video_streaming_10g_demo_v1.4.1_2026.1/fpga/Ti375N1156-DK/work_dbg/debug_top.v:4628)
[EFX-0200 WARNING] Removing redundant signal : shift_i. (/home/steve/video_streaming_10g_demo_v1.4.1_2026.1/fpga/Ti375N1156-DK/work_dbg/debug_top.v:4898)
[EFX-0200 WARNING] Removing redundant signal : trig_out. (/home/steve/video_streaming_10g_demo_v1.4.1_2026.1/fpga/Ti375N1156-DK/work_dbg/debug_top.v:4915)
[EFX-0200 WARNING] Removing redundant signal : trig_out_ack. (/home/steve/video_streaming_10g_demo_v1.4.1_2026.1/fpga/Ti375N1156-DK/work_dbg/debug_top.v:4916)
[EFX-0200 WARNING] Removing redundant signal : bscan_DRCK. (/home/steve/video_streaming_10g_demo_v1.4.1_2026.1/fpga/Ti375N1156-DK/work_dbg/debug_top.v:1057)
[EFX-0200 WARNING] Removing redundant signal : bscan_RESET. (/home/steve/video_streaming_10g_demo_v1.4.1_2026.1/fpga/Ti375N1156-DK/work_dbg/debug_top.v:1058)
[EFX-0200 WARNING] Removing redundant signal : bscan_RUNTEST. (/home/steve/video_streaming_10g_demo_v1.4.1_2026.1/fpga/Ti375N1156-DK/work_dbg/debug_top.v:1059)
[EFX-0200 WARNING] Removing redundant signal : bscan_SEL. (/home/steve/video_streaming_10g_demo_v1.4.1_2026.1/fpga/Ti375N1156-DK/work_dbg/debug_top.v:1060)
[EFX-0200 WARNING] Removing redundant signal : bscan_TMS. (/home/steve/video_streaming_10g_demo_v1.4.1_2026.1/fpga/Ti375N1156-DK/work_dbg/debug_top.v:1064)
[EFX-0200 WARNING] Removing redundant signal : trig_in_ack. (/home/steve/video_streaming_10g_demo_v1.4.1_2026.1/fpga/Ti375N1156-DK/work_dbg/debug_top.v:1076)
[EFX-0200 WARNING] Removing redundant signal : mux_capture_cmp[6:0]. (/home/steve/video_streaming_10g_demo_v1.4.1_2026.1/fpga/Ti375N1156-DK/work_dbg/debug_top.v:3495)
[EFX-0200 WARNING] Removing redundant signal : bscan_CAPTURE. (/home/steve/video_streaming_10g_demo_v1.4.1_2026.1/fpga/Ti375N1156-DK/work_dbg/debug_top.v:296)
[EFX-0200 WARNING] Removing redundant signal : bscan_DRCK. (/home/steve/video_streaming_10g_demo_v1.4.1_2026.1/fpga/Ti375N1156-DK/work_dbg/debug_top.v:297)
[EFX-0200 WARNING] Removing redundant signal : bscan_RUNTEST. (/home/steve/video_streaming_10g_demo_v1.4.1_2026.1/fpga/Ti375N1156-DK/work_dbg/debug_top.v:299)
[EFX-0200 WARNING] Removing redundant signal : bscan_TMS. (/home/steve/video_streaming_10g_demo_v1.4.1_2026.1/fpga/Ti375N1156-DK/work_dbg/debug_top.v:304)
[EFX-0201 WARNING] Re-wiring to GND non-driven net/port 'probe7[0]' in module 'edb_la_top_7f1f49e4795244fab99fb246b5f3df2b(NUM_PROBES=7,DATA_DEPTH=65536,INPUT_PIPE_STAGES=1,UUID=128'b0110110000101110110101000100100011101001100111101000110001011111000101011100011101001101010110101001010011010111101001010111110,PROBE0_TYPE=1,PROBE1_TYPE=1,PROBE2_TYPE=1,PROBE3_TYPE=1,PROBE4_TYPE=1,PROBE5_TYPE=1,PROBE6_TYPE=1)'. (/home/steve/video_streaming_10g_demo_v1.4.1_2026.1/fpga/Ti375N1156-DK/work_dbg/debug_top.v:110)
[EFX-0201 WARNING] Re-wiring to GND non-driven net/port 'probe8[0]' in module 'edb_la_top_7f1f49e4795244fab99fb246b5f3df2b(NUM_PROBES=7,DATA_DEPTH=65536,INPUT_PIPE_STAGES=1,UUID=128'b0110110000101110110101000100100011101001100111101000110001011111000101011100011101001101010110101001010011010111101001010111110,PROBE0_TYPE=1,PROBE1_TYPE=1,PROBE2_TYPE=1,PROBE3_TYPE=1,PROBE4_TYPE=1,PROBE5_TYPE=1,PROBE6_TYPE=1)'. (/home/steve/video_streaming_10g_demo_v1.4.1_2026.1/fpga/Ti375N1156-DK/work_dbg/debug_top.v:110)
[EFX-0201 WARNING] Re-wiring to GND non-driven net/port 'probe9[0]' in module 'edb_la_top_7f1f49e4795244fab99fb246b5f3df2b(NUM_PROBES=7,DATA_DEPTH=65536,INPUT_PIPE_STAGES=1,UUID=128'b0110110000101110110101000100100011101001100111101000110001011111000101011100011101001101010110101001010011010111101001010111110,PROBE0_TYPE=1,PROBE1_TYPE=1,PROBE2_TYPE=1,PROBE3_TYPE=1,PROBE4_TYPE=1,PROBE5_TYPE=1,PROBE6_TYPE=1)'. (/home/steve/video_streaming_10g_demo_v1.4.1_2026.1/fpga/Ti375N1156-DK/work_dbg/debug_top.v:110)
[EFX-0201 WARNING] Re-wiring to GND non-driven net/port 'probe10[0]' in module 'edb_la_top_7f1f49e4795244fab99fb246b5f3df2b(NUM_PROBES=7,DATA_DEPTH=65536,INPUT_PIPE_STAGES=1,UUID=128'b0110110000101110110101000100100011101001100111101000110001011111000101011100011101001101010110101001010011010111101001010111110,PROBE0_TYPE=1,PROBE1_TYPE=1,PROBE2_TYPE=1,PROBE3_TYPE=1,PROBE4_TYPE=1,PROBE5_TYPE=1,PROBE6_TYPE=1)'. (/home/steve/video_streaming_10g_demo_v1.4.1_2026.1/fpga/Ti375N1156-DK/work_dbg/debug_top.v:110)
[EFX-0201 WARNING] Re-wiring to GND non-driven net/port 'probe11[0]' in module 'edb_la_top_7f1f49e4795244fab99fb246b5f3df2b(NUM_PROBES=7,DATA_DEPTH=65536,INPUT_PIPE_STAGES=1,UUID=128'b0110110000101110110101000100100011101001100111101000110001011111000101011100011101001101010110101001010011010111101001010111110,PROBE0_TYPE=1,PROBE1_TYPE=1,PROBE2_TYPE=1,PROBE3_TYPE=1,PROBE4_TYPE=1,PROBE5_TYPE=1,PROBE6_TYPE=1)'. (/home/steve/video_streaming_10g_demo_v1.4.1_2026.1/fpga/Ti375N1156-DK/work_dbg/debug_top.v:110)
[EFX-0201 WARNING] Re-wiring to GND non-driven net/port 'probe12[0]' in module 'edb_la_top_7f1f49e4795244fab99fb246b5f3df2b(NUM_PROBES=7,DATA_DEPTH=65536,INPUT_PIPE_STAGES=1,UUID=128'b0110110000101110110101000100100011101001100111101000110001011111000101011100011101001101010110101001010011010111101001010111110,PROBE0_TYPE=1,PROBE1_TYPE=1,PROBE2_TYPE=1,PROBE3_TYPE=1,PROBE4_TYPE=1,PROBE5_TYPE=1,PROBE6_TYPE=1)'. (/home/steve/video_streaming_10g_demo_v1.4.1_2026.1/fpga/Ti375N1156-DK/work_dbg/debug_top.v:110)
[EFX-0201 WARNING] Re-wiring to GND non-driven net/port 'probe13[0]' in module 'edb_la_top_7f1f49e4795244fab99fb246b5f3df2b(NUM_PROBES=7,DATA_DEPTH=65536,INPUT_PIPE_STAGES=1,UUID=128'b0110110000101110110101000100100011101001100111101000110001011111000101011100011101001101010110101001010011010111101001010111110,PROBE0_TYPE=1,PROBE1_TYPE=1,PROBE2_TYPE=1,PROBE3_TYPE=1,PROBE4_TYPE=1,PROBE5_TYPE=1,PROBE6_TYPE=1)'. (/home/steve/video_streaming_10g_demo_v1.4.1_2026.1/fpga/Ti375N1156-DK/work_dbg/debug_top.v:110)
[EFX-0201 WARNING] Re-wiring to GND non-driven net/port 'probe14[0]' in module 'edb_la_top_7f1f49e4795244fab99fb246b5f3df2b(NUM_PROBES=7,DATA_DEPTH=65536,INPUT_PIPE_STAGES=1,UUID=128'b0110110000101110110101000100100011101001100111101000110001011111000101011100011101001101010110101001010011010111101001010111110,PROBE0_TYPE=1,PROBE1_TYPE=1,PROBE2_TYPE=1,PROBE3_TYPE=1,PROBE4_TYPE=1,PROBE5_TYPE=1,PROBE6_TYPE=1)'. (/home/steve/video_streaming_10g_demo_v1.4.1_2026.1/fpga/Ti375N1156-DK/work_dbg/debug_top.v:110)
[EFX-0201 WARNING] Re-wiring to GND non-driven net/port 'probe15[0]' in module 'edb_la_top_7f1f49e4795244fab99fb246b5f3df2b(NUM_PROBES=7,DATA_DEPTH=65536,INPUT_PIPE_STAGES=1,UUID=128'b0110110000101110110101000100100011101001100111101000110001011111000101011100011101001101010110101001010011010111101001010111110,PROBE0_TYPE=1,PROBE1_TYPE=1,PROBE2_TYPE=1,PROBE3_TYPE=1,PROBE4_TYPE=1,PROBE5_TYPE=1,PROBE6_TYPE=1)'. (/home/steve/video_streaming_10g_demo_v1.4.1_2026.1/fpga/Ti375N1156-DK/work_dbg/debug_top.v:110)
[EFX-0201 WARNING] Re-wiring to GND non-driven net/port 'probe16[0]' in module 'edb_la_top_7f1f49e4795244fab99fb246b5f3df2b(NUM_PROBES=7,DATA_DEPTH=65536,INPUT_PIPE_STAGES=1,UUID=128'b0110110000101110110101000100100011101001100111101000110001011111000101011100011101001101010110101001010011010111101001010111110,PROBE0_TYPE=1,PROBE1_TYPE=1,PROBE2_TYPE=1,PROBE3_TYPE=1,PROBE4_TYPE=1,PROBE5_TYPE=1,PROBE6_TYPE=1)'. (/home/steve/video_streaming_10g_demo_v1.4.1_2026.1/fpga/Ti375N1156-DK/work_dbg/debug_top.v:110)
[EFX-0011 VERI-WARNING] Input/inout port bscan_DRCK is unconnected. Place and route may remove this unconnected port. (VDB-8003) (/home/steve/video_streaming_10g_demo_v1.4.1_2026.1/fpga/Ti375N1156-DK/work_dbg/debug_top.v:17)
[EFX-0011 VERI-WARNING] Input/inout port bscan_RUNTEST is unconnected. Place and route may remove this unconnected port. (VDB-8003) (/home/steve/video_streaming_10g_demo_v1.4.1_2026.1/fpga/Ti375N1156-DK/work_dbg/debug_top.v:19)
[EFX-0011 VERI-WARNING] Input/inout port bscan_TMS is unconnected. Place and route may remove this unconnected port. (VDB-8003) (/home/steve/video_streaming_10g_demo_v1.4.1_2026.1/fpga/Ti375N1156-DK/work_dbg/debug_top.v:24)
[EFX-0011 VERI-WARNING] Found 3 warnings in the post-synthesis netlist. 

///////////////////////////////////
// Efinity Synthesis Started 
// Sep 22, 2026 01:43:31
///////////////////////////////////

[EFX-0256 WARNING] The primary output port 'sfp0_PMA_TX_ELEC_IDLE' wire 'sfp0_PMA_TX_ELEC_IDLE' is not driven.
[EFX-0256 WARNING] The primary output port 'sfp0_ETH_EEE_ALERT_EN' wire 'sfp0_ETH_EEE_ALERT_EN' is not driven.
[EFX-0200 WARNING] Removing redundant signal : k[31:0]. (/home/steve/video_streaming_10g_demo_v1.4.1_2026.1/rtl/debounce_switch.v:56)
[EFX-0200 WARNING] Removing redundant signal : rom_read. (/home/steve/video_streaming_10g_demo_v1.4.1_2026.1/rtl/apb_master.sv:48)
[EFX-0200 WARNING] Removing redundant signal : j[31:0]. (/home/steve/video_streaming_10g_demo_v1.4.1_2026.1/rtl/apb_master.sv:212)
[EFX-0200 WARNING] Removing redundant signal : q[31:0]. (/home/steve/video_streaming_10g_demo_v1.4.1_2026.1/rtl/apb_master.sv:212)
[EFX-0200 WARNING] Removing redundant signal : PADDR[19:10]. (/home/steve/video_streaming_10g_demo_v1.4.1_2026.1/rtl/apb3_slave.sv:45)
[EFX-0200 WARNING] Removing redundant signal : PADDR[1:0]. (/home/steve/video_streaming_10g_demo_v1.4.1_2026.1/rtl/apb3_slave.sv:45)
[EFX-0200 WARNING] Removing redundant signal : byteIndex[31:0]. (/home/steve/video_streaming_10g_demo_v1.4.1_2026.1/rtl/apb3_slave.sv:69)
[EFX-0200 WARNING] Removing redundant signal : io_cpu_prefetch_isValid. (/home/steve/video_streaming_10g_demo_v1.4.1_2026.1/fpga/Ti375N1156-DK/ip/sapphire_gen/sapphire_gen.v:18748)
[EFX-0200 WARNING] Removing redundant signal : io_cpu_fetch_isRemoved. (/home/steve/video_streaming_10g_demo_v1.4.1_2026.1/fpga/Ti375N1156-DK/ip/sapphire_gen/sapphire_gen.v:18753)
[EFX-0200 WARNING] Removing redundant signal : io_cpu_decode_isValid. (/home/steve/video_streaming_10g_demo_v1.4.1_2026.1/fpga/Ti375N1156-DK/ip/sapphire_gen/sapphire_gen.v:18766)
[EFX-0200 WARNING] Removing redundant signal : io_cpu_decode_isUser. (/home/steve/video_streaming_10g_demo_v1.4.1_2026.1/fpga/Ti375N1156-DK/ip/sapphire_gen/sapphire_gen.v:18775)
[EFX-0200 WARNING] Removing redundant signal : io_cpu_prefetch_pc[31:12]. (/home/steve/video_streaming_10g_demo_v1.4.1_2026.1/fpga/Ti375N1156-DK/ip/sapphire_gen/sapphire_gen.v:18750)
[EFX-0200 WARNING] Removing redundant signal : io_cpu_prefetch_pc[1:0]. (/home/steve/video_streaming_10g_demo_v1.4.1_2026.1/fpga/Ti375N1156-DK/ip/sapphire_gen/sapphire_gen.v:18750)
[EFX-0200 WARNING] Removing redundant signal : io_cpu_fetch_pc[31:0]. (/home/steve/video_streaming_10g_demo_v1.4.1_2026.1/fpga/Ti375N1156-DK/ip/sapphire_gen/sapphire_gen.v:18754)
[EFX-0200 WARNING] Removing redundant signal : io_cpu_decode_pc[31:0]. (/home/steve/video_streaming_10g_demo_v1.4.1_2026.1/fpga/Ti375N1156-DK/ip/sapphire_gen/sapphire_gen.v:18768)
[EFX-0200 WARNING] Removing redundant signal : io_cpu_writeBack_isFiring. (/home/steve/video_streaming_10g_demo_v1.4.1_2026.1/fpga/Ti375N1156-DK/ip/sapphire_gen/sapphire_gen.v:17915)
[EFX-0200 WARNING] Removing redundant signal : io_cpu_writeBack_isUser. (/home/steve/video_streaming_10g_demo_v1.4.1_2026.1/fpga/Ti375N1156-DK/ip/sapphire_gen/sapphire_gen.v:17916)
[EFX-0200 WARNING] Removing redundant signal : io_cpu_writeBack_fence_SW. (/home/steve/video_streaming_10g_demo_v1.4.1_2026.1/fpga/Ti375N1156-DK/ip/sapphire_gen/sapphire_gen.v:17926)
[EFX-0200 WARNING] Removing redundant signal : io_cpu_writeBack_fence_SR. (/home/steve/video_streaming_10g_demo_v1.4.1_2026.1/fpga/Ti375N1156-DK/ip/sapphire_gen/sapphire_gen.v:17927)
[EFX-0200 WARNING] Removing redundant signal : io_cpu_writeBack_fence_SO. (/home/steve/video_streaming_10g_demo_v1.4.1_2026.1/fpga/Ti375N1156-DK/ip/sapphire_gen/sapphire_gen.v:17928)
[EFX-0201 WARNING] Re-wiring to GND non-driven net/port 'IBusCachedPlugin_cache_io_cpu_fetch_isRemoved' in module 'VexRiscv_6da3aa8a00f24008ad95d1e51c813f5a'. (/home/steve/video_streaming_10g_demo_v1.4.1_2026.1/fpga/Ti375N1156-DK/ip/sapphire_gen/sapphire_gen.v:10450)
[EFX-0201 WARNING] Re-wiring to GND non-driven net/port 'dataCache_1_io_cpu_writeBack_fence_SW' in module 'VexRiscv_6da3aa8a00f24008ad95d1e51c813f5a'. (/home/steve/video_streaming_10g_demo_v1.4.1_2026.1/fpga/Ti375N1156-DK/ip/sapphire_gen/sapphire_gen.v:10463)
[EFX-0201 WARNING] Re-wiring to GND non-driven net/port 'dataCache_1_io_cpu_writeBack_fence_SR' in module 'VexRiscv_6da3aa8a00f24008ad95d1e51c813f5a'. (/home/steve/video_streaming_10g_demo_v1.4.1_2026.1/fpga/Ti375N1156-DK/ip/sapphire_gen/sapphire_gen.v:10464)
[EFX-0201 WARNING] Re-wiring to GND non-driven net/port 'dataCache_1_io_cpu_writeBack_fence_SO' in module 'VexRiscv_6da3aa8a00f24008ad95d1e51c813f5a'. (/home/steve/video_streaming_10g_demo_v1.4.1_2026.1/fpga/Ti375N1156-DK/ip/sapphire_gen/sapphire_gen.v:10465)
[EFX-0201 WARNING] Re-wiring to GND non-driven net/port 'dataCache_1_io_cpu_writeBack_fence_SI' in module 'VexRiscv_6da3aa8a00f24008ad95d1e51c813f5a'. (/home/steve/video_streaming_10g_demo_v1.4.1_2026.1/fpga/Ti375N1156-DK/ip/sapphire_gen/sapphire_gen.v:10466)
[EFX-0201 WARNING] Re-wiring to GND non-driven net/port 'dataCache_1_io_cpu_writeBack_fence_PW' in module 'VexRiscv_6da3aa8a00f24008ad95d1e51c813f5a'. (/home/steve/video_streaming_10g_demo_v1.4.1_2026.1/fpga/Ti375N1156-DK/ip/sapphire_gen/sapphire_gen.v:10467)
[EFX-0201 WARNING] Re-wiring to GND non-driven net/port 'dataCache_1_io_cpu_writeBack_fence_PR' in module 'VexRiscv_6da3aa8a00f24008ad95d1e51c813f5a'. (/home/steve/video_streaming_10g_demo_v1.4.1_2026.1/fpga/Ti375N1156-DK/ip/sapphire_gen/sapphire_gen.v:10468)
[EFX-0201 WARNING] Re-wiring to GND non-driven net/port 'dataCache_1_io_cpu_writeBack_fence_PO' in module 'VexRiscv_6da3aa8a00f24008ad95d1e51c813f5a'. (/home/steve/video_streaming_10g_demo_v1.4.1_2026.1/fpga/Ti375N1156-DK/ip/sapphire_gen/sapphire_gen.v:10469)
[EFX-0201 WARNING] Re-wiring to GND non-driven net/port 'dataCache_1_io_cpu_writeBack_fence_PI' in module 'VexRiscv_6da3aa8a00f24008ad95d1e51c813f5a'. (/home/steve/video_streaming_10g_demo_v1.4.1_2026.1/fpga/Ti375N1156-DK/ip/sapphire_gen/sapphire_gen.v:10470)
[EFX-0201 WARNING] Re-wiring to GND non-driven net/port 'dataCache_1_io_cpu_writeBack_fence_FM[3]' in module 'VexRiscv_6da3aa8a00f24008ad95d1e51c813f5a'. (/home/steve/video_streaming_10g_demo_v1.4.1_2026.1/fpga/Ti375N1156-DK/ip/sapphire_gen/sapphire_gen.v:10471)
[EFX-0657 WARNING] Mapping into logic memory block 'debounce_reg' (16 bits) (/home/steve/video_streaming_10g_demo_v1.4.1_2026.1/rtl/debounce_switch.v:47) because size is too small (<=64)
[EFX-0657 WARNING] Mapping into logic memory block 'logic_progbufX_mem' (64 bits) (/home/steve/video_streaming_10g_demo_v1.4.1_2026.1/fpga/Ti375N1156-DK/ip/sapphire_gen/sapphire_gen.v:9567) because size is too small (<=64)
[EFX-0657 WARNING] Mapping into logic memory block 'ram' (4 bits) (/home/steve/video_streaming_10g_demo_v1.4.1_2026.1/rtl/lib/common/frame_buffer_512/Axi4_2x512_1x512.v:1671) because size is too small (<=64)
[EFX-0656 WARNING] Optimizing into logic zero initialized read-only memory block 'inst_rd_address_decoder_1/inst_simple_dual_port_ram_00/ram__D$12'. (/home/steve/video_streaming_10g_demo_v1.4.1_2026.1/rtl/lib/common/simple_dual_port_ram.sv:32)
[EFX-0656 WARNING] Optimizing into logic zero initialized read-only memory block 'inst_rd_address_decoder_1/inst_simple_dual_port_ram_00/ram__D$2'. (/home/steve/video_streaming_10g_demo_v1.4.1_2026.1/rtl/lib/common/simple_dual_port_ram.sv:32)
[EFX-0656 WARNING] Optimizing into logic zero initialized read-only memory block 'inst_rd_address_decoder_1/inst_simple_dual_port_ram_00/ram__D$b12'. (/home/steve/video_streaming_10g_demo_v1.4.1_2026.1/rtl/lib/common/simple_dual_port_ram.sv:32)
[EFX-0656 WARNING] Optimizing into logic zero initialized read-only memory block 'inst_rd_address_decoder_1/inst_simple_dual_port_ram_00/ram__D$c12'. (/home/steve/video_streaming_10g_demo_v1.4.1_2026.1/rtl/lib/common/simple_dual_port_ram.sv:32)
[EFX-0656 WARNING] Optimizing into logic zero initialized read-only memory block 'inst_rd_address_decoder_1/inst_simple_dual_port_ram_00/ram__D$d12'. (/home/steve/video_streaming_10g_demo_v1.4.1_2026.1/rtl/lib/common/simple_dual_port_ram.sv:32)
[EFX-0656 WARNING] Optimizing into logic zero initialized read-only memory block 'inst_rd_address_decoder_1/inst_simple_dual_port_ram_00/ram__D$e12'. (/home/steve/video_streaming_10g_demo_v1.4.1_2026.1/rtl/lib/common/simple_dual_port_ram.sv:32)
[EFX-0656 WARNING] Optimizing into logic zero initialized read-only memory block 'inst_rd_address_decoder_1/inst_simple_dual_port_ram_00/ram__D$f12'. (/home/steve/video_streaming_10g_demo_v1.4.1_2026.1/rtl/lib/common/simple_dual_port_ram.sv:32)
[EFX-0656 WARNING] Optimizing into logic zero initialized read-only memory block 'inst_rd_address_decoder_1/inst_simple_dual_port_ram_00/ram__D$g12'. (/home/steve/video_streaming_10g_demo_v1.4.1_2026.1/rtl/lib/common/simple_dual_port_ram.sv:32)
[EFX-0656 WARNING] Optimizing into logic zero initialized read-only memory block 'inst_rd_address_decoder_1/inst_simple_dual_port_ram_00/ram__D$h12'. (/home/steve/video_streaming_10g_demo_v1.4.1_2026.1/rtl/lib/common/simple_dual_port_ram.sv:32)
[EFX-0656 WARNING] Optimizing into logic zero initialized read-only memory block 'inst_rd_address_decoder_1/inst_simple_dual_port_ram_00/ram__D$i12'. (/home/steve/video_streaming_10g_demo_v1.4.1_2026.1/rtl/lib/common/simple_dual_port_ram.sv:32)
[EFX-0656 WARNING] Optimizing into logic zero initialized read-only memory block 'inst_rd_address_decoder_1/inst_simple_dual_port_ram_00/ram__D$j12'. (/home/steve/video_streaming_10g_demo_v1.4.1_2026.1/rtl/lib/common/simple_dual_port_ram.sv:32)
[EFX-0656 WARNING] Optimizing into logic zero initialized read-only memory block 'inst_rd_address_decoder_1/inst_simple_dual_port_ram_00/ram__D$k12'. (/home/steve/video_streaming_10g_demo_v1.4.1_2026.1/rtl/lib/common/simple_dual_port_ram.sv:32)
[EFX-0656 WARNING] Optimizing into logic zero initialized read-only memory block 'inst_rd_address_decoder_1/inst_simple_dual_port_ram_00/ram__D$l12'. (/home/steve/video_streaming_10g_demo_v1.4.1_2026.1/rtl/lib/common/simple_dual_port_ram.sv:32)
[EFX-0656 WARNING] Optimizing into logic zero initialized read-only memory block 'inst_rd_address_decoder_1/inst_simple_dual_port_ram_00/ram__D$m12'. (/home/steve/video_streaming_10g_demo_v1.4.1_2026.1/rtl/lib/common/simple_dual_port_ram.sv:32)
[EFX-0656 WARNING] Optimizing into logic zero initialized read-only memory block 'inst_rd_address_decoder_1/inst_simple_dual_port_ram_00/ram__D$n12'. (/home/steve/video_streaming_10g_demo_v1.4.1_2026.1/rtl/lib/common/simple_dual_port_ram.sv:32)
[EFX-0656 WARNING] Optimizing into logic zero initialized read-only memory block 'inst_rd_address_decoder_1/inst_simple_dual_port_ram_00/ram__D$o12'. (/home/steve/video_streaming_10g_demo_v1.4.1_2026.1/rtl/lib/common/simple_dual_port_ram.sv:32)
[EFX-0656 WARNING] Optimizing into logic zero initialized read-only memory block 'inst_rd_address_decoder_1/inst_simple_dual_port_ram_00/ram__D$p12'. (/home/steve/video_streaming_10g_demo_v1.4.1_2026.1/rtl/lib/common/simple_dual_port_ram.sv:32)
[EFX-0656 WARNING] Optimizing into logic zero initialized read-only memory block 'inst_rd_address_decoder_1/inst_simple_dual_port_ram_00/ram__D$q12'. (/home/steve/video_streaming_10g_demo_v1.4.1_2026.1/rtl/lib/common/simple_dual_port_ram.sv:32)
[EFX-0656 WARNING] Optimizing into logic zero initialized read-only memory block 'inst_rd_address_decoder_1/inst_simple_dual_port_ram_00/ram__D$r12'. (/home/steve/video_streaming_10g_demo_v1.4.1_2026.1/rtl/lib/common/simple_dual_port_ram.sv:32)
[EFX-0656 WARNING] Optimizing into logic zero initialized read-only memory block 'inst_rd_address_decoder_1/inst_simple_dual_port_ram_00/ram__D$s12'. (/home/steve/video_streaming_10g_demo_v1.4.1_2026.1/rtl/lib/common/simple_dual_port_ram.sv:32)
[EFX-0656 WARNING] Optimizing into logic zero initialized read-only memory block 'inst_rd_address_decoder_1/inst_simple_dual_port_ram_00/ram__D$t12'. (/home/steve/video_streaming_10g_demo_v1.4.1_2026.1/rtl/lib/common/simple_dual_port_ram.sv:32)
[EFX-0656 WARNING] Optimizing into logic zero initialized read-only memory block 'inst_rd_address_decoder_1/inst_simple_dual_port_ram_00/ram__D$u12'. (/home/steve/video_streaming_10g_demo_v1.4.1_2026.1/rtl/lib/common/simple_dual_port_ram.sv:32)
[EFX-0656 WARNING] Optimizing into logic zero initialized read-only memory block 'inst_rd_address_decoder_1/inst_simple_dual_port_ram_00/ram__D$v12'. (/home/steve/video_streaming_10g_demo_v1.4.1_2026.1/rtl/lib/common/simple_dual_port_ram.sv:32)
[EFX-0656 WARNING] Optimizing into logic zero initialized read-only memory block 'inst_rd_address_decoder_1/inst_simple_dual_port_ram_00/ram__D$w12'. (/home/steve/video_streaming_10g_demo_v1.4.1_2026.1/rtl/lib/common/simple_dual_port_ram.sv:32)
[EFX-0656 WARNING] Optimizing into logic zero initialized read-only memory block 'inst_rd_address_decoder_1/inst_simple_dual_port_ram_00/ram__D$x12'. (/home/steve/video_streaming_10g_demo_v1.4.1_2026.1/rtl/lib/common/simple_dual_port_ram.sv:32)
[EFX-0656 WARNING] Optimizing into logic zero initialized read-only memory block 'inst_rd_address_decoder_1/inst_simple_dual_port_ram_00/ram__D$y1'. (/home/steve/video_streaming_10g_demo_v1.4.1_2026.1/rtl/lib/common/simple_dual_port_ram.sv:32)
[EFX-0656 WARNING] Optimizing into logic zero initialized read-only memory block 'inst_frame_buffer_512/inst_wr_address_decoder_1/genblk1[15].inst_pclk_to_axi_buffer/ram__D$1'. (/home/steve/video_streaming_10g_demo_v1.4.1_2026.1/rtl/lib/common/simple_dual_port_ram.sv:32)
[EFX-0656 WARNING] Optimizing into logic zero initialized read-only memory block 'inst_frame_buffer_512/inst_wr_address_decoder_1/genblk1[15].inst_pclk_to_axi_buffer/ram__D$2'. (/home/steve/video_streaming_10g_demo_v1.4.1_2026.1/rtl/lib/common/simple_dual_port_ram.sv:32)
[EFX-0656 WARNING] Optimizing into logic zero initialized read-only memory block 'inst_frame_buffer_512/inst_wr_address_decoder_1/genblk1[14].inst_pclk_to_axi_buffer/ram__D$1'. (/home/steve/video_streaming_10g_demo_v1.4.1_2026.1/rtl/lib/common/simple_dual_port_ram.sv:32)
[EFX-0656 WARNING] Optimizing into logic zero initialized read-only memory block 'inst_frame_buffer_512/inst_wr_address_decoder_1/genblk1[14].inst_pclk_to_axi_buffer/ram__D$2'. (/home/steve/video_streaming_10g_demo_v1.4.1_2026.1/rtl/lib/common/simple_dual_port_ram.sv:32)
[EFX-0656 WARNING] Optimizing into logic zero initialized read-only memory block 'inst_frame_buffer_512/inst_wr_address_decoder_1/genblk1[13].inst_pclk_to_axi_buffer/ram__D$1'. (/home/steve/video_streaming_10g_demo_v1.4.1_2026.1/rtl/lib/common/simple_dual_port_ram.sv:32)
[EFX-0656 WARNING] Optimizing into logic zero initialized read-only memory block 'inst_frame_buffer_512/inst_wr_address_decoder_1/genblk1[13].inst_pclk_to_axi_buffer/ram__D$2'. (/home/steve/video_streaming_10g_demo_v1.4.1_2026.1/rtl/lib/common/simple_dual_port_ram.sv:32)
[EFX-0656 WARNING] Optimizing into logic zero initialized read-only memory block 'inst_frame_buffer_512/inst_wr_address_decoder_1/genblk1[12].inst_pclk_to_axi_buffer/ram__D$1'. (/home/steve/video_streaming_10g_demo_v1.4.1_2026.1/rtl/lib/common/simple_dual_port_ram.sv:32)
[EFX-0656 WARNING] Optimizing into logic zero initialized read-only memory block 'inst_frame_buffer_512/inst_wr_address_decoder_1/genblk1[12].inst_pclk_to_axi_buffer/ram__D$2'. (/home/steve/video_streaming_10g_demo_v1.4.1_2026.1/rtl/lib/common/simple_dual_port_ram.sv:32)
[EFX-0656 WARNING] Optimizing into logic zero initialized read-only memory block 'inst_frame_buffer_512/inst_wr_address_decoder_1/genblk1[11].inst_pclk_to_axi_buffer/ram__D$1'. (/home/steve/video_streaming_10g_demo_v1.4.1_2026.1/rtl/lib/common/simple_dual_port_ram.sv:32)
[EFX-0656 WARNING] Optimizing into logic zero initialized read-only memory block 'inst_frame_buffer_512/inst_wr_address_decoder_1/genblk1[11].inst_pclk_to_axi_buffer/ram__D$2'. (/home/steve/video_streaming_10g_demo_v1.4.1_2026.1/rtl/lib/common/simple_dual_port_ram.sv:32)
[EFX-0656 WARNING] Optimizing into logic zero initialized read-only memory block 'inst_frame_buffer_512/inst_wr_address_decoder_1/genblk1[10].inst_pclk_to_axi_buffer/ram__D$1'. (/home/steve/video_streaming_10g_demo_v1.4.1_2026.1/rtl/lib/common/simple_dual_port_ram.sv:32)
[EFX-0656 WARNING] Optimizing into logic zero initialized read-only memory block 'inst_frame_buffer_512/inst_wr_address_decoder_1/genblk1[10].inst_pclk_to_axi_buffer/ram__D$2'. (/home/steve/video_streaming_10g_demo_v1.4.1_2026.1/rtl/lib/common/simple_dual_port_ram.sv:32)
[EFX-0656 WARNING] Optimizing into logic zero initialized read-only memory block 'inst_frame_buffer_512/inst_wr_address_decoder_1/genblk1[9].inst_pclk_to_axi_buffer/ram__D$1'. (/home/steve/video_streaming_10g_demo_v1.4.1_2026.1/rtl/lib/common/simple_dual_port_ram.sv:32)
[EFX-0656 WARNING] Optimizing into logic zero initialized read-only memory block 'inst_frame_buffer_512/inst_wr_address_decoder_1/genblk1[9].inst_pclk_to_axi_buffer/ram__D$2'. (/home/steve/video_streaming_10g_demo_v1.4.1_2026.1/rtl/lib/common/simple_dual_port_ram.sv:32)
[EFX-0656 WARNING] Optimizing into logic zero initialized read-only memory block 'inst_frame_buffer_512/inst_wr_address_decoder_1/genblk1[8].inst_pclk_to_axi_buffer/ram__D$1'. (/home/steve/video_streaming_10g_demo_v1.4.1_2026.1/rtl/lib/common/simple_dual_port_ram.sv:32)
[EFX-0656 WARNING] Optimizing into logic zero initialized read-only memory block 'inst_frame_buffer_512/inst_wr_address_decoder_1/genblk1[8].inst_pclk_to_axi_buffer/ram__D$2'. (/home/steve/video_streaming_10g_demo_v1.4.1_2026.1/rtl/lib/common/simple_dual_port_ram.sv:32)
[EFX-0656 WARNING] Optimizing into logic zero initialized read-only memory block 'inst_frame_buffer_512/inst_wr_address_decoder_1/genblk1[7].inst_pclk_to_axi_buffer/ram__D$1'. (/home/steve/video_streaming_10g_demo_v1.4.1_2026.1/rtl/lib/common/simple_dual_port_ram.sv:32)
[EFX-0656 WARNING] Optimizing into logic zero initialized read-only memory block 'inst_frame_buffer_512/inst_wr_address_decoder_1/genblk1[7].inst_pclk_to_axi_buffer/ram__D$2'. (/home/steve/video_streaming_10g_demo_v1.4.1_2026.1/rtl/lib/common/simple_dual_port_ram.sv:32)
[EFX-0656 WARNING] Optimizing into logic zero initialized read-only memory block 'inst_frame_buffer_512/inst_wr_address_decoder_1/genblk1[6].inst_pclk_to_axi_buffer/ram__D$1'. (/home/steve/video_streaming_10g_demo_v1.4.1_2026.1/rtl/lib/common/simple_dual_port_ram.sv:32)
[EFX-0656 WARNING] Optimizing into logic zero initialized read-only memory block 'inst_frame_buffer_512/inst_wr_address_decoder_1/genblk1[6].inst_pclk_to_axi_buffer/ram__D$2'. (/home/steve/video_streaming_10g_demo_v1.4.1_2026.1/rtl/lib/common/simple_dual_port_ram.sv:32)
[EFX-0656 WARNING] Optimizing into logic zero initialized read-only memory block 'inst_frame_buffer_512/inst_wr_address_decoder_1/genblk1[5].inst_pclk_to_axi_buffer/ram__D$1'. (/home/steve/video_streaming_10g_demo_v1.4.1_2026.1/rtl/lib/common/simple_dual_port_ram.sv:32)
[EFX-0656 WARNING] Optimizing into logic zero initialized read-only memory block 'inst_frame_buffer_512/inst_wr_address_decoder_1/genblk1[5].inst_pclk_to_axi_buffer/ram__D$2'. (/home/steve/video_streaming_10g_demo_v1.4.1_2026.1/rtl/lib/common/simple_dual_port_ram.sv:32)
[EFX-0656 WARNING] Optimizing into logic zero initialized read-only memory block 'inst_frame_buffer_512/inst_wr_address_decoder_1/genblk1[4].inst_pclk_to_axi_buffer/ram__D$1'. (/home/steve/video_streaming_10g_demo_v1.4.1_2026.1/rtl/lib/common/simple_dual_port_ram.sv:32)
[EFX-0656 WARNING] Optimizing into logic zero initialized read-only memory block 'inst_frame_buffer_512/inst_wr_address_decoder_1/genblk1[4].inst_pclk_to_axi_buffer/ram__D$2'. (/home/steve/video_streaming_10g_demo_v1.4.1_2026.1/rtl/lib/common/simple_dual_port_ram.sv:32)
[EFX-0656 WARNING] Optimizing into logic zero initialized read-only memory block 'inst_frame_buffer_512/inst_wr_address_decoder_1/genblk1[3].inst_pclk_to_axi_buffer/ram__D$1'. (/home/steve/video_streaming_10g_demo_v1.4.1_2026.1/rtl/lib/common/simple_dual_port_ram.sv:32)
[EFX-0656 WARNING] Optimizing into logic zero initialized read-only memory block 'inst_frame_buffer_512/inst_wr_address_decoder_1/genblk1[3].inst_pclk_to_axi_buffer/ram__D$2'. (/home/steve/video_streaming_10g_demo_v1.4.1_2026.1/rtl/lib/common/simple_dual_port_ram.sv:32)
[EFX-0656 WARNING] Optimizing into logic zero initialized read-only memory block 'inst_frame_buffer_512/inst_wr_address_decoder_1/genblk1[2].inst_pclk_to_axi_buffer/ram__D$1'. (/home/steve/video_streaming_10g_demo_v1.4.1_2026.1/rtl/lib/common/simple_dual_port_ram.sv:32)
[EFX-0656 WARNING] Optimizing into logic zero initialized read-only memory block 'inst_frame_buffer_512/inst_wr_address_decoder_1/genblk1[2].inst_pclk_to_axi_buffer/ram__D$2'. (/home/steve/video_streaming_10g_demo_v1.4.1_2026.1/rtl/lib/common/simple_dual_port_ram.sv:32)
[EFX-0656 WARNING] Optimizing into logic zero initialized read-only memory block 'inst_frame_buffer_512/inst_wr_address_decoder_1/genblk1[1].inst_pclk_to_axi_buffer/ram__D$1'. (/home/steve/video_streaming_10g_demo_v1.4.1_2026.1/rtl/lib/common/simple_dual_port_ram.sv:32)
[EFX-0656 WARNING] Optimizing into logic zero initialized read-only memory block 'inst_frame_buffer_512/inst_wr_address_decoder_1/genblk1[1].inst_pclk_to_axi_buffer/ram__D$2'. (/home/steve/video_streaming_10g_demo_v1.4.1_2026.1/rtl/lib/common/simple_dual_port_ram.sv:32)
[EFX-0656 WARNING] Optimizing into logic zero initialized read-only memory block 'inst_frame_buffer_512/inst_wr_address_decoder_1/genblk1[0].inst_pclk_to_axi_buffer/ram__D$1'. (/home/steve/video_streaming_10g_demo_v1.4.1_2026.1/rtl/lib/common/simple_dual_port_ram.sv:32)
[EFX-0656 WARNING] Optimizing into logic zero initialized read-only memory block 'inst_frame_buffer_512/inst_wr_address_decoder_1/genblk1[0].inst_pclk_to_axi_buffer/ram__D$2'. (/home/steve/video_streaming_10g_demo_v1.4.1_2026.1/rtl/lib/common/simple_dual_port_ram.sv:32)
[EFX-0657 WARNING] Mapping into logic memory block 'q1_apb_master/rom_mif' (1060 bits) (/home/steve/video_streaming_10g_demo_v1.4.1_2026.1/rtl/apb_master.sv:49) because read port is not synchronous.

///////////////////////////////////
// Efinity Synthesis Started 
// Sep 25, 2026 13:07:26
///////////////////////////////////

[EFX-0011 VERI-WARNING] port 'probe7' remains unconnected for this instance (VERI-1927) (/home/steve/video_streaming_10g_demo_v1.4.1_2026.1/fpga/Ti375N1156-DK/work_dbg/debug_top.v:138)
[EFX-0011 VERI-WARNING] input port 'probe7[0]' remains unconnected for this instance (VDB-1053) (/home/steve/video_streaming_10g_demo_v1.4.1_2026.1/fpga/Ti375N1156-DK/work_dbg/debug_top.v:110)
[EFX-0200 WARNING] Removing redundant signal : compared_in[0]. (/home/steve/video_streaming_10g_demo_v1.4.1_2026.1/fpga/Ti375N1156-DK/work_dbg/debug_top.v:5540)
[EFX-0200 WARNING] Removing redundant signal : mask_in[0]. (/home/steve/video_streaming_10g_demo_v1.4.1_2026.1/fpga/Ti375N1156-DK/work_dbg/debug_top.v:5541)
[EFX-0200 WARNING] Removing redundant signal : trigger_in. (/home/steve/video_streaming_10g_demo_v1.4.1_2026.1/fpga/Ti375N1156-DK/work_dbg/debug_top.v:5751)
[EFX-0200 WARNING] Removing redundant signal : clk. (/home/steve/video_streaming_10g_demo_v1.4.1_2026.1/fpga/Ti375N1156-DK/work_dbg/debug_top.v:4574)
[EFX-0200 WARNING] Removing redundant signal : full. (/home/steve/video_streaming_10g_demo_v1.4.1_2026.1/fpga/Ti375N1156-DK/work_dbg/debug_top.v:4628)
[EFX-0200 WARNING] Removing redundant signal : shift_i. (/home/steve/video_streaming_10g_demo_v1.4.1_2026.1/fpga/Ti375N1156-DK/work_dbg/debug_top.v:4898)
[EFX-0200 WARNING] Removing redundant signal : trig_out. (/home/steve/video_streaming_10g_demo_v1.4.1_2026.1/fpga/Ti375N1156-DK/work_dbg/debug_top.v:4915)
[EFX-0200 WARNING] Removing redundant signal : trig_out_ack. (/home/steve/video_streaming_10g_demo_v1.4.1_2026.1/fpga/Ti375N1156-DK/work_dbg/debug_top.v:4916)
[EFX-0200 WARNING] Removing redundant signal : bscan_DRCK. (/home/steve/video_streaming_10g_demo_v1.4.1_2026.1/fpga/Ti375N1156-DK/work_dbg/debug_top.v:1057)
[EFX-0200 WARNING] Removing redundant signal : bscan_RESET. (/home/steve/video_streaming_10g_demo_v1.4.1_2026.1/fpga/Ti375N1156-DK/work_dbg/debug_top.v:1058)
[EFX-0200 WARNING] Removing redundant signal : bscan_RUNTEST. (/home/steve/video_streaming_10g_demo_v1.4.1_2026.1/fpga/Ti375N1156-DK/work_dbg/debug_top.v:1059)
[EFX-0200 WARNING] Removing redundant signal : bscan_SEL. (/home/steve/video_streaming_10g_demo_v1.4.1_2026.1/fpga/Ti375N1156-DK/work_dbg/debug_top.v:1060)
[EFX-0200 WARNING] Removing redundant signal : bscan_TMS. (/home/steve/video_streaming_10g_demo_v1.4.1_2026.1/fpga/Ti375N1156-DK/work_dbg/debug_top.v:1064)
[EFX-0200 WARNING] Removing redundant signal : trig_in_ack. (/home/steve/video_streaming_10g_demo_v1.4.1_2026.1/fpga/Ti375N1156-DK/work_dbg/debug_top.v:1076)
[EFX-0200 WARNING] Removing redundant signal : mux_capture_cmp[6:0]. (/home/steve/video_streaming_10g_demo_v1.4.1_2026.1/fpga/Ti375N1156-DK/work_dbg/debug_top.v:3495)
[EFX-0200 WARNING] Removing redundant signal : bscan_CAPTURE. (/home/steve/video_streaming_10g_demo_v1.4.1_2026.1/fpga/Ti375N1156-DK/work_dbg/debug_top.v:296)
[EFX-0200 WARNING] Removing redundant signal : bscan_DRCK. (/home/steve/video_streaming_10g_demo_v1.4.1_2026.1/fpga/Ti375N1156-DK/work_dbg/debug_top.v:297)
[EFX-0200 WARNING] Removing redundant signal : bscan_RUNTEST. (/home/steve/video_streaming_10g_demo_v1.4.1_2026.1/fpga/Ti375N1156-DK/work_dbg/debug_top.v:299)
[EFX-0200 WARNING] Removing redundant signal : bscan_TMS. (/home/steve/video_streaming_10g_demo_v1.4.1_2026.1/fpga/Ti375N1156-DK/work_dbg/debug_top.v:304)
[EFX-0201 WARNING] Re-wiring to GND non-driven net/port 'probe7[0]' in module 'edb_la_top_7f1f49e4795244fab99fb246b5f3df2b(NUM_PROBES=7,DATA_DEPTH=65536,INPUT_PIPE_STAGES=1,UUID=128'b0110110000101110110101000100100011101001100111101000110001011111000101011100011101001101010110101001010011010111101001010111110,PROBE0_TYPE=1,PROBE1_TYPE=1,PROBE2_TYPE=1,PROBE3_TYPE=1,PROBE4_TYPE=1,PROBE5_TYPE=1,PROBE6_TYPE=1)'. (/home/steve/video_streaming_10g_demo_v1.4.1_2026.1/fpga/Ti375N1156-DK/work_dbg/debug_top.v:110)
[EFX-0201 WARNING] Re-wiring to GND non-driven net/port 'probe8[0]' in module 'edb_la_top_7f1f49e4795244fab99fb246b5f3df2b(NUM_PROBES=7,DATA_DEPTH=65536,INPUT_PIPE_STAGES=1,UUID=128'b0110110000101110110101000100100011101001100111101000110001011111000101011100011101001101010110101001010011010111101001010111110,PROBE0_TYPE=1,PROBE1_TYPE=1,PROBE2_TYPE=1,PROBE3_TYPE=1,PROBE4_TYPE=1,PROBE5_TYPE=1,PROBE6_TYPE=1)'. (/home/steve/video_streaming_10g_demo_v1.4.1_2026.1/fpga/Ti375N1156-DK/work_dbg/debug_top.v:110)
[EFX-0201 WARNING] Re-wiring to GND non-driven net/port 'probe9[0]' in module 'edb_la_top_7f1f49e4795244fab99fb246b5f3df2b(NUM_PROBES=7,DATA_DEPTH=65536,INPUT_PIPE_STAGES=1,UUID=128'b0110110000101110110101000100100011101001100111101000110001011111000101011100011101001101010110101001010011010111101001010111110,PROBE0_TYPE=1,PROBE1_TYPE=1,PROBE2_TYPE=1,PROBE3_TYPE=1,PROBE4_TYPE=1,PROBE5_TYPE=1,PROBE6_TYPE=1)'. (/home/steve/video_streaming_10g_demo_v1.4.1_2026.1/fpga/Ti375N1156-DK/work_dbg/debug_top.v:110)
[EFX-0201 WARNING] Re-wiring to GND non-driven net/port 'probe10[0]' in module 'edb_la_top_7f1f49e4795244fab99fb246b5f3df2b(NUM_PROBES=7,DATA_DEPTH=65536,INPUT_PIPE_STAGES=1,UUID=128'b0110110000101110110101000100100011101001100111101000110001011111000101011100011101001101010110101001010011010111101001010111110,PROBE0_TYPE=1,PROBE1_TYPE=1,PROBE2_TYPE=1,PROBE3_TYPE=1,PROBE4_TYPE=1,PROBE5_TYPE=1,PROBE6_TYPE=1)'. (/home/steve/video_streaming_10g_demo_v1.4.1_2026.1/fpga/Ti375N1156-DK/work_dbg/debug_top.v:110)
[EFX-0201 WARNING] Re-wiring to GND non-driven net/port 'probe11[0]' in module 'edb_la_top_7f1f49e4795244fab99fb246b5f3df2b(NUM_PROBES=7,DATA_DEPTH=65536,INPUT_PIPE_STAGES=1,UUID=128'b0110110000101110110101000100100011101001100111101000110001011111000101011100011101001101010110101001010011010111101001010111110,PROBE0_TYPE=1,PROBE1_TYPE=1,PROBE2_TYPE=1,PROBE3_TYPE=1,PROBE4_TYPE=1,PROBE5_TYPE=1,PROBE6_TYPE=1)'. (/home/steve/video_streaming_10g_demo_v1.4.1_2026.1/fpga/Ti375N1156-DK/work_dbg/debug_top.v:110)
[EFX-0201 WARNING] Re-wiring to GND non-driven net/port 'probe12[0]' in module 'edb_la_top_7f1f49e4795244fab99fb246b5f3df2b(NUM_PROBES=7,DATA_DEPTH=65536,INPUT_PIPE_STAGES=1,UUID=128'b0110110000101110110101000100100011101001100111101000110001011111000101011100011101001101010110101001010011010111101001010111110,PROBE0_TYPE=1,PROBE1_TYPE=1,PROBE2_TYPE=1,PROBE3_TYPE=1,PROBE4_TYPE=1,PROBE5_TYPE=1,PROBE6_TYPE=1)'. (/home/steve/video_streaming_10g_demo_v1.4.1_2026.1/fpga/Ti375N1156-DK/work_dbg/debug_top.v:110)
[EFX-0201 WARNING] Re-wiring to GND non-driven net/port 'probe13[0]' in module 'edb_la_top_7f1f49e4795244fab99fb246b5f3df2b(NUM_PROBES=7,DATA_DEPTH=65536,INPUT_PIPE_STAGES=1,UUID=128'b0110110000101110110101000100100011101001100111101000110001011111000101011100011101001101010110101001010011010111101001010111110,PROBE0_TYPE=1,PROBE1_TYPE=1,PROBE2_TYPE=1,PROBE3_TYPE=1,PROBE4_TYPE=1,PROBE5_TYPE=1,PROBE6_TYPE=1)'. (/home/steve/video_streaming_10g_demo_v1.4.1_2026.1/fpga/Ti375N1156-DK/work_dbg/debug_top.v:110)
[EFX-0201 WARNING] Re-wiring to GND non-driven net/port 'probe14[0]' in module 'edb_la_top_7f1f49e4795244fab99fb246b5f3df2b(NUM_PROBES=7,DATA_DEPTH=65536,INPUT_PIPE_STAGES=1,UUID=128'b0110110000101110110101000100100011101001100111101000110001011111000101011100011101001101010110101001010011010111101001010111110,PROBE0_TYPE=1,PROBE1_TYPE=1,PROBE2_TYPE=1,PROBE3_TYPE=1,PROBE4_TYPE=1,PROBE5_TYPE=1,PROBE6_TYPE=1)'. (/home/steve/video_streaming_10g_demo_v1.4.1_2026.1/fpga/Ti375N1156-DK/work_dbg/debug_top.v:110)
[EFX-0201 WARNING] Re-wiring to GND non-driven net/port 'probe15[0]' in module 'edb_la_top_7f1f49e4795244fab99fb246b5f3df2b(NUM_PROBES=7,DATA_DEPTH=65536,INPUT_PIPE_STAGES=1,UUID=128'b0110110000101110110101000100100011101001100111101000110001011111000101011100011101001101010110101001010011010111101001010111110,PROBE0_TYPE=1,PROBE1_TYPE=1,PROBE2_TYPE=1,PROBE3_TYPE=1,PROBE4_TYPE=1,PROBE5_TYPE=1,PROBE6_TYPE=1)'. (/home/steve/video_streaming_10g_demo_v1.4.1_2026.1/fpga/Ti375N1156-DK/work_dbg/debug_top.v:110)
[EFX-0201 WARNING] Re-wiring to GND non-driven net/port 'probe16[0]' in module 'edb_la_top_7f1f49e4795244fab99fb246b5f3df2b(NUM_PROBES=7,DATA_DEPTH=65536,INPUT_PIPE_STAGES=1,UUID=128'b0110110000101110110101000100100011101001100111101000110001011111000101011100011101001101010110101001010011010111101001010111110,PROBE0_TYPE=1,PROBE1_TYPE=1,PROBE2_TYPE=1,PROBE3_TYPE=1,PROBE4_TYPE=1,PROBE5_TYPE=1,PROBE6_TYPE=1)'. (/home/steve/video_streaming_10g_demo_v1.4.1_2026.1/fpga/Ti375N1156-DK/work_dbg/debug_top.v:110)
[EFX-0011 VERI-WARNING] Input/inout port bscan_DRCK is unconnected. Place and route may remove this unconnected port. (VDB-8003) (/home/steve/video_streaming_10g_demo_v1.4.1_2026.1/fpga/Ti375N1156-DK/work_dbg/debug_top.v:17)
[EFX-0011 VERI-WARNING] Input/inout port bscan_RUNTEST is unconnected. Place and route may remove this unconnected port. (VDB-8003) (/home/steve/video_streaming_10g_demo_v1.4.1_2026.1/fpga/Ti375N1156-DK/work_dbg/debug_top.v:19)
[EFX-0011 VERI-WARNING] Input/inout port bscan_TMS is unconnected. Place and route may remove this unconnected port. (VDB-8003) (/home/steve/video_streaming_10g_demo_v1.4.1_2026.1/fpga/Ti375N1156-DK/work_dbg/debug_top.v:24)
[EFX-0011 VERI-WARNING] Found 3 warnings in the post-synthesis netlist. 

///////////////////////////////////
// Efinity Synthesis Started 
// Sep 25, 2026 13:07:40
///////////////////////////////////

[EFX-0256 WARNING] The primary output port 'sfp0_PMA_TX_ELEC_IDLE' wire 'sfp0_PMA_TX_ELEC_IDLE' is not driven.
[EFX-0256 WARNING] The primary output port 'sfp0_ETH_EEE_ALERT_EN' wire 'sfp0_ETH_EEE_ALERT_EN' is not driven.
[EFX-0200 WARNING] Removing redundant signal : k[31:0]. (/home/steve/video_streaming_10g_demo_v1.4.1_2026.1/rtl/debounce_switch.v:56)
[EFX-0200 WARNING] Removing redundant signal : rom_read. (/home/steve/video_streaming_10g_demo_v1.4.1_2026.1/rtl/apb_master.sv:48)
[EFX-0200 WARNING] Removing redundant signal : j[31:0]. (/home/steve/video_streaming_10g_demo_v1.4.1_2026.1/rtl/apb_master.sv:212)
[EFX-0200 WARNING] Removing redundant signal : q[31:0]. (/home/steve/video_streaming_10g_demo_v1.4.1_2026.1/rtl/apb_master.sv:212)
[EFX-0200 WARNING] Removing redundant signal : PADDR[19:10]. (/home/steve/video_streaming_10g_demo_v1.4.1_2026.1/rtl/apb3_slave.sv:45)
[EFX-0200 WARNING] Removing redundant signal : PADDR[1:0]. (/home/steve/video_streaming_10g_demo_v1.4.1_2026.1/rtl/apb3_slave.sv:45)
[EFX-0200 WARNING] Removing redundant signal : byteIndex[31:0]. (/home/steve/video_streaming_10g_demo_v1.4.1_2026.1/rtl/apb3_slave.sv:69)
[EFX-0200 WARNING] Removing redundant signal : io_cpu_prefetch_isValid. (/home/steve/video_streaming_10g_demo_v1.4.1_2026.1/fpga/Ti375N1156-DK/ip/sapphire_gen/sapphire_gen.v:18748)
[EFX-0200 WARNING] Removing redundant signal : io_cpu_fetch_isRemoved. (/home/steve/video_streaming_10g_demo_v1.4.1_2026.1/fpga/Ti375N1156-DK/ip/sapphire_gen/sapphire_gen.v:18753)
[EFX-0200 WARNING] Removing redundant signal : io_cpu_decode_isValid. (/home/steve/video_streaming_10g_demo_v1.4.1_2026.1/fpga/Ti375N1156-DK/ip/sapphire_gen/sapphire_gen.v:18766)
[EFX-0200 WARNING] Removing redundant signal : io_cpu_decode_isUser. (/home/steve/video_streaming_10g_demo_v1.4.1_2026.1/fpga/Ti375N1156-DK/ip/sapphire_gen/sapphire_gen.v:18775)
[EFX-0200 WARNING] Removing redundant signal : io_cpu_prefetch_pc[31:12]. (/home/steve/video_streaming_10g_demo_v1.4.1_2026.1/fpga/Ti375N1156-DK/ip/sapphire_gen/sapphire_gen.v:18750)
[EFX-0200 WARNING] Removing redundant signal : io_cpu_prefetch_pc[1:0]. (/home/steve/video_streaming_10g_demo_v1.4.1_2026.1/fpga/Ti375N1156-DK/ip/sapphire_gen/sapphire_gen.v:18750)
[EFX-0200 WARNING] Removing redundant signal : io_cpu_fetch_pc[31:0]. (/home/steve/video_streaming_10g_demo_v1.4.1_2026.1/fpga/Ti375N1156-DK/ip/sapphire_gen/sapphire_gen.v:18754)
[EFX-0200 WARNING] Removing redundant signal : io_cpu_decode_pc[31:0]. (/home/steve/video_streaming_10g_demo_v1.4.1_2026.1/fpga/Ti375N1156-DK/ip/sapphire_gen/sapphire_gen.v:18768)
[EFX-0200 WARNING] Removing redundant signal : io_cpu_writeBack_isFiring. (/home/steve/video_streaming_10g_demo_v1.4.1_2026.1/fpga/Ti375N1156-DK/ip/sapphire_gen/sapphire_gen.v:17915)
[EFX-0200 WARNING] Removing redundant signal : io_cpu_writeBack_isUser. (/home/steve/video_streaming_10g_demo_v1.4.1_2026.1/fpga/Ti375N1156-DK/ip/sapphire_gen/sapphire_gen.v:17916)
[EFX-0200 WARNING] Removing redundant signal : io_cpu_writeBack_fence_SW. (/home/steve/video_streaming_10g_demo_v1.4.1_2026.1/fpga/Ti375N1156-DK/ip/sapphire_gen/sapphire_gen.v:17926)
[EFX-0200 WARNING] Removing redundant signal : io_cpu_writeBack_fence_SR. (/home/steve/video_streaming_10g_demo_v1.4.1_2026.1/fpga/Ti375N1156-DK/ip/sapphire_gen/sapphire_gen.v:17927)
[EFX-0200 WARNING] Removing redundant signal : io_cpu_writeBack_fence_SO. (/home/steve/video_streaming_10g_demo_v1.4.1_2026.1/fpga/Ti375N1156-DK/ip/sapphire_gen/sapphire_gen.v:17928)
[EFX-0201 WARNING] Re-wiring to GND non-driven net/port 'IBusCachedPlugin_cache_io_cpu_fetch_isRemoved' in module 'VexRiscv_6da3aa8a00f24008ad95d1e51c813f5a'. (/home/steve/video_streaming_10g_demo_v1.4.1_2026.1/fpga/Ti375N1156-DK/ip/sapphire_gen/sapphire_gen.v:10450)
[EFX-0201 WARNING] Re-wiring to GND non-driven net/port 'dataCache_1_io_cpu_writeBack_fence_SW' in module 'VexRiscv_6da3aa8a00f24008ad95d1e51c813f5a'. (/home/steve/video_streaming_10g_demo_v1.4.1_2026.1/fpga/Ti375N1156-DK/ip/sapphire_gen/sapphire_gen.v:10463)
[EFX-0201 WARNING] Re-wiring to GND non-driven net/port 'dataCache_1_io_cpu_writeBack_fence_SR' in module 'VexRiscv_6da3aa8a00f24008ad95d1e51c813f5a'. (/home/steve/video_streaming_10g_demo_v1.4.1_2026.1/fpga/Ti375N1156-DK/ip/sapphire_gen/sapphire_gen.v:10464)
[EFX-0201 WARNING] Re-wiring to GND non-driven net/port 'dataCache_1_io_cpu_writeBack_fence_SO' in module 'VexRiscv_6da3aa8a00f24008ad95d1e51c813f5a'. (/home/steve/video_streaming_10g_demo_v1.4.1_2026.1/fpga/Ti375N1156-DK/ip/sapphire_gen/sapphire_gen.v:10465)
[EFX-0201 WARNING] Re-wiring to GND non-driven net/port 'dataCache_1_io_cpu_writeBack_fence_SI' in module 'VexRiscv_6da3aa8a00f24008ad95d1e51c813f5a'. (/home/steve/video_streaming_10g_demo_v1.4.1_2026.1/fpga/Ti375N1156-DK/ip/sapphire_gen/sapphire_gen.v:10466)
[EFX-0201 WARNING] Re-wiring to GND non-driven net/port 'dataCache_1_io_cpu_writeBack_fence_PW' in module 'VexRiscv_6da3aa8a00f24008ad95d1e51c813f5a'. (/home/steve/video_streaming_10g_demo_v1.4.1_2026.1/fpga/Ti375N1156-DK/ip/sapphire_gen/sapphire_gen.v:10467)
[EFX-0201 WARNING] Re-wiring to GND non-driven net/port 'dataCache_1_io_cpu_writeBack_fence_PR' in module 'VexRiscv_6da3aa8a00f24008ad95d1e51c813f5a'. (/home/steve/video_streaming_10g_demo_v1.4.1_2026.1/fpga/Ti375N1156-DK/ip/sapphire_gen/sapphire_gen.v:10468)
[EFX-0201 WARNING] Re-wiring to GND non-driven net/port 'dataCache_1_io_cpu_writeBack_fence_PO' in module 'VexRiscv_6da3aa8a00f24008ad95d1e51c813f5a'. (/home/steve/video_streaming_10g_demo_v1.4.1_2026.1/fpga/Ti375N1156-DK/ip/sapphire_gen/sapphire_gen.v:10469)
[EFX-0201 WARNING] Re-wiring to GND non-driven net/port 'dataCache_1_io_cpu_writeBack_fence_PI' in module 'VexRiscv_6da3aa8a00f24008ad95d1e51c813f5a'. (/home/steve/video_streaming_10g_demo_v1.4.1_2026.1/fpga/Ti375N1156-DK/ip/sapphire_gen/sapphire_gen.v:10470)
[EFX-0201 WARNING] Re-wiring to GND non-driven net/port 'dataCache_1_io_cpu_writeBack_fence_FM[3]' in module 'VexRiscv_6da3aa8a00f24008ad95d1e51c813f5a'. (/home/steve/video_streaming_10g_demo_v1.4.1_2026.1/fpga/Ti375N1156-DK/ip/sapphire_gen/sapphire_gen.v:10471)
[EFX-0657 WARNING] Mapping into logic memory block 'debounce_reg' (16 bits) (/home/steve/video_streaming_10g_demo_v1.4.1_2026.1/rtl/debounce_switch.v:47) because size is too small (<=64)
[EFX-0657 WARNING] Mapping into logic memory block 'logic_progbufX_mem' (64 bits) (/home/steve/video_streaming_10g_demo_v1.4.1_2026.1/fpga/Ti375N1156-DK/ip/sapphire_gen/sapphire_gen.v:9567) because size is too small (<=64)
[EFX-0657 WARNING] Mapping into logic memory block 'ram' (4 bits) (/home/steve/video_streaming_10g_demo_v1.4.1_2026.1/rtl/lib/common/frame_buffer_512/Axi4_2x512_1x512.v:1671) because size is too small (<=64)
[EFX-0656 WARNING] Optimizing into logic zero initialized read-only memory block 'inst_rd_address_decoder_1/inst_simple_dual_port_ram_00/ram__D$12'. (/home/steve/video_streaming_10g_demo_v1.4.1_2026.1/rtl/lib/common/simple_dual_port_ram.sv:32)
[EFX-0656 WARNING] Optimizing into logic zero initialized read-only memory block 'inst_rd_address_decoder_1/inst_simple_dual_port_ram_00/ram__D$2'. (/home/steve/video_streaming_10g_demo_v1.4.1_2026.1/rtl/lib/common/simple_dual_port_ram.sv:32)
[EFX-0656 WARNING] Optimizing into logic zero initialized read-only memory block 'inst_rd_address_decoder_1/inst_simple_dual_port_ram_00/ram__D$b12'. (/home/steve/video_streaming_10g_demo_v1.4.1_2026.1/rtl/lib/common/simple_dual_port_ram.sv:32)
[EFX-0656 WARNING] Optimizing into logic zero initialized read-only memory block 'inst_rd_address_decoder_1/inst_simple_dual_port_ram_00/ram__D$c12'. (/home/steve/video_streaming_10g_demo_v1.4.1_2026.1/rtl/lib/common/simple_dual_port_ram.sv:32)
[EFX-0656 WARNING] Optimizing into logic zero initialized read-only memory block 'inst_rd_address_decoder_1/inst_simple_dual_port_ram_00/ram__D$d12'. (/home/steve/video_streaming_10g_demo_v1.4.1_2026.1/rtl/lib/common/simple_dual_port_ram.sv:32)
[EFX-0656 WARNING] Optimizing into logic zero initialized read-only memory block 'inst_rd_address_decoder_1/inst_simple_dual_port_ram_00/ram__D$e12'. (/home/steve/video_streaming_10g_demo_v1.4.1_2026.1/rtl/lib/common/simple_dual_port_ram.sv:32)
[EFX-0656 WARNING] Optimizing into logic zero initialized read-only memory block 'inst_rd_address_decoder_1/inst_simple_dual_port_ram_00/ram__D$f12'. (/home/steve/video_streaming_10g_demo_v1.4.1_2026.1/rtl/lib/common/simple_dual_port_ram.sv:32)
[EFX-0656 WARNING] Optimizing into logic zero initialized read-only memory block 'inst_rd_address_decoder_1/inst_simple_dual_port_ram_00/ram__D$g12'. (/home/steve/video_streaming_10g_demo_v1.4.1_2026.1/rtl/lib/common/simple_dual_port_ram.sv:32)
[EFX-0656 WARNING] Optimizing into logic zero initialized read-only memory block 'inst_rd_address_decoder_1/inst_simple_dual_port_ram_00/ram__D$h12'. (/home/steve/video_streaming_10g_demo_v1.4.1_2026.1/rtl/lib/common/simple_dual_port_ram.sv:32)
[EFX-0656 WARNING] Optimizing into logic zero initialized read-only memory block 'inst_rd_address_decoder_1/inst_simple_dual_port_ram_00/ram__D$i12'. (/home/steve/video_streaming_10g_demo_v1.4.1_2026.1/rtl/lib/common/simple_dual_port_ram.sv:32)
[EFX-0656 WARNING] Optimizing into logic zero initialized read-only memory block 'inst_rd_address_decoder_1/inst_simple_dual_port_ram_00/ram__D$j12'. (/home/steve/video_streaming_10g_demo_v1.4.1_2026.1/rtl/lib/common/simple_dual_port_ram.sv:32)
[EFX-0656 WARNING] Optimizing into logic zero initialized read-only memory block 'inst_rd_address_decoder_1/inst_simple_dual_port_ram_00/ram__D$k12'. (/home/steve/video_streaming_10g_demo_v1.4.1_2026.1/rtl/lib/common/simple_dual_port_ram.sv:32)
[EFX-0656 WARNING] Optimizing into logic zero initialized read-only memory block 'inst_rd_address_decoder_1/inst_simple_dual_port_ram_00/ram__D$l12'. (/home/steve/video_streaming_10g_demo_v1.4.1_2026.1/rtl/lib/common/simple_dual_port_ram.sv:32)
[EFX-0656 WARNING] Optimizing into logic zero initialized read-only memory block 'inst_rd_address_decoder_1/inst_simple_dual_port_ram_00/ram__D$m12'. (/home/steve/video_streaming_10g_demo_v1.4.1_2026.1/rtl/lib/common/simple_dual_port_ram.sv:32)
[EFX-0656 WARNING] Optimizing into logic zero initialized read-only memory block 'inst_rd_address_decoder_1/inst_simple_dual_port_ram_00/ram__D$n12'. (/home/steve/video_streaming_10g_demo_v1.4.1_2026.1/rtl/lib/common/simple_dual_port_ram.sv:32)
[EFX-0656 WARNING] Optimizing into logic zero initialized read-only memory block 'inst_rd_address_decoder_1/inst_simple_dual_port_ram_00/ram__D$o12'. (/home/steve/video_streaming_10g_demo_v1.4.1_2026.1/rtl/lib/common/simple_dual_port_ram.sv:32)
[EFX-0656 WARNING] Optimizing into logic zero initialized read-only memory block 'inst_rd_address_decoder_1/inst_simple_dual_port_ram_00/ram__D$p12'. (/home/steve/video_streaming_10g_demo_v1.4.1_2026.1/rtl/lib/common/simple_dual_port_ram.sv:32)
[EFX-0656 WARNING] Optimizing into logic zero initialized read-only memory block 'inst_rd_address_decoder_1/inst_simple_dual_port_ram_00/ram__D$q12'. (/home/steve/video_streaming_10g_demo_v1.4.1_2026.1/rtl/lib/common/simple_dual_port_ram.sv:32)
[EFX-0656 WARNING] Optimizing into logic zero initialized read-only memory block 'inst_rd_address_decoder_1/inst_simple_dual_port_ram_00/ram__D$r12'. (/home/steve/video_streaming_10g_demo_v1.4.1_2026.1/rtl/lib/common/simple_dual_port_ram.sv:32)
[EFX-0656 WARNING] Optimizing into logic zero initialized read-only memory block 'inst_rd_address_decoder_1/inst_simple_dual_port_ram_00/ram__D$s12'. (/home/steve/video_streaming_10g_demo_v1.4.1_2026.1/rtl/lib/common/simple_dual_port_ram.sv:32)
[EFX-0656 WARNING] Optimizing into logic zero initialized read-only memory block 'inst_rd_address_decoder_1/inst_simple_dual_port_ram_00/ram__D$t12'. (/home/steve/video_streaming_10g_demo_v1.4.1_2026.1/rtl/lib/common/simple_dual_port_ram.sv:32)
[EFX-0656 WARNING] Optimizing into logic zero initialized read-only memory block 'inst_rd_address_decoder_1/inst_simple_dual_port_ram_00/ram__D$u12'. (/home/steve/video_streaming_10g_demo_v1.4.1_2026.1/rtl/lib/common/simple_dual_port_ram.sv:32)
[EFX-0656 WARNING] Optimizing into logic zero initialized read-only memory block 'inst_rd_address_decoder_1/inst_simple_dual_port_ram_00/ram__D$v12'. (/home/steve/video_streaming_10g_demo_v1.4.1_2026.1/rtl/lib/common/simple_dual_port_ram.sv:32)
[EFX-0656 WARNING] Optimizing into logic zero initialized read-only memory block 'inst_rd_address_decoder_1/inst_simple_dual_port_ram_00/ram__D$w12'. (/home/steve/video_streaming_10g_demo_v1.4.1_2026.1/rtl/lib/common/simple_dual_port_ram.sv:32)
[EFX-0656 WARNING] Optimizing into logic zero initialized read-only memory block 'inst_rd_address_decoder_1/inst_simple_dual_port_ram_00/ram__D$x12'. (/home/steve/video_streaming_10g_demo_v1.4.1_2026.1/rtl/lib/common/simple_dual_port_ram.sv:32)
[EFX-0656 WARNING] Optimizing into logic zero initialized read-only memory block 'inst_rd_address_decoder_1/inst_simple_dual_port_ram_00/ram__D$y1'. (/home/steve/video_streaming_10g_demo_v1.4.1_2026.1/rtl/lib/common/simple_dual_port_ram.sv:32)
[EFX-0656 WARNING] Optimizing into logic zero initialized read-only memory block 'inst_frame_buffer_512/inst_wr_address_decoder_1/genblk1[15].inst_pclk_to_axi_buffer/ram__D$1'. (/home/steve/video_streaming_10g_demo_v1.4.1_2026.1/rtl/lib/common/simple_dual_port_ram.sv:32)
[EFX-0656 WARNING] Optimizing into logic zero initialized read-only memory block 'inst_frame_buffer_512/inst_wr_address_decoder_1/genblk1[15].inst_pclk_to_axi_buffer/ram__D$2'. (/home/steve/video_streaming_10g_demo_v1.4.1_2026.1/rtl/lib/common/simple_dual_port_ram.sv:32)
[EFX-0656 WARNING] Optimizing into logic zero initialized read-only memory block 'inst_frame_buffer_512/inst_wr_address_decoder_1/genblk1[14].inst_pclk_to_axi_buffer/ram__D$1'. (/home/steve/video_streaming_10g_demo_v1.4.1_2026.1/rtl/lib/common/simple_dual_port_ram.sv:32)
[EFX-0656 WARNING] Optimizing into logic zero initialized read-only memory block 'inst_frame_buffer_512/inst_wr_address_decoder_1/genblk1[14].inst_pclk_to_axi_buffer/ram__D$2'. (/home/steve/video_streaming_10g_demo_v1.4.1_2026.1/rtl/lib/common/simple_dual_port_ram.sv:32)
[EFX-0656 WARNING] Optimizing into logic zero initialized read-only memory block 'inst_frame_buffer_512/inst_wr_address_decoder_1/genblk1[13].inst_pclk_to_axi_buffer/ram__D$1'. (/home/steve/video_streaming_10g_demo_v1.4.1_2026.1/rtl/lib/common/simple_dual_port_ram.sv:32)
[EFX-0656 WARNING] Optimizing into logic zero initialized read-only memory block 'inst_frame_buffer_512/inst_wr_address_decoder_1/genblk1[13].inst_pclk_to_axi_buffer/ram__D$2'. (/home/steve/video_streaming_10g_demo_v1.4.1_2026.1/rtl/lib/common/simple_dual_port_ram.sv:32)
[EFX-0656 WARNING] Optimizing into logic zero initialized read-only memory block 'inst_frame_buffer_512/inst_wr_address_decoder_1/genblk1[12].inst_pclk_to_axi_buffer/ram__D$1'. (/home/steve/video_streaming_10g_demo_v1.4.1_2026.1/rtl/lib/common/simple_dual_port_ram.sv:32)
[EFX-0656 WARNING] Optimizing into logic zero initialized read-only memory block 'inst_frame_buffer_512/inst_wr_address_decoder_1/genblk1[12].inst_pclk_to_axi_buffer/ram__D$2'. (/home/steve/video_streaming_10g_demo_v1.4.1_2026.1/rtl/lib/common/simple_dual_port_ram.sv:32)
[EFX-0656 WARNING] Optimizing into logic zero initialized read-only memory block 'inst_frame_buffer_512/inst_wr_address_decoder_1/genblk1[11].inst_pclk_to_axi_buffer/ram__D$1'. (/home/steve/video_streaming_10g_demo_v1.4.1_2026.1/rtl/lib/common/simple_dual_port_ram.sv:32)
[EFX-0656 WARNING] Optimizing into logic zero initialized read-only memory block 'inst_frame_buffer_512/inst_wr_address_decoder_1/genblk1[11].inst_pclk_to_axi_buffer/ram__D$2'. (/home/steve/video_streaming_10g_demo_v1.4.1_2026.1/rtl/lib/common/simple_dual_port_ram.sv:32)
[EFX-0656 WARNING] Optimizing into logic zero initialized read-only memory block 'inst_frame_buffer_512/inst_wr_address_decoder_1/genblk1[10].inst_pclk_to_axi_buffer/ram__D$1'. (/home/steve/video_streaming_10g_demo_v1.4.1_2026.1/rtl/lib/common/simple_dual_port_ram.sv:32)
[EFX-0656 WARNING] Optimizing into logic zero initialized read-only memory block 'inst_frame_buffer_512/inst_wr_address_decoder_1/genblk1[10].inst_pclk_to_axi_buffer/ram__D$2'. (/home/steve/video_streaming_10g_demo_v1.4.1_2026.1/rtl/lib/common/simple_dual_port_ram.sv:32)
[EFX-0656 WARNING] Optimizing into logic zero initialized read-only memory block 'inst_frame_buffer_512/inst_wr_address_decoder_1/genblk1[9].inst_pclk_to_axi_buffer/ram__D$1'. (/home/steve/video_streaming_10g_demo_v1.4.1_2026.1/rtl/lib/common/simple_dual_port_ram.sv:32)
[EFX-0656 WARNING] Optimizing into logic zero initialized read-only memory block 'inst_frame_buffer_512/inst_wr_address_decoder_1/genblk1[9].inst_pclk_to_axi_buffer/ram__D$2'. (/home/steve/video_streaming_10g_demo_v1.4.1_2026.1/rtl/lib/common/simple_dual_port_ram.sv:32)
[EFX-0656 WARNING] Optimizing into logic zero initialized read-only memory block 'inst_frame_buffer_512/inst_wr_address_decoder_1/genblk1[8].inst_pclk_to_axi_buffer/ram__D$1'. (/home/steve/video_streaming_10g_demo_v1.4.1_2026.1/rtl/lib/common/simple_dual_port_ram.sv:32)
[EFX-0656 WARNING] Optimizing into logic zero initialized read-only memory block 'inst_frame_buffer_512/inst_wr_address_decoder_1/genblk1[8].inst_pclk_to_axi_buffer/ram__D$2'. (/home/steve/video_streaming_10g_demo_v1.4.1_2026.1/rtl/lib/common/simple_dual_port_ram.sv:32)
[EFX-0656 WARNING] Optimizing into logic zero initialized read-only memory block 'inst_frame_buffer_512/inst_wr_address_decoder_1/genblk1[7].inst_pclk_to_axi_buffer/ram__D$1'. (/home/steve/video_streaming_10g_demo_v1.4.1_2026.1/rtl/lib/common/simple_dual_port_ram.sv:32)
[EFX-0656 WARNING] Optimizing into logic zero initialized read-only memory block 'inst_frame_buffer_512/inst_wr_address_decoder_1/genblk1[7].inst_pclk_to_axi_buffer/ram__D$2'. (/home/steve/video_streaming_10g_demo_v1.4.1_2026.1/rtl/lib/common/simple_dual_port_ram.sv:32)
[EFX-0656 WARNING] Optimizing into logic zero initialized read-only memory block 'inst_frame_buffer_512/inst_wr_address_decoder_1/genblk1[6].inst_pclk_to_axi_buffer/ram__D$1'. (/home/steve/video_streaming_10g_demo_v1.4.1_2026.1/rtl/lib/common/simple_dual_port_ram.sv:32)
[EFX-0656 WARNING] Optimizing into logic zero initialized read-only memory block 'inst_frame_buffer_512/inst_wr_address_decoder_1/genblk1[6].inst_pclk_to_axi_buffer/ram__D$2'. (/home/steve/video_streaming_10g_demo_v1.4.1_2026.1/rtl/lib/common/simple_dual_port_ram.sv:32)
[EFX-0656 WARNING] Optimizing into logic zero initialized read-only memory block 'inst_frame_buffer_512/inst_wr_address_decoder_1/genblk1[5].inst_pclk_to_axi_buffer/ram__D$1'. (/home/steve/video_streaming_10g_demo_v1.4.1_2026.1/rtl/lib/common/simple_dual_port_ram.sv:32)
[EFX-0656 WARNING] Optimizing into logic zero initialized read-only memory block 'inst_frame_buffer_512/inst_wr_address_decoder_1/genblk1[5].inst_pclk_to_axi_buffer/ram__D$2'. (/home/steve/video_streaming_10g_demo_v1.4.1_2026.1/rtl/lib/common/simple_dual_port_ram.sv:32)
[EFX-0656 WARNING] Optimizing into logic zero initialized read-only memory block 'inst_frame_buffer_512/inst_wr_address_decoder_1/genblk1[4].inst_pclk_to_axi_buffer/ram__D$1'. (/home/steve/video_streaming_10g_demo_v1.4.1_2026.1/rtl/lib/common/simple_dual_port_ram.sv:32)
[EFX-0656 WARNING] Optimizing into logic zero initialized read-only memory block 'inst_frame_buffer_512/inst_wr_address_decoder_1/genblk1[4].inst_pclk_to_axi_buffer/ram__D$2'. (/home/steve/video_streaming_10g_demo_v1.4.1_2026.1/rtl/lib/common/simple_dual_port_ram.sv:32)
[EFX-0656 WARNING] Optimizing into logic zero initialized read-only memory block 'inst_frame_buffer_512/inst_wr_address_decoder_1/genblk1[3].inst_pclk_to_axi_buffer/ram__D$1'. (/home/steve/video_streaming_10g_demo_v1.4.1_2026.1/rtl/lib/common/simple_dual_port_ram.sv:32)
[EFX-0656 WARNING] Optimizing into logic zero initialized read-only memory block 'inst_frame_buffer_512/inst_wr_address_decoder_1/genblk1[3].inst_pclk_to_axi_buffer/ram__D$2'. (/home/steve/video_streaming_10g_demo_v1.4.1_2026.1/rtl/lib/common/simple_dual_port_ram.sv:32)
[EFX-0656 WARNING] Optimizing into logic zero initialized read-only memory block 'inst_frame_buffer_512/inst_wr_address_decoder_1/genblk1[2].inst_pclk_to_axi_buffer/ram__D$1'. (/home/steve/video_streaming_10g_demo_v1.4.1_2026.1/rtl/lib/common/simple_dual_port_ram.sv:32)
[EFX-0656 WARNING] Optimizing into logic zero initialized read-only memory block 'inst_frame_buffer_512/inst_wr_address_decoder_1/genblk1[2].inst_pclk_to_axi_buffer/ram__D$2'. (/home/steve/video_streaming_10g_demo_v1.4.1_2026.1/rtl/lib/common/simple_dual_port_ram.sv:32)
[EFX-0656 WARNING] Optimizing into logic zero initialized read-only memory block 'inst_frame_buffer_512/inst_wr_address_decoder_1/genblk1[1].inst_pclk_to_axi_buffer/ram__D$1'. (/home/steve/video_streaming_10g_demo_v1.4.1_2026.1/rtl/lib/common/simple_dual_port_ram.sv:32)
[EFX-0656 WARNING] Optimizing into logic zero initialized read-only memory block 'inst_frame_buffer_512/inst_wr_address_decoder_1/genblk1[1].inst_pclk_to_axi_buffer/ram__D$2'. (/home/steve/video_streaming_10g_demo_v1.4.1_2026.1/rtl/lib/common/simple_dual_port_ram.sv:32)
[EFX-0656 WARNING] Optimizing into logic zero initialized read-only memory block 'inst_frame_buffer_512/inst_wr_address_decoder_1/genblk1[0].inst_pclk_to_axi_buffer/ram__D$1'. (/home/steve/video_streaming_10g_demo_v1.4.1_2026.1/rtl/lib/common/simple_dual_port_ram.sv:32)
[EFX-0656 WARNING] Optimizing into logic zero initialized read-only memory block 'inst_frame_buffer_512/inst_wr_address_decoder_1/genblk1[0].inst_pclk_to_axi_buffer/ram__D$2'. (/home/steve/video_streaming_10g_demo_v1.4.1_2026.1/rtl/lib/common/simple_dual_port_ram.sv:32)
[EFX-0657 WARNING] Mapping into logic memory block 'q1_apb_master/rom_mif' (1060 bits) (/home/steve/video_streaming_10g_demo_v1.4.1_2026.1/rtl/apb_master.sv:49) because read port is not synchronous.

///////////////////////////////////
// Efinity Synthesis Started 
// Sep 25, 2026 13:59:54
///////////////////////////////////

[EFX-0011 VERI-WARNING] port 'probe7' remains unconnected for this instance (VERI-1927) (/home/steve/video_streaming_10g_demo_v1.4.1_2026.1/fpga/Ti375N1156-DK/work_dbg/debug_top.v:138)
[EFX-0011 VERI-WARNING] input port 'probe7[0]' remains unconnected for this instance (VDB-1053) (/home/steve/video_streaming_10g_demo_v1.4.1_2026.1/fpga/Ti375N1156-DK/work_dbg/debug_top.v:110)
[EFX-0200 WARNING] Removing redundant signal : compared_in[0]. (/home/steve/video_streaming_10g_demo_v1.4.1_2026.1/fpga/Ti375N1156-DK/work_dbg/debug_top.v:5540)
[EFX-0200 WARNING] Removing redundant signal : mask_in[0]. (/home/steve/video_streaming_10g_demo_v1.4.1_2026.1/fpga/Ti375N1156-DK/work_dbg/debug_top.v:5541)
[EFX-0200 WARNING] Removing redundant signal : trigger_in. (/home/steve/video_streaming_10g_demo_v1.4.1_2026.1/fpga/Ti375N1156-DK/work_dbg/debug_top.v:5751)
[EFX-0200 WARNING] Removing redundant signal : clk. (/home/steve/video_streaming_10g_demo_v1.4.1_2026.1/fpga/Ti375N1156-DK/work_dbg/debug_top.v:4574)
[EFX-0200 WARNING] Removing redundant signal : full. (/home/steve/video_streaming_10g_demo_v1.4.1_2026.1/fpga/Ti375N1156-DK/work_dbg/debug_top.v:4628)
[EFX-0200 WARNING] Removing redundant signal : shift_i. (/home/steve/video_streaming_10g_demo_v1.4.1_2026.1/fpga/Ti375N1156-DK/work_dbg/debug_top.v:4898)
[EFX-0200 WARNING] Removing redundant signal : trig_out. (/home/steve/video_streaming_10g_demo_v1.4.1_2026.1/fpga/Ti375N1156-DK/work_dbg/debug_top.v:4915)
[EFX-0200 WARNING] Removing redundant signal : trig_out_ack. (/home/steve/video_streaming_10g_demo_v1.4.1_2026.1/fpga/Ti375N1156-DK/work_dbg/debug_top.v:4916)
[EFX-0200 WARNING] Removing redundant signal : bscan_DRCK. (/home/steve/video_streaming_10g_demo_v1.4.1_2026.1/fpga/Ti375N1156-DK/work_dbg/debug_top.v:1057)
[EFX-0200 WARNING] Removing redundant signal : bscan_RESET. (/home/steve/video_streaming_10g_demo_v1.4.1_2026.1/fpga/Ti375N1156-DK/work_dbg/debug_top.v:1058)
[EFX-0200 WARNING] Removing redundant signal : bscan_RUNTEST. (/home/steve/video_streaming_10g_demo_v1.4.1_2026.1/fpga/Ti375N1156-DK/work_dbg/debug_top.v:1059)
[EFX-0200 WARNING] Removing redundant signal : bscan_SEL. (/home/steve/video_streaming_10g_demo_v1.4.1_2026.1/fpga/Ti375N1156-DK/work_dbg/debug_top.v:1060)
[EFX-0200 WARNING] Removing redundant signal : bscan_TMS. (/home/steve/video_streaming_10g_demo_v1.4.1_2026.1/fpga/Ti375N1156-DK/work_dbg/debug_top.v:1064)
[EFX-0200 WARNING] Removing redundant signal : trig_in_ack. (/home/steve/video_streaming_10g_demo_v1.4.1_2026.1/fpga/Ti375N1156-DK/work_dbg/debug_top.v:1076)
[EFX-0200 WARNING] Removing redundant signal : mux_capture_cmp[6:0]. (/home/steve/video_streaming_10g_demo_v1.4.1_2026.1/fpga/Ti375N1156-DK/work_dbg/debug_top.v:3495)
[EFX-0200 WARNING] Removing redundant signal : bscan_CAPTURE. (/home/steve/video_streaming_10g_demo_v1.4.1_2026.1/fpga/Ti375N1156-DK/work_dbg/debug_top.v:296)
[EFX-0200 WARNING] Removing redundant signal : bscan_DRCK. (/home/steve/video_streaming_10g_demo_v1.4.1_2026.1/fpga/Ti375N1156-DK/work_dbg/debug_top.v:297)
[EFX-0200 WARNING] Removing redundant signal : bscan_RUNTEST. (/home/steve/video_streaming_10g_demo_v1.4.1_2026.1/fpga/Ti375N1156-DK/work_dbg/debug_top.v:299)
[EFX-0200 WARNING] Removing redundant signal : bscan_TMS. (/home/steve/video_streaming_10g_demo_v1.4.1_2026.1/fpga/Ti375N1156-DK/work_dbg/debug_top.v:304)
[EFX-0201 WARNING] Re-wiring to GND non-driven net/port 'probe7[0]' in module 'edb_la_top_7f1f49e4795244fab99fb246b5f3df2b(NUM_PROBES=7,DATA_DEPTH=65536,INPUT_PIPE_STAGES=1,UUID=128'b0110110000101110110101000100100011101001100111101000110001011111000101011100011101001101010110101001010011010111101001010111110,PROBE0_TYPE=1,PROBE1_TYPE=1,PROBE2_TYPE=1,PROBE3_TYPE=1,PROBE4_TYPE=1,PROBE5_TYPE=1,PROBE6_TYPE=1)'. (/home/steve/video_streaming_10g_demo_v1.4.1_2026.1/fpga/Ti375N1156-DK/work_dbg/debug_top.v:110)
[EFX-0201 WARNING] Re-wiring to GND non-driven net/port 'probe8[0]' in module 'edb_la_top_7f1f49e4795244fab99fb246b5f3df2b(NUM_PROBES=7,DATA_DEPTH=65536,INPUT_PIPE_STAGES=1,UUID=128'b0110110000101110110101000100100011101001100111101000110001011111000101011100011101001101010110101001010011010111101001010111110,PROBE0_TYPE=1,PROBE1_TYPE=1,PROBE2_TYPE=1,PROBE3_TYPE=1,PROBE4_TYPE=1,PROBE5_TYPE=1,PROBE6_TYPE=1)'. (/home/steve/video_streaming_10g_demo_v1.4.1_2026.1/fpga/Ti375N1156-DK/work_dbg/debug_top.v:110)
[EFX-0201 WARNING] Re-wiring to GND non-driven net/port 'probe9[0]' in module 'edb_la_top_7f1f49e4795244fab99fb246b5f3df2b(NUM_PROBES=7,DATA_DEPTH=65536,INPUT_PIPE_STAGES=1,UUID=128'b0110110000101110110101000100100011101001100111101000110001011111000101011100011101001101010110101001010011010111101001010111110,PROBE0_TYPE=1,PROBE1_TYPE=1,PROBE2_TYPE=1,PROBE3_TYPE=1,PROBE4_TYPE=1,PROBE5_TYPE=1,PROBE6_TYPE=1)'. (/home/steve/video_streaming_10g_demo_v1.4.1_2026.1/fpga/Ti375N1156-DK/work_dbg/debug_top.v:110)
[EFX-0201 WARNING] Re-wiring to GND non-driven net/port 'probe10[0]' in module 'edb_la_top_7f1f49e4795244fab99fb246b5f3df2b(NUM_PROBES=7,DATA_DEPTH=65536,INPUT_PIPE_STAGES=1,UUID=128'b0110110000101110110101000100100011101001100111101000110001011111000101011100011101001101010110101001010011010111101001010111110,PROBE0_TYPE=1,PROBE1_TYPE=1,PROBE2_TYPE=1,PROBE3_TYPE=1,PROBE4_TYPE=1,PROBE5_TYPE=1,PROBE6_TYPE=1)'. (/home/steve/video_streaming_10g_demo_v1.4.1_2026.1/fpga/Ti375N1156-DK/work_dbg/debug_top.v:110)
[EFX-0201 WARNING] Re-wiring to GND non-driven net/port 'probe11[0]' in module 'edb_la_top_7f1f49e4795244fab99fb246b5f3df2b(NUM_PROBES=7,DATA_DEPTH=65536,INPUT_PIPE_STAGES=1,UUID=128'b0110110000101110110101000100100011101001100111101000110001011111000101011100011101001101010110101001010011010111101001010111110,PROBE0_TYPE=1,PROBE1_TYPE=1,PROBE2_TYPE=1,PROBE3_TYPE=1,PROBE4_TYPE=1,PROBE5_TYPE=1,PROBE6_TYPE=1)'. (/home/steve/video_streaming_10g_demo_v1.4.1_2026.1/fpga/Ti375N1156-DK/work_dbg/debug_top.v:110)
[EFX-0201 WARNING] Re-wiring to GND non-driven net/port 'probe12[0]' in module 'edb_la_top_7f1f49e4795244fab99fb246b5f3df2b(NUM_PROBES=7,DATA_DEPTH=65536,INPUT_PIPE_STAGES=1,UUID=128'b0110110000101110110101000100100011101001100111101000110001011111000101011100011101001101010110101001010011010111101001010111110,PROBE0_TYPE=1,PROBE1_TYPE=1,PROBE2_TYPE=1,PROBE3_TYPE=1,PROBE4_TYPE=1,PROBE5_TYPE=1,PROBE6_TYPE=1)'. (/home/steve/video_streaming_10g_demo_v1.4.1_2026.1/fpga/Ti375N1156-DK/work_dbg/debug_top.v:110)
[EFX-0201 WARNING] Re-wiring to GND non-driven net/port 'probe13[0]' in module 'edb_la_top_7f1f49e4795244fab99fb246b5f3df2b(NUM_PROBES=7,DATA_DEPTH=65536,INPUT_PIPE_STAGES=1,UUID=128'b0110110000101110110101000100100011101001100111101000110001011111000101011100011101001101010110101001010011010111101001010111110,PROBE0_TYPE=1,PROBE1_TYPE=1,PROBE2_TYPE=1,PROBE3_TYPE=1,PROBE4_TYPE=1,PROBE5_TYPE=1,PROBE6_TYPE=1)'. (/home/steve/video_streaming_10g_demo_v1.4.1_2026.1/fpga/Ti375N1156-DK/work_dbg/debug_top.v:110)
[EFX-0201 WARNING] Re-wiring to GND non-driven net/port 'probe14[0]' in module 'edb_la_top_7f1f49e4795244fab99fb246b5f3df2b(NUM_PROBES=7,DATA_DEPTH=65536,INPUT_PIPE_STAGES=1,UUID=128'b0110110000101110110101000100100011101001100111101000110001011111000101011100011101001101010110101001010011010111101001010111110,PROBE0_TYPE=1,PROBE1_TYPE=1,PROBE2_TYPE=1,PROBE3_TYPE=1,PROBE4_TYPE=1,PROBE5_TYPE=1,PROBE6_TYPE=1)'. (/home/steve/video_streaming_10g_demo_v1.4.1_2026.1/fpga/Ti375N1156-DK/work_dbg/debug_top.v:110)
[EFX-0201 WARNING] Re-wiring to GND non-driven net/port 'probe15[0]' in module 'edb_la_top_7f1f49e4795244fab99fb246b5f3df2b(NUM_PROBES=7,DATA_DEPTH=65536,INPUT_PIPE_STAGES=1,UUID=128'b0110110000101110110101000100100011101001100111101000110001011111000101011100011101001101010110101001010011010111101001010111110,PROBE0_TYPE=1,PROBE1_TYPE=1,PROBE2_TYPE=1,PROBE3_TYPE=1,PROBE4_TYPE=1,PROBE5_TYPE=1,PROBE6_TYPE=1)'. (/home/steve/video_streaming_10g_demo_v1.4.1_2026.1/fpga/Ti375N1156-DK/work_dbg/debug_top.v:110)
[EFX-0201 WARNING] Re-wiring to GND non-driven net/port 'probe16[0]' in module 'edb_la_top_7f1f49e4795244fab99fb246b5f3df2b(NUM_PROBES=7,DATA_DEPTH=65536,INPUT_PIPE_STAGES=1,UUID=128'b0110110000101110110101000100100011101001100111101000110001011111000101011100011101001101010110101001010011010111101001010111110,PROBE0_TYPE=1,PROBE1_TYPE=1,PROBE2_TYPE=1,PROBE3_TYPE=1,PROBE4_TYPE=1,PROBE5_TYPE=1,PROBE6_TYPE=1)'. (/home/steve/video_streaming_10g_demo_v1.4.1_2026.1/fpga/Ti375N1156-DK/work_dbg/debug_top.v:110)
[EFX-0011 VERI-WARNING] Input/inout port bscan_DRCK is unconnected. Place and route may remove this unconnected port. (VDB-8003) (/home/steve/video_streaming_10g_demo_v1.4.1_2026.1/fpga/Ti375N1156-DK/work_dbg/debug_top.v:17)
[EFX-0011 VERI-WARNING] Input/inout port bscan_RUNTEST is unconnected. Place and route may remove this unconnected port. (VDB-8003) (/home/steve/video_streaming_10g_demo_v1.4.1_2026.1/fpga/Ti375N1156-DK/work_dbg/debug_top.v:19)
[EFX-0011 VERI-WARNING] Input/inout port bscan_TMS is unconnected. Place and route may remove this unconnected port. (VDB-8003) (/home/steve/video_streaming_10g_demo_v1.4.1_2026.1/fpga/Ti375N1156-DK/work_dbg/debug_top.v:24)
[EFX-0011 VERI-WARNING] Found 3 warnings in the post-synthesis netlist. 

///////////////////////////////////
// Efinity Synthesis Started 
// Sep 25, 2026 14:00:07
///////////////////////////////////

[EFX-0256 WARNING] The primary output port 'sfp0_PMA_TX_ELEC_IDLE' wire 'sfp0_PMA_TX_ELEC_IDLE' is not driven.
[EFX-0256 WARNING] The primary output port 'sfp0_ETH_EEE_ALERT_EN' wire 'sfp0_ETH_EEE_ALERT_EN' is not driven.
[EFX-0200 WARNING] Removing redundant signal : k[31:0]. (/home/steve/video_streaming_10g_demo_v1.4.1_2026.1/rtl/debounce_switch.v:56)
[EFX-0200 WARNING] Removing redundant signal : rom_read. (/home/steve/video_streaming_10g_demo_v1.4.1_2026.1/rtl/apb_master.sv:48)
[EFX-0200 WARNING] Removing redundant signal : j[31:0]. (/home/steve/video_streaming_10g_demo_v1.4.1_2026.1/rtl/apb_master.sv:212)
[EFX-0200 WARNING] Removing redundant signal : q[31:0]. (/home/steve/video_streaming_10g_demo_v1.4.1_2026.1/rtl/apb_master.sv:212)
[EFX-0200 WARNING] Removing redundant signal : PADDR[19:10]. (/home/steve/video_streaming_10g_demo_v1.4.1_2026.1/rtl/apb3_slave.sv:45)
[EFX-0200 WARNING] Removing redundant signal : PADDR[1:0]. (/home/steve/video_streaming_10g_demo_v1.4.1_2026.1/rtl/apb3_slave.sv:45)
[EFX-0200 WARNING] Removing redundant signal : byteIndex[31:0]. (/home/steve/video_streaming_10g_demo_v1.4.1_2026.1/rtl/apb3_slave.sv:69)
[EFX-0200 WARNING] Removing redundant signal : io_cpu_prefetch_isValid. (/home/steve/video_streaming_10g_demo_v1.4.1_2026.1/fpga/Ti375N1156-DK/ip/sapphire_gen/sapphire_gen.v:18748)
[EFX-0200 WARNING] Removing redundant signal : io_cpu_fetch_isRemoved. (/home/steve/video_streaming_10g_demo_v1.4.1_2026.1/fpga/Ti375N1156-DK/ip/sapphire_gen/sapphire_gen.v:18753)
[EFX-0200 WARNING] Removing redundant signal : io_cpu_decode_isValid. (/home/steve/video_streaming_10g_demo_v1.4.1_2026.1/fpga/Ti375N1156-DK/ip/sapphire_gen/sapphire_gen.v:18766)
[EFX-0200 WARNING] Removing redundant signal : io_cpu_decode_isUser. (/home/steve/video_streaming_10g_demo_v1.4.1_2026.1/fpga/Ti375N1156-DK/ip/sapphire_gen/sapphire_gen.v:18775)
[EFX-0200 WARNING] Removing redundant signal : io_cpu_prefetch_pc[31:12]. (/home/steve/video_streaming_10g_demo_v1.4.1_2026.1/fpga/Ti375N1156-DK/ip/sapphire_gen/sapphire_gen.v:18750)
[EFX-0200 WARNING] Removing redundant signal : io_cpu_prefetch_pc[1:0]. (/home/steve/video_streaming_10g_demo_v1.4.1_2026.1/fpga/Ti375N1156-DK/ip/sapphire_gen/sapphire_gen.v:18750)
[EFX-0200 WARNING] Removing redundant signal : io_cpu_fetch_pc[31:0]. (/home/steve/video_streaming_10g_demo_v1.4.1_2026.1/fpga/Ti375N1156-DK/ip/sapphire_gen/sapphire_gen.v:18754)
[EFX-0200 WARNING] Removing redundant signal : io_cpu_decode_pc[31:0]. (/home/steve/video_streaming_10g_demo_v1.4.1_2026.1/fpga/Ti375N1156-DK/ip/sapphire_gen/sapphire_gen.v:18768)
[EFX-0200 WARNING] Removing redundant signal : io_cpu_writeBack_isFiring. (/home/steve/video_streaming_10g_demo_v1.4.1_2026.1/fpga/Ti375N1156-DK/ip/sapphire_gen/sapphire_gen.v:17915)
[EFX-0200 WARNING] Removing redundant signal : io_cpu_writeBack_isUser. (/home/steve/video_streaming_10g_demo_v1.4.1_2026.1/fpga/Ti375N1156-DK/ip/sapphire_gen/sapphire_gen.v:17916)
[EFX-0200 WARNING] Removing redundant signal : io_cpu_writeBack_fence_SW. (/home/steve/video_streaming_10g_demo_v1.4.1_2026.1/fpga/Ti375N1156-DK/ip/sapphire_gen/sapphire_gen.v:17926)
[EFX-0200 WARNING] Removing redundant signal : io_cpu_writeBack_fence_SR. (/home/steve/video_streaming_10g_demo_v1.4.1_2026.1/fpga/Ti375N1156-DK/ip/sapphire_gen/sapphire_gen.v:17927)
[EFX-0200 WARNING] Removing redundant signal : io_cpu_writeBack_fence_SO. (/home/steve/video_streaming_10g_demo_v1.4.1_2026.1/fpga/Ti375N1156-DK/ip/sapphire_gen/sapphire_gen.v:17928)
[EFX-0201 WARNING] Re-wiring to GND non-driven net/port 'IBusCachedPlugin_cache_io_cpu_fetch_isRemoved' in module 'VexRiscv_6da3aa8a00f24008ad95d1e51c813f5a'. (/home/steve/video_streaming_10g_demo_v1.4.1_2026.1/fpga/Ti375N1156-DK/ip/sapphire_gen/sapphire_gen.v:10450)
[EFX-0201 WARNING] Re-wiring to GND non-driven net/port 'dataCache_1_io_cpu_writeBack_fence_SW' in module 'VexRiscv_6da3aa8a00f24008ad95d1e51c813f5a'. (/home/steve/video_streaming_10g_demo_v1.4.1_2026.1/fpga/Ti375N1156-DK/ip/sapphire_gen/sapphire_gen.v:10463)
[EFX-0201 WARNING] Re-wiring to GND non-driven net/port 'dataCache_1_io_cpu_writeBack_fence_SR' in module 'VexRiscv_6da3aa8a00f24008ad95d1e51c813f5a'. (/home/steve/video_streaming_10g_demo_v1.4.1_2026.1/fpga/Ti375N1156-DK/ip/sapphire_gen/sapphire_gen.v:10464)
[EFX-0201 WARNING] Re-wiring to GND non-driven net/port 'dataCache_1_io_cpu_writeBack_fence_SO' in module 'VexRiscv_6da3aa8a00f24008ad95d1e51c813f5a'. (/home/steve/video_streaming_10g_demo_v1.4.1_2026.1/fpga/Ti375N1156-DK/ip/sapphire_gen/sapphire_gen.v:10465)
[EFX-0201 WARNING] Re-wiring to GND non-driven net/port 'dataCache_1_io_cpu_writeBack_fence_SI' in module 'VexRiscv_6da3aa8a00f24008ad95d1e51c813f5a'. (/home/steve/video_streaming_10g_demo_v1.4.1_2026.1/fpga/Ti375N1156-DK/ip/sapphire_gen/sapphire_gen.v:10466)
[EFX-0201 WARNING] Re-wiring to GND non-driven net/port 'dataCache_1_io_cpu_writeBack_fence_PW' in module 'VexRiscv_6da3aa8a00f24008ad95d1e51c813f5a'. (/home/steve/video_streaming_10g_demo_v1.4.1_2026.1/fpga/Ti375N1156-DK/ip/sapphire_gen/sapphire_gen.v:10467)
[EFX-0201 WARNING] Re-wiring to GND non-driven net/port 'dataCache_1_io_cpu_writeBack_fence_PR' in module 'VexRiscv_6da3aa8a00f24008ad95d1e51c813f5a'. (/home/steve/video_streaming_10g_demo_v1.4.1_2026.1/fpga/Ti375N1156-DK/ip/sapphire_gen/sapphire_gen.v:10468)
[EFX-0201 WARNING] Re-wiring to GND non-driven net/port 'dataCache_1_io_cpu_writeBack_fence_PO' in module 'VexRiscv_6da3aa8a00f24008ad95d1e51c813f5a'. (/home/steve/video_streaming_10g_demo_v1.4.1_2026.1/fpga/Ti375N1156-DK/ip/sapphire_gen/sapphire_gen.v:10469)
[EFX-0201 WARNING] Re-wiring to GND non-driven net/port 'dataCache_1_io_cpu_writeBack_fence_PI' in module 'VexRiscv_6da3aa8a00f24008ad95d1e51c813f5a'. (/home/steve/video_streaming_10g_demo_v1.4.1_2026.1/fpga/Ti375N1156-DK/ip/sapphire_gen/sapphire_gen.v:10470)
[EFX-0201 WARNING] Re-wiring to GND non-driven net/port 'dataCache_1_io_cpu_writeBack_fence_FM[3]' in module 'VexRiscv_6da3aa8a00f24008ad95d1e51c813f5a'. (/home/steve/video_streaming_10g_demo_v1.4.1_2026.1/fpga/Ti375N1156-DK/ip/sapphire_gen/sapphire_gen.v:10471)
[EFX-0657 WARNING] Mapping into logic memory block 'debounce_reg' (16 bits) (/home/steve/video_streaming_10g_demo_v1.4.1_2026.1/rtl/debounce_switch.v:47) because size is too small (<=64)
[EFX-0657 WARNING] Mapping into logic memory block 'logic_progbufX_mem' (64 bits) (/home/steve/video_streaming_10g_demo_v1.4.1_2026.1/fpga/Ti375N1156-DK/ip/sapphire_gen/sapphire_gen.v:9567) because size is too small (<=64)
[EFX-0657 WARNING] Mapping into logic memory block 'ram' (4 bits) (/home/steve/video_streaming_10g_demo_v1.4.1_2026.1/rtl/lib/common/frame_buffer_512/Axi4_2x512_1x512.v:1671) because size is too small (<=64)
[EFX-0656 WARNING] Optimizing into logic zero initialized read-only memory block 'inst_rd_address_decoder_1/inst_simple_dual_port_ram_00/ram__D$12'. (/home/steve/video_streaming_10g_demo_v1.4.1_2026.1/rtl/lib/common/simple_dual_port_ram.sv:32)
[EFX-0656 WARNING] Optimizing into logic zero initialized read-only memory block 'inst_rd_address_decoder_1/inst_simple_dual_port_ram_00/ram__D$2'. (/home/steve/video_streaming_10g_demo_v1.4.1_2026.1/rtl/lib/common/simple_dual_port_ram.sv:32)
[EFX-0656 WARNING] Optimizing into logic zero initialized read-only memory block 'inst_rd_address_decoder_1/inst_simple_dual_port_ram_00/ram__D$b12'. (/home/steve/video_streaming_10g_demo_v1.4.1_2026.1/rtl/lib/common/simple_dual_port_ram.sv:32)
[EFX-0656 WARNING] Optimizing into logic zero initialized read-only memory block 'inst_rd_address_decoder_1/inst_simple_dual_port_ram_00/ram__D$c12'. (/home/steve/video_streaming_10g_demo_v1.4.1_2026.1/rtl/lib/common/simple_dual_port_ram.sv:32)
[EFX-0656 WARNING] Optimizing into logic zero initialized read-only memory block 'inst_rd_address_decoder_1/inst_simple_dual_port_ram_00/ram__D$d12'. (/home/steve/video_streaming_10g_demo_v1.4.1_2026.1/rtl/lib/common/simple_dual_port_ram.sv:32)
[EFX-0656 WARNING] Optimizing into logic zero initialized read-only memory block 'inst_rd_address_decoder_1/inst_simple_dual_port_ram_00/ram__D$e12'. (/home/steve/video_streaming_10g_demo_v1.4.1_2026.1/rtl/lib/common/simple_dual_port_ram.sv:32)
[EFX-0656 WARNING] Optimizing into logic zero initialized read-only memory block 'inst_rd_address_decoder_1/inst_simple_dual_port_ram_00/ram__D$f12'. (/home/steve/video_streaming_10g_demo_v1.4.1_2026.1/rtl/lib/common/simple_dual_port_ram.sv:32)
[EFX-0656 WARNING] Optimizing into logic zero initialized read-only memory block 'inst_rd_address_decoder_1/inst_simple_dual_port_ram_00/ram__D$g12'. (/home/steve/video_streaming_10g_demo_v1.4.1_2026.1/rtl/lib/common/simple_dual_port_ram.sv:32)
[EFX-0656 WARNING] Optimizing into logic zero initialized read-only memory block 'inst_rd_address_decoder_1/inst_simple_dual_port_ram_00/ram__D$h12'. (/home/steve/video_streaming_10g_demo_v1.4.1_2026.1/rtl/lib/common/simple_dual_port_ram.sv:32)
[EFX-0656 WARNING] Optimizing into logic zero initialized read-only memory block 'inst_rd_address_decoder_1/inst_simple_dual_port_ram_00/ram__D$i12'. (/home/steve/video_streaming_10g_demo_v1.4.1_2026.1/rtl/lib/common/simple_dual_port_ram.sv:32)
[EFX-0656 WARNING] Optimizing into logic zero initialized read-only memory block 'inst_rd_address_decoder_1/inst_simple_dual_port_ram_00/ram__D$j12'. (/home/steve/video_streaming_10g_demo_v1.4.1_2026.1/rtl/lib/common/simple_dual_port_ram.sv:32)
[EFX-0656 WARNING] Optimizing into logic zero initialized read-only memory block 'inst_rd_address_decoder_1/inst_simple_dual_port_ram_00/ram__D$k12'. (/home/steve/video_streaming_10g_demo_v1.4.1_2026.1/rtl/lib/common/simple_dual_port_ram.sv:32)
[EFX-0656 WARNING] Optimizing into logic zero initialized read-only memory block 'inst_rd_address_decoder_1/inst_simple_dual_port_ram_00/ram__D$l12'. (/home/steve/video_streaming_10g_demo_v1.4.1_2026.1/rtl/lib/common/simple_dual_port_ram.sv:32)
[EFX-0656 WARNING] Optimizing into logic zero initialized read-only memory block 'inst_rd_address_decoder_1/inst_simple_dual_port_ram_00/ram__D$m12'. (/home/steve/video_streaming_10g_demo_v1.4.1_2026.1/rtl/lib/common/simple_dual_port_ram.sv:32)
[EFX-0656 WARNING] Optimizing into logic zero initialized read-only memory block 'inst_rd_address_decoder_1/inst_simple_dual_port_ram_00/ram__D$n12'. (/home/steve/video_streaming_10g_demo_v1.4.1_2026.1/rtl/lib/common/simple_dual_port_ram.sv:32)
[EFX-0656 WARNING] Optimizing into logic zero initialized read-only memory block 'inst_rd_address_decoder_1/inst_simple_dual_port_ram_00/ram__D$o12'. (/home/steve/video_streaming_10g_demo_v1.4.1_2026.1/rtl/lib/common/simple_dual_port_ram.sv:32)
[EFX-0656 WARNING] Optimizing into logic zero initialized read-only memory block 'inst_rd_address_decoder_1/inst_simple_dual_port_ram_00/ram__D$p12'. (/home/steve/video_streaming_10g_demo_v1.4.1_2026.1/rtl/lib/common/simple_dual_port_ram.sv:32)
[EFX-0656 WARNING] Optimizing into logic zero initialized read-only memory block 'inst_rd_address_decoder_1/inst_simple_dual_port_ram_00/ram__D$q12'. (/home/steve/video_streaming_10g_demo_v1.4.1_2026.1/rtl/lib/common/simple_dual_port_ram.sv:32)
[EFX-0656 WARNING] Optimizing into logic zero initialized read-only memory block 'inst_rd_address_decoder_1/inst_simple_dual_port_ram_00/ram__D$r12'. (/home/steve/video_streaming_10g_demo_v1.4.1_2026.1/rtl/lib/common/simple_dual_port_ram.sv:32)
[EFX-0656 WARNING] Optimizing into logic zero initialized read-only memory block 'inst_rd_address_decoder_1/inst_simple_dual_port_ram_00/ram__D$s12'. (/home/steve/video_streaming_10g_demo_v1.4.1_2026.1/rtl/lib/common/simple_dual_port_ram.sv:32)
[EFX-0656 WARNING] Optimizing into logic zero initialized read-only memory block 'inst_rd_address_decoder_1/inst_simple_dual_port_ram_00/ram__D$t12'. (/home/steve/video_streaming_10g_demo_v1.4.1_2026.1/rtl/lib/common/simple_dual_port_ram.sv:32)
[EFX-0656 WARNING] Optimizing into logic zero initialized read-only memory block 'inst_rd_address_decoder_1/inst_simple_dual_port_ram_00/ram__D$u12'. (/home/steve/video_streaming_10g_demo_v1.4.1_2026.1/rtl/lib/common/simple_dual_port_ram.sv:32)
[EFX-0656 WARNING] Optimizing into logic zero initialized read-only memory block 'inst_rd_address_decoder_1/inst_simple_dual_port_ram_00/ram__D$v12'. (/home/steve/video_streaming_10g_demo_v1.4.1_2026.1/rtl/lib/common/simple_dual_port_ram.sv:32)
[EFX-0656 WARNING] Optimizing into logic zero initialized read-only memory block 'inst_rd_address_decoder_1/inst_simple_dual_port_ram_00/ram__D$w12'. (/home/steve/video_streaming_10g_demo_v1.4.1_2026.1/rtl/lib/common/simple_dual_port_ram.sv:32)
[EFX-0656 WARNING] Optimizing into logic zero initialized read-only memory block 'inst_rd_address_decoder_1/inst_simple_dual_port_ram_00/ram__D$x12'. (/home/steve/video_streaming_10g_demo_v1.4.1_2026.1/rtl/lib/common/simple_dual_port_ram.sv:32)
[EFX-0656 WARNING] Optimizing into logic zero initialized read-only memory block 'inst_rd_address_decoder_1/inst_simple_dual_port_ram_00/ram__D$y1'. (/home/steve/video_streaming_10g_demo_v1.4.1_2026.1/rtl/lib/common/simple_dual_port_ram.sv:32)
[EFX-0656 WARNING] Optimizing into logic zero initialized read-only memory block 'inst_frame_buffer_512/inst_wr_address_decoder_1/genblk1[15].inst_pclk_to_axi_buffer/ram__D$1'. (/home/steve/video_streaming_10g_demo_v1.4.1_2026.1/rtl/lib/common/simple_dual_port_ram.sv:32)
[EFX-0656 WARNING] Optimizing into logic zero initialized read-only memory block 'inst_frame_buffer_512/inst_wr_address_decoder_1/genblk1[15].inst_pclk_to_axi_buffer/ram__D$2'. (/home/steve/video_streaming_10g_demo_v1.4.1_2026.1/rtl/lib/common/simple_dual_port_ram.sv:32)
[EFX-0656 WARNING] Optimizing into logic zero initialized read-only memory block 'inst_frame_buffer_512/inst_wr_address_decoder_1/genblk1[14].inst_pclk_to_axi_buffer/ram__D$1'. (/home/steve/video_streaming_10g_demo_v1.4.1_2026.1/rtl/lib/common/simple_dual_port_ram.sv:32)
[EFX-0656 WARNING] Optimizing into logic zero initialized read-only memory block 'inst_frame_buffer_512/inst_wr_address_decoder_1/genblk1[14].inst_pclk_to_axi_buffer/ram__D$2'. (/home/steve/video_streaming_10g_demo_v1.4.1_2026.1/rtl/lib/common/simple_dual_port_ram.sv:32)
[EFX-0656 WARNING] Optimizing into logic zero initialized read-only memory block 'inst_frame_buffer_512/inst_wr_address_decoder_1/genblk1[13].inst_pclk_to_axi_buffer/ram__D$1'. (/home/steve/video_streaming_10g_demo_v1.4.1_2026.1/rtl/lib/common/simple_dual_port_ram.sv:32)
[EFX-0656 WARNING] Optimizing into logic zero initialized read-only memory block 'inst_frame_buffer_512/inst_wr_address_decoder_1/genblk1[13].inst_pclk_to_axi_buffer/ram__D$2'. (/home/steve/video_streaming_10g_demo_v1.4.1_2026.1/rtl/lib/common/simple_dual_port_ram.sv:32)
[EFX-0656 WARNING] Optimizing into logic zero initialized read-only memory block 'inst_frame_buffer_512/inst_wr_address_decoder_1/genblk1[12].inst_pclk_to_axi_buffer/ram__D$1'. (/home/steve/video_streaming_10g_demo_v1.4.1_2026.1/rtl/lib/common/simple_dual_port_ram.sv:32)
[EFX-0656 WARNING] Optimizing into logic zero initialized read-only memory block 'inst_frame_buffer_512/inst_wr_address_decoder_1/genblk1[12].inst_pclk_to_axi_buffer/ram__D$2'. (/home/steve/video_streaming_10g_demo_v1.4.1_2026.1/rtl/lib/common/simple_dual_port_ram.sv:32)
[EFX-0656 WARNING] Optimizing into logic zero initialized read-only memory block 'inst_frame_buffer_512/inst_wr_address_decoder_1/genblk1[11].inst_pclk_to_axi_buffer/ram__D$1'. (/home/steve/video_streaming_10g_demo_v1.4.1_2026.1/rtl/lib/common/simple_dual_port_ram.sv:32)
[EFX-0656 WARNING] Optimizing into logic zero initialized read-only memory block 'inst_frame_buffer_512/inst_wr_address_decoder_1/genblk1[11].inst_pclk_to_axi_buffer/ram__D$2'. (/home/steve/video_streaming_10g_demo_v1.4.1_2026.1/rtl/lib/common/simple_dual_port_ram.sv:32)
[EFX-0656 WARNING] Optimizing into logic zero initialized read-only memory block 'inst_frame_buffer_512/inst_wr_address_decoder_1/genblk1[10].inst_pclk_to_axi_buffer/ram__D$1'. (/home/steve/video_streaming_10g_demo_v1.4.1_2026.1/rtl/lib/common/simple_dual_port_ram.sv:32)
[EFX-0656 WARNING] Optimizing into logic zero initialized read-only memory block 'inst_frame_buffer_512/inst_wr_address_decoder_1/genblk1[10].inst_pclk_to_axi_buffer/ram__D$2'. (/home/steve/video_streaming_10g_demo_v1.4.1_2026.1/rtl/lib/common/simple_dual_port_ram.sv:32)
[EFX-0656 WARNING] Optimizing into logic zero initialized read-only memory block 'inst_frame_buffer_512/inst_wr_address_decoder_1/genblk1[9].inst_pclk_to_axi_buffer/ram__D$1'. (/home/steve/video_streaming_10g_demo_v1.4.1_2026.1/rtl/lib/common/simple_dual_port_ram.sv:32)
[EFX-0656 WARNING] Optimizing into logic zero initialized read-only memory block 'inst_frame_buffer_512/inst_wr_address_decoder_1/genblk1[9].inst_pclk_to_axi_buffer/ram__D$2'. (/home/steve/video_streaming_10g_demo_v1.4.1_2026.1/rtl/lib/common/simple_dual_port_ram.sv:32)
[EFX-0656 WARNING] Optimizing into logic zero initialized read-only memory block 'inst_frame_buffer_512/inst_wr_address_decoder_1/genblk1[8].inst_pclk_to_axi_buffer/ram__D$1'. (/home/steve/video_streaming_10g_demo_v1.4.1_2026.1/rtl/lib/common/simple_dual_port_ram.sv:32)
[EFX-0656 WARNING] Optimizing into logic zero initialized read-only memory block 'inst_frame_buffer_512/inst_wr_address_decoder_1/genblk1[8].inst_pclk_to_axi_buffer/ram__D$2'. (/home/steve/video_streaming_10g_demo_v1.4.1_2026.1/rtl/lib/common/simple_dual_port_ram.sv:32)
[EFX-0656 WARNING] Optimizing into logic zero initialized read-only memory block 'inst_frame_buffer_512/inst_wr_address_decoder_1/genblk1[7].inst_pclk_to_axi_buffer/ram__D$1'. (/home/steve/video_streaming_10g_demo_v1.4.1_2026.1/rtl/lib/common/simple_dual_port_ram.sv:32)
[EFX-0656 WARNING] Optimizing into logic zero initialized read-only memory block 'inst_frame_buffer_512/inst_wr_address_decoder_1/genblk1[7].inst_pclk_to_axi_buffer/ram__D$2'. (/home/steve/video_streaming_10g_demo_v1.4.1_2026.1/rtl/lib/common/simple_dual_port_ram.sv:32)
[EFX-0656 WARNING] Optimizing into logic zero initialized read-only memory block 'inst_frame_buffer_512/inst_wr_address_decoder_1/genblk1[6].inst_pclk_to_axi_buffer/ram__D$1'. (/home/steve/video_streaming_10g_demo_v1.4.1_2026.1/rtl/lib/common/simple_dual_port_ram.sv:32)
[EFX-0656 WARNING] Optimizing into logic zero initialized read-only memory block 'inst_frame_buffer_512/inst_wr_address_decoder_1/genblk1[6].inst_pclk_to_axi_buffer/ram__D$2'. (/home/steve/video_streaming_10g_demo_v1.4.1_2026.1/rtl/lib/common/simple_dual_port_ram.sv:32)
[EFX-0656 WARNING] Optimizing into logic zero initialized read-only memory block 'inst_frame_buffer_512/inst_wr_address_decoder_1/genblk1[5].inst_pclk_to_axi_buffer/ram__D$1'. (/home/steve/video_streaming_10g_demo_v1.4.1_2026.1/rtl/lib/common/simple_dual_port_ram.sv:32)
[EFX-0656 WARNING] Optimizing into logic zero initialized read-only memory block 'inst_frame_buffer_512/inst_wr_address_decoder_1/genblk1[5].inst_pclk_to_axi_buffer/ram__D$2'. (/home/steve/video_streaming_10g_demo_v1.4.1_2026.1/rtl/lib/common/simple_dual_port_ram.sv:32)
[EFX-0656 WARNING] Optimizing into logic zero initialized read-only memory block 'inst_frame_buffer_512/inst_wr_address_decoder_1/genblk1[4].inst_pclk_to_axi_buffer/ram__D$1'. (/home/steve/video_streaming_10g_demo_v1.4.1_2026.1/rtl/lib/common/simple_dual_port_ram.sv:32)
[EFX-0656 WARNING] Optimizing into logic zero initialized read-only memory block 'inst_frame_buffer_512/inst_wr_address_decoder_1/genblk1[4].inst_pclk_to_axi_buffer/ram__D$2'. (/home/steve/video_streaming_10g_demo_v1.4.1_2026.1/rtl/lib/common/simple_dual_port_ram.sv:32)
[EFX-0656 WARNING] Optimizing into logic zero initialized read-only memory block 'inst_frame_buffer_512/inst_wr_address_decoder_1/genblk1[3].inst_pclk_to_axi_buffer/ram__D$1'. (/home/steve/video_streaming_10g_demo_v1.4.1_2026.1/rtl/lib/common/simple_dual_port_ram.sv:32)
[EFX-0656 WARNING] Optimizing into logic zero initialized read-only memory block 'inst_frame_buffer_512/inst_wr_address_decoder_1/genblk1[3].inst_pclk_to_axi_buffer/ram__D$2'. (/home/steve/video_streaming_10g_demo_v1.4.1_2026.1/rtl/lib/common/simple_dual_port_ram.sv:32)
[EFX-0656 WARNING] Optimizing into logic zero initialized read-only memory block 'inst_frame_buffer_512/inst_wr_address_decoder_1/genblk1[2].inst_pclk_to_axi_buffer/ram__D$1'. (/home/steve/video_streaming_10g_demo_v1.4.1_2026.1/rtl/lib/common/simple_dual_port_ram.sv:32)
[EFX-0656 WARNING] Optimizing into logic zero initialized read-only memory block 'inst_frame_buffer_512/inst_wr_address_decoder_1/genblk1[2].inst_pclk_to_axi_buffer/ram__D$2'. (/home/steve/video_streaming_10g_demo_v1.4.1_2026.1/rtl/lib/common/simple_dual_port_ram.sv:32)
[EFX-0656 WARNING] Optimizing into logic zero initialized read-only memory block 'inst_frame_buffer_512/inst_wr_address_decoder_1/genblk1[1].inst_pclk_to_axi_buffer/ram__D$1'. (/home/steve/video_streaming_10g_demo_v1.4.1_2026.1/rtl/lib/common/simple_dual_port_ram.sv:32)
[EFX-0656 WARNING] Optimizing into logic zero initialized read-only memory block 'inst_frame_buffer_512/inst_wr_address_decoder_1/genblk1[1].inst_pclk_to_axi_buffer/ram__D$2'. (/home/steve/video_streaming_10g_demo_v1.4.1_2026.1/rtl/lib/common/simple_dual_port_ram.sv:32)
[EFX-0656 WARNING] Optimizing into logic zero initialized read-only memory block 'inst_frame_buffer_512/inst_wr_address_decoder_1/genblk1[0].inst_pclk_to_axi_buffer/ram__D$1'. (/home/steve/video_streaming_10g_demo_v1.4.1_2026.1/rtl/lib/common/simple_dual_port_ram.sv:32)
[EFX-0656 WARNING] Optimizing into logic zero initialized read-only memory block 'inst_frame_buffer_512/inst_wr_address_decoder_1/genblk1[0].inst_pclk_to_axi_buffer/ram__D$2'. (/home/steve/video_streaming_10g_demo_v1.4.1_2026.1/rtl/lib/common/simple_dual_port_ram.sv:32)
[EFX-0657 WARNING] Mapping into logic memory block 'q1_apb_master/rom_mif' (1060 bits) (/home/steve/video_streaming_10g_demo_v1.4.1_2026.1/rtl/apb_master.sv:49) because read port is not synchronous.

///////////////////////////////////
// Efinity Synthesis Started 
// Sep 26, 2026 12:37:09
///////////////////////////////////

[EFX-0011 VERI-WARNING] port 'probe7' remains unconnected for this instance (VERI-1927) (/home/steve/video_streaming_10g_demo_v1.4.1_2026.1/fpga/Ti375N1156-DK/work_dbg/debug_top.v:138)
[EFX-0011 VERI-WARNING] input port 'probe7[0]' remains unconnected for this instance (VDB-1053) (/home/steve/video_streaming_10g_demo_v1.4.1_2026.1/fpga/Ti375N1156-DK/work_dbg/debug_top.v:110)
[EFX-0200 WARNING] Removing redundant signal : compared_in[0]. (/home/steve/video_streaming_10g_demo_v1.4.1_2026.1/fpga/Ti375N1156-DK/work_dbg/debug_top.v:5540)
[EFX-0200 WARNING] Removing redundant signal : mask_in[0]. (/home/steve/video_streaming_10g_demo_v1.4.1_2026.1/fpga/Ti375N1156-DK/work_dbg/debug_top.v:5541)
[EFX-0200 WARNING] Removing redundant signal : trigger_in. (/home/steve/video_streaming_10g_demo_v1.4.1_2026.1/fpga/Ti375N1156-DK/work_dbg/debug_top.v:5751)
[EFX-0200 WARNING] Removing redundant signal : clk. (/home/steve/video_streaming_10g_demo_v1.4.1_2026.1/fpga/Ti375N1156-DK/work_dbg/debug_top.v:4574)
[EFX-0200 WARNING] Removing redundant signal : full. (/home/steve/video_streaming_10g_demo_v1.4.1_2026.1/fpga/Ti375N1156-DK/work_dbg/debug_top.v:4628)
[EFX-0200 WARNING] Removing redundant signal : shift_i. (/home/steve/video_streaming_10g_demo_v1.4.1_2026.1/fpga/Ti375N1156-DK/work_dbg/debug_top.v:4898)
[EFX-0200 WARNING] Removing redundant signal : trig_out. (/home/steve/video_streaming_10g_demo_v1.4.1_2026.1/fpga/Ti375N1156-DK/work_dbg/debug_top.v:4915)
[EFX-0200 WARNING] Removing redundant signal : trig_out_ack. (/home/steve/video_streaming_10g_demo_v1.4.1_2026.1/fpga/Ti375N1156-DK/work_dbg/debug_top.v:4916)
[EFX-0200 WARNING] Removing redundant signal : bscan_DRCK. (/home/steve/video_streaming_10g_demo_v1.4.1_2026.1/fpga/Ti375N1156-DK/work_dbg/debug_top.v:1057)
[EFX-0200 WARNING] Removing redundant signal : bscan_RESET. (/home/steve/video_streaming_10g_demo_v1.4.1_2026.1/fpga/Ti375N1156-DK/work_dbg/debug_top.v:1058)
[EFX-0200 WARNING] Removing redundant signal : bscan_RUNTEST. (/home/steve/video_streaming_10g_demo_v1.4.1_2026.1/fpga/Ti375N1156-DK/work_dbg/debug_top.v:1059)
[EFX-0200 WARNING] Removing redundant signal : bscan_SEL. (/home/steve/video_streaming_10g_demo_v1.4.1_2026.1/fpga/Ti375N1156-DK/work_dbg/debug_top.v:1060)
[EFX-0200 WARNING] Removing redundant signal : bscan_TMS. (/home/steve/video_streaming_10g_demo_v1.4.1_2026.1/fpga/Ti375N1156-DK/work_dbg/debug_top.v:1064)
[EFX-0200 WARNING] Removing redundant signal : trig_in_ack. (/home/steve/video_streaming_10g_demo_v1.4.1_2026.1/fpga/Ti375N1156-DK/work_dbg/debug_top.v:1076)
[EFX-0200 WARNING] Removing redundant signal : mux_capture_cmp[6:0]. (/home/steve/video_streaming_10g_demo_v1.4.1_2026.1/fpga/Ti375N1156-DK/work_dbg/debug_top.v:3495)
[EFX-0200 WARNING] Removing redundant signal : bscan_CAPTURE. (/home/steve/video_streaming_10g_demo_v1.4.1_2026.1/fpga/Ti375N1156-DK/work_dbg/debug_top.v:296)
[EFX-0200 WARNING] Removing redundant signal : bscan_DRCK. (/home/steve/video_streaming_10g_demo_v1.4.1_2026.1/fpga/Ti375N1156-DK/work_dbg/debug_top.v:297)
[EFX-0200 WARNING] Removing redundant signal : bscan_RUNTEST. (/home/steve/video_streaming_10g_demo_v1.4.1_2026.1/fpga/Ti375N1156-DK/work_dbg/debug_top.v:299)
[EFX-0200 WARNING] Removing redundant signal : bscan_TMS. (/home/steve/video_streaming_10g_demo_v1.4.1_2026.1/fpga/Ti375N1156-DK/work_dbg/debug_top.v:304)
[EFX-0201 WARNING] Re-wiring to GND non-driven net/port 'probe7[0]' in module 'edb_la_top_7f1f49e4795244fab99fb246b5f3df2b(NUM_PROBES=7,DATA_DEPTH=65536,INPUT_PIPE_STAGES=1,UUID=128'b0110110000101110110101000100100011101001100111101000110001011111000101011100011101001101010110101001010011010111101001010111110,PROBE0_TYPE=1,PROBE1_TYPE=1,PROBE2_TYPE=1,PROBE3_TYPE=1,PROBE4_TYPE=1,PROBE5_TYPE=1,PROBE6_TYPE=1)'. (/home/steve/video_streaming_10g_demo_v1.4.1_2026.1/fpga/Ti375N1156-DK/work_dbg/debug_top.v:110)
[EFX-0201 WARNING] Re-wiring to GND non-driven net/port 'probe8[0]' in module 'edb_la_top_7f1f49e4795244fab99fb246b5f3df2b(NUM_PROBES=7,DATA_DEPTH=65536,INPUT_PIPE_STAGES=1,UUID=128'b0110110000101110110101000100100011101001100111101000110001011111000101011100011101001101010110101001010011010111101001010111110,PROBE0_TYPE=1,PROBE1_TYPE=1,PROBE2_TYPE=1,PROBE3_TYPE=1,PROBE4_TYPE=1,PROBE5_TYPE=1,PROBE6_TYPE=1)'. (/home/steve/video_streaming_10g_demo_v1.4.1_2026.1/fpga/Ti375N1156-DK/work_dbg/debug_top.v:110)
[EFX-0201 WARNING] Re-wiring to GND non-driven net/port 'probe9[0]' in module 'edb_la_top_7f1f49e4795244fab99fb246b5f3df2b(NUM_PROBES=7,DATA_DEPTH=65536,INPUT_PIPE_STAGES=1,UUID=128'b0110110000101110110101000100100011101001100111101000110001011111000101011100011101001101010110101001010011010111101001010111110,PROBE0_TYPE=1,PROBE1_TYPE=1,PROBE2_TYPE=1,PROBE3_TYPE=1,PROBE4_TYPE=1,PROBE5_TYPE=1,PROBE6_TYPE=1)'. (/home/steve/video_streaming_10g_demo_v1.4.1_2026.1/fpga/Ti375N1156-DK/work_dbg/debug_top.v:110)
[EFX-0201 WARNING] Re-wiring to GND non-driven net/port 'probe10[0]' in module 'edb_la_top_7f1f49e4795244fab99fb246b5f3df2b(NUM_PROBES=7,DATA_DEPTH=65536,INPUT_PIPE_STAGES=1,UUID=128'b0110110000101110110101000100100011101001100111101000110001011111000101011100011101001101010110101001010011010111101001010111110,PROBE0_TYPE=1,PROBE1_TYPE=1,PROBE2_TYPE=1,PROBE3_TYPE=1,PROBE4_TYPE=1,PROBE5_TYPE=1,PROBE6_TYPE=1)'. (/home/steve/video_streaming_10g_demo_v1.4.1_2026.1/fpga/Ti375N1156-DK/work_dbg/debug_top.v:110)
[EFX-0201 WARNING] Re-wiring to GND non-driven net/port 'probe11[0]' in module 'edb_la_top_7f1f49e4795244fab99fb246b5f3df2b(NUM_PROBES=7,DATA_DEPTH=65536,INPUT_PIPE_STAGES=1,UUID=128'b0110110000101110110101000100100011101001100111101000110001011111000101011100011101001101010110101001010011010111101001010111110,PROBE0_TYPE=1,PROBE1_TYPE=1,PROBE2_TYPE=1,PROBE3_TYPE=1,PROBE4_TYPE=1,PROBE5_TYPE=1,PROBE6_TYPE=1)'. (/home/steve/video_streaming_10g_demo_v1.4.1_2026.1/fpga/Ti375N1156-DK/work_dbg/debug_top.v:110)
[EFX-0201 WARNING] Re-wiring to GND non-driven net/port 'probe12[0]' in module 'edb_la_top_7f1f49e4795244fab99fb246b5f3df2b(NUM_PROBES=7,DATA_DEPTH=65536,INPUT_PIPE_STAGES=1,UUID=128'b0110110000101110110101000100100011101001100111101000110001011111000101011100011101001101010110101001010011010111101001010111110,PROBE0_TYPE=1,PROBE1_TYPE=1,PROBE2_TYPE=1,PROBE3_TYPE=1,PROBE4_TYPE=1,PROBE5_TYPE=1,PROBE6_TYPE=1)'. (/home/steve/video_streaming_10g_demo_v1.4.1_2026.1/fpga/Ti375N1156-DK/work_dbg/debug_top.v:110)
[EFX-0201 WARNING] Re-wiring to GND non-driven net/port 'probe13[0]' in module 'edb_la_top_7f1f49e4795244fab99fb246b5f3df2b(NUM_PROBES=7,DATA_DEPTH=65536,INPUT_PIPE_STAGES=1,UUID=128'b0110110000101110110101000100100011101001100111101000110001011111000101011100011101001101010110101001010011010111101001010111110,PROBE0_TYPE=1,PROBE1_TYPE=1,PROBE2_TYPE=1,PROBE3_TYPE=1,PROBE4_TYPE=1,PROBE5_TYPE=1,PROBE6_TYPE=1)'. (/home/steve/video_streaming_10g_demo_v1.4.1_2026.1/fpga/Ti375N1156-DK/work_dbg/debug_top.v:110)
[EFX-0201 WARNING] Re-wiring to GND non-driven net/port 'probe14[0]' in module 'edb_la_top_7f1f49e4795244fab99fb246b5f3df2b(NUM_PROBES=7,DATA_DEPTH=65536,INPUT_PIPE_STAGES=1,UUID=128'b0110110000101110110101000100100011101001100111101000110001011111000101011100011101001101010110101001010011010111101001010111110,PROBE0_TYPE=1,PROBE1_TYPE=1,PROBE2_TYPE=1,PROBE3_TYPE=1,PROBE4_TYPE=1,PROBE5_TYPE=1,PROBE6_TYPE=1)'. (/home/steve/video_streaming_10g_demo_v1.4.1_2026.1/fpga/Ti375N1156-DK/work_dbg/debug_top.v:110)
[EFX-0201 WARNING] Re-wiring to GND non-driven net/port 'probe15[0]' in module 'edb_la_top_7f1f49e4795244fab99fb246b5f3df2b(NUM_PROBES=7,DATA_DEPTH=65536,INPUT_PIPE_STAGES=1,UUID=128'b0110110000101110110101000100100011101001100111101000110001011111000101011100011101001101010110101001010011010111101001010111110,PROBE0_TYPE=1,PROBE1_TYPE=1,PROBE2_TYPE=1,PROBE3_TYPE=1,PROBE4_TYPE=1,PROBE5_TYPE=1,PROBE6_TYPE=1)'. (/home/steve/video_streaming_10g_demo_v1.4.1_2026.1/fpga/Ti375N1156-DK/work_dbg/debug_top.v:110)
[EFX-0201 WARNING] Re-wiring to GND non-driven net/port 'probe16[0]' in module 'edb_la_top_7f1f49e4795244fab99fb246b5f3df2b(NUM_PROBES=7,DATA_DEPTH=65536,INPUT_PIPE_STAGES=1,UUID=128'b0110110000101110110101000100100011101001100111101000110001011111000101011100011101001101010110101001010011010111101001010111110,PROBE0_TYPE=1,PROBE1_TYPE=1,PROBE2_TYPE=1,PROBE3_TYPE=1,PROBE4_TYPE=1,PROBE5_TYPE=1,PROBE6_TYPE=1)'. (/home/steve/video_streaming_10g_demo_v1.4.1_2026.1/fpga/Ti375N1156-DK/work_dbg/debug_top.v:110)
[EFX-0011 VERI-WARNING] Input/inout port bscan_DRCK is unconnected. Place and route may remove this unconnected port. (VDB-8003) (/home/steve/video_streaming_10g_demo_v1.4.1_2026.1/fpga/Ti375N1156-DK/work_dbg/debug_top.v:17)
[EFX-0011 VERI-WARNING] Input/inout port bscan_RUNTEST is unconnected. Place and route may remove this unconnected port. (VDB-8003) (/home/steve/video_streaming_10g_demo_v1.4.1_2026.1/fpga/Ti375N1156-DK/work_dbg/debug_top.v:19)
[EFX-0011 VERI-WARNING] Input/inout port bscan_TMS is unconnected. Place and route may remove this unconnected port. (VDB-8003) (/home/steve/video_streaming_10g_demo_v1.4.1_2026.1/fpga/Ti375N1156-DK/work_dbg/debug_top.v:24)
[EFX-0011 VERI-WARNING] Found 3 warnings in the post-synthesis netlist. 

///////////////////////////////////
// Efinity Synthesis Started 
// Sep 26, 2026 12:37:23
///////////////////////////////////

[EFX-0256 WARNING] The primary output port 'sfp0_PMA_TX_ELEC_IDLE' wire 'sfp0_PMA_TX_ELEC_IDLE' is not driven.
[EFX-0256 WARNING] The primary output port 'sfp0_ETH_EEE_ALERT_EN' wire 'sfp0_ETH_EEE_ALERT_EN' is not driven.
[EFX-0200 WARNING] Removing redundant signal : k[31:0]. (/home/steve/video_streaming_10g_demo_v1.4.1_2026.1/rtl/debounce_switch.v:56)
[EFX-0200 WARNING] Removing redundant signal : rom_read. (/home/steve/video_streaming_10g_demo_v1.4.1_2026.1/rtl/apb_master.sv:48)
[EFX-0200 WARNING] Removing redundant signal : j[31:0]. (/home/steve/video_streaming_10g_demo_v1.4.1_2026.1/rtl/apb_master.sv:212)
[EFX-0200 WARNING] Removing redundant signal : q[31:0]. (/home/steve/video_streaming_10g_demo_v1.4.1_2026.1/rtl/apb_master.sv:212)
[EFX-0200 WARNING] Removing redundant signal : PADDR[19:10]. (/home/steve/video_streaming_10g_demo_v1.4.1_2026.1/rtl/apb3_slave.sv:45)
[EFX-0200 WARNING] Removing redundant signal : PADDR[1:0]. (/home/steve/video_streaming_10g_demo_v1.4.1_2026.1/rtl/apb3_slave.sv:45)
[EFX-0200 WARNING] Removing redundant signal : byteIndex[31:0]. (/home/steve/video_streaming_10g_demo_v1.4.1_2026.1/rtl/apb3_slave.sv:69)
[EFX-0200 WARNING] Removing redundant signal : io_cpu_prefetch_isValid. (/home/steve/video_streaming_10g_demo_v1.4.1_2026.1/fpga/Ti375N1156-DK/ip/sapphire_gen/sapphire_gen.v:18748)
[EFX-0200 WARNING] Removing redundant signal : io_cpu_fetch_isRemoved. (/home/steve/video_streaming_10g_demo_v1.4.1_2026.1/fpga/Ti375N1156-DK/ip/sapphire_gen/sapphire_gen.v:18753)
[EFX-0200 WARNING] Removing redundant signal : io_cpu_decode_isValid. (/home/steve/video_streaming_10g_demo_v1.4.1_2026.1/fpga/Ti375N1156-DK/ip/sapphire_gen/sapphire_gen.v:18766)
[EFX-0200 WARNING] Removing redundant signal : io_cpu_decode_isUser. (/home/steve/video_streaming_10g_demo_v1.4.1_2026.1/fpga/Ti375N1156-DK/ip/sapphire_gen/sapphire_gen.v:18775)
[EFX-0200 WARNING] Removing redundant signal : io_cpu_prefetch_pc[31:12]. (/home/steve/video_streaming_10g_demo_v1.4.1_2026.1/fpga/Ti375N1156-DK/ip/sapphire_gen/sapphire_gen.v:18750)
[EFX-0200 WARNING] Removing redundant signal : io_cpu_prefetch_pc[1:0]. (/home/steve/video_streaming_10g_demo_v1.4.1_2026.1/fpga/Ti375N1156-DK/ip/sapphire_gen/sapphire_gen.v:18750)
[EFX-0200 WARNING] Removing redundant signal : io_cpu_fetch_pc[31:0]. (/home/steve/video_streaming_10g_demo_v1.4.1_2026.1/fpga/Ti375N1156-DK/ip/sapphire_gen/sapphire_gen.v:18754)
[EFX-0200 WARNING] Removing redundant signal : io_cpu_decode_pc[31:0]. (/home/steve/video_streaming_10g_demo_v1.4.1_2026.1/fpga/Ti375N1156-DK/ip/sapphire_gen/sapphire_gen.v:18768)
[EFX-0200 WARNING] Removing redundant signal : io_cpu_writeBack_isFiring. (/home/steve/video_streaming_10g_demo_v1.4.1_2026.1/fpga/Ti375N1156-DK/ip/sapphire_gen/sapphire_gen.v:17915)
[EFX-0200 WARNING] Removing redundant signal : io_cpu_writeBack_isUser. (/home/steve/video_streaming_10g_demo_v1.4.1_2026.1/fpga/Ti375N1156-DK/ip/sapphire_gen/sapphire_gen.v:17916)
[EFX-0200 WARNING] Removing redundant signal : io_cpu_writeBack_fence_SW. (/home/steve/video_streaming_10g_demo_v1.4.1_2026.1/fpga/Ti375N1156-DK/ip/sapphire_gen/sapphire_gen.v:17926)
[EFX-0200 WARNING] Removing redundant signal : io_cpu_writeBack_fence_SR. (/home/steve/video_streaming_10g_demo_v1.4.1_2026.1/fpga/Ti375N1156-DK/ip/sapphire_gen/sapphire_gen.v:17927)
[EFX-0200 WARNING] Removing redundant signal : io_cpu_writeBack_fence_SO. (/home/steve/video_streaming_10g_demo_v1.4.1_2026.1/fpga/Ti375N1156-DK/ip/sapphire_gen/sapphire_gen.v:17928)
[EFX-0201 WARNING] Re-wiring to GND non-driven net/port 'IBusCachedPlugin_cache_io_cpu_fetch_isRemoved' in module 'VexRiscv_6da3aa8a00f24008ad95d1e51c813f5a'. (/home/steve/video_streaming_10g_demo_v1.4.1_2026.1/fpga/Ti375N1156-DK/ip/sapphire_gen/sapphire_gen.v:10450)
[EFX-0201 WARNING] Re-wiring to GND non-driven net/port 'dataCache_1_io_cpu_writeBack_fence_SW' in module 'VexRiscv_6da3aa8a00f24008ad95d1e51c813f5a'. (/home/steve/video_streaming_10g_demo_v1.4.1_2026.1/fpga/Ti375N1156-DK/ip/sapphire_gen/sapphire_gen.v:10463)
[EFX-0201 WARNING] Re-wiring to GND non-driven net/port 'dataCache_1_io_cpu_writeBack_fence_SR' in module 'VexRiscv_6da3aa8a00f24008ad95d1e51c813f5a'. (/home/steve/video_streaming_10g_demo_v1.4.1_2026.1/fpga/Ti375N1156-DK/ip/sapphire_gen/sapphire_gen.v:10464)
[EFX-0201 WARNING] Re-wiring to GND non-driven net/port 'dataCache_1_io_cpu_writeBack_fence_SO' in module 'VexRiscv_6da3aa8a00f24008ad95d1e51c813f5a'. (/home/steve/video_streaming_10g_demo_v1.4.1_2026.1/fpga/Ti375N1156-DK/ip/sapphire_gen/sapphire_gen.v:10465)
[EFX-0201 WARNING] Re-wiring to GND non-driven net/port 'dataCache_1_io_cpu_writeBack_fence_SI' in module 'VexRiscv_6da3aa8a00f24008ad95d1e51c813f5a'. (/home/steve/video_streaming_10g_demo_v1.4.1_2026.1/fpga/Ti375N1156-DK/ip/sapphire_gen/sapphire_gen.v:10466)
[EFX-0201 WARNING] Re-wiring to GND non-driven net/port 'dataCache_1_io_cpu_writeBack_fence_PW' in module 'VexRiscv_6da3aa8a00f24008ad95d1e51c813f5a'. (/home/steve/video_streaming_10g_demo_v1.4.1_2026.1/fpga/Ti375N1156-DK/ip/sapphire_gen/sapphire_gen.v:10467)
[EFX-0201 WARNING] Re-wiring to GND non-driven net/port 'dataCache_1_io_cpu_writeBack_fence_PR' in module 'VexRiscv_6da3aa8a00f24008ad95d1e51c813f5a'. (/home/steve/video_streaming_10g_demo_v1.4.1_2026.1/fpga/Ti375N1156-DK/ip/sapphire_gen/sapphire_gen.v:10468)
[EFX-0201 WARNING] Re-wiring to GND non-driven net/port 'dataCache_1_io_cpu_writeBack_fence_PO' in module 'VexRiscv_6da3aa8a00f24008ad95d1e51c813f5a'. (/home/steve/video_streaming_10g_demo_v1.4.1_2026.1/fpga/Ti375N1156-DK/ip/sapphire_gen/sapphire_gen.v:10469)
[EFX-0201 WARNING] Re-wiring to GND non-driven net/port 'dataCache_1_io_cpu_writeBack_fence_PI' in module 'VexRiscv_6da3aa8a00f24008ad95d1e51c813f5a'. (/home/steve/video_streaming_10g_demo_v1.4.1_2026.1/fpga/Ti375N1156-DK/ip/sapphire_gen/sapphire_gen.v:10470)
[EFX-0201 WARNING] Re-wiring to GND non-driven net/port 'dataCache_1_io_cpu_writeBack_fence_FM[3]' in module 'VexRiscv_6da3aa8a00f24008ad95d1e51c813f5a'. (/home/steve/video_streaming_10g_demo_v1.4.1_2026.1/fpga/Ti375N1156-DK/ip/sapphire_gen/sapphire_gen.v:10471)
[EFX-0657 WARNING] Mapping into logic memory block 'debounce_reg' (16 bits) (/home/steve/video_streaming_10g_demo_v1.4.1_2026.1/rtl/debounce_switch.v:47) because size is too small (<=64)
[EFX-0657 WARNING] Mapping into logic memory block 'logic_progbufX_mem' (64 bits) (/home/steve/video_streaming_10g_demo_v1.4.1_2026.1/fpga/Ti375N1156-DK/ip/sapphire_gen/sapphire_gen.v:9567) because size is too small (<=64)
[EFX-0657 WARNING] Mapping into logic memory block 'ram' (4 bits) (/home/steve/video_streaming_10g_demo_v1.4.1_2026.1/rtl/lib/common/frame_buffer_512/Axi4_2x512_1x512.v:1671) because size is too small (<=64)
[EFX-0656 WARNING] Optimizing into logic zero initialized read-only memory block 'inst_rd_address_decoder_1/inst_simple_dual_port_ram_00/ram__D$12'. (/home/steve/video_streaming_10g_demo_v1.4.1_2026.1/rtl/lib/common/simple_dual_port_ram.sv:32)
[EFX-0656 WARNING] Optimizing into logic zero initialized read-only memory block 'inst_rd_address_decoder_1/inst_simple_dual_port_ram_00/ram__D$2'. (/home/steve/video_streaming_10g_demo_v1.4.1_2026.1/rtl/lib/common/simple_dual_port_ram.sv:32)
[EFX-0656 WARNING] Optimizing into logic zero initialized read-only memory block 'inst_rd_address_decoder_1/inst_simple_dual_port_ram_00/ram__D$b12'. (/home/steve/video_streaming_10g_demo_v1.4.1_2026.1/rtl/lib/common/simple_dual_port_ram.sv:32)
[EFX-0656 WARNING] Optimizing into logic zero initialized read-only memory block 'inst_rd_address_decoder_1/inst_simple_dual_port_ram_00/ram__D$c12'. (/home/steve/video_streaming_10g_demo_v1.4.1_2026.1/rtl/lib/common/simple_dual_port_ram.sv:32)
[EFX-0656 WARNING] Optimizing into logic zero initialized read-only memory block 'inst_rd_address_decoder_1/inst_simple_dual_port_ram_00/ram__D$d12'. (/home/steve/video_streaming_10g_demo_v1.4.1_2026.1/rtl/lib/common/simple_dual_port_ram.sv:32)
[EFX-0656 WARNING] Optimizing into logic zero initialized read-only memory block 'inst_rd_address_decoder_1/inst_simple_dual_port_ram_00/ram__D$e12'. (/home/steve/video_streaming_10g_demo_v1.4.1_2026.1/rtl/lib/common/simple_dual_port_ram.sv:32)
[EFX-0656 WARNING] Optimizing into logic zero initialized read-only memory block 'inst_rd_address_decoder_1/inst_simple_dual_port_ram_00/ram__D$f12'. (/home/steve/video_streaming_10g_demo_v1.4.1_2026.1/rtl/lib/common/simple_dual_port_ram.sv:32)
[EFX-0656 WARNING] Optimizing into logic zero initialized read-only memory block 'inst_rd_address_decoder_1/inst_simple_dual_port_ram_00/ram__D$g12'. (/home/steve/video_streaming_10g_demo_v1.4.1_2026.1/rtl/lib/common/simple_dual_port_ram.sv:32)
[EFX-0656 WARNING] Optimizing into logic zero initialized read-only memory block 'inst_rd_address_decoder_1/inst_simple_dual_port_ram_00/ram__D$h12'. (/home/steve/video_streaming_10g_demo_v1.4.1_2026.1/rtl/lib/common/simple_dual_port_ram.sv:32)
[EFX-0656 WARNING] Optimizing into logic zero initialized read-only memory block 'inst_rd_address_decoder_1/inst_simple_dual_port_ram_00/ram__D$i12'. (/home/steve/video_streaming_10g_demo_v1.4.1_2026.1/rtl/lib/common/simple_dual_port_ram.sv:32)
[EFX-0656 WARNING] Optimizing into logic zero initialized read-only memory block 'inst_rd_address_decoder_1/inst_simple_dual_port_ram_00/ram__D$j12'. (/home/steve/video_streaming_10g_demo_v1.4.1_2026.1/rtl/lib/common/simple_dual_port_ram.sv:32)
[EFX-0656 WARNING] Optimizing into logic zero initialized read-only memory block 'inst_rd_address_decoder_1/inst_simple_dual_port_ram_00/ram__D$k12'. (/home/steve/video_streaming_10g_demo_v1.4.1_2026.1/rtl/lib/common/simple_dual_port_ram.sv:32)
[EFX-0656 WARNING] Optimizing into logic zero initialized read-only memory block 'inst_rd_address_decoder_1/inst_simple_dual_port_ram_00/ram__D$l12'. (/home/steve/video_streaming_10g_demo_v1.4.1_2026.1/rtl/lib/common/simple_dual_port_ram.sv:32)
[EFX-0656 WARNING] Optimizing into logic zero initialized read-only memory block 'inst_rd_address_decoder_1/inst_simple_dual_port_ram_00/ram__D$m12'. (/home/steve/video_streaming_10g_demo_v1.4.1_2026.1/rtl/lib/common/simple_dual_port_ram.sv:32)
[EFX-0656 WARNING] Optimizing into logic zero initialized read-only memory block 'inst_rd_address_decoder_1/inst_simple_dual_port_ram_00/ram__D$n12'. (/home/steve/video_streaming_10g_demo_v1.4.1_2026.1/rtl/lib/common/simple_dual_port_ram.sv:32)
[EFX-0656 WARNING] Optimizing into logic zero initialized read-only memory block 'inst_rd_address_decoder_1/inst_simple_dual_port_ram_00/ram__D$o12'. (/home/steve/video_streaming_10g_demo_v1.4.1_2026.1/rtl/lib/common/simple_dual_port_ram.sv:32)
[EFX-0656 WARNING] Optimizing into logic zero initialized read-only memory block 'inst_rd_address_decoder_1/inst_simple_dual_port_ram_00/ram__D$p12'. (/home/steve/video_streaming_10g_demo_v1.4.1_2026.1/rtl/lib/common/simple_dual_port_ram.sv:32)
[EFX-0656 WARNING] Optimizing into logic zero initialized read-only memory block 'inst_rd_address_decoder_1/inst_simple_dual_port_ram_00/ram__D$q12'. (/home/steve/video_streaming_10g_demo_v1.4.1_2026.1/rtl/lib/common/simple_dual_port_ram.sv:32)
[EFX-0656 WARNING] Optimizing into logic zero initialized read-only memory block 'inst_rd_address_decoder_1/inst_simple_dual_port_ram_00/ram__D$r12'. (/home/steve/video_streaming_10g_demo_v1.4.1_2026.1/rtl/lib/common/simple_dual_port_ram.sv:32)
[EFX-0656 WARNING] Optimizing into logic zero initialized read-only memory block 'inst_rd_address_decoder_1/inst_simple_dual_port_ram_00/ram__D$s12'. (/home/steve/video_streaming_10g_demo_v1.4.1_2026.1/rtl/lib/common/simple_dual_port_ram.sv:32)
[EFX-0656 WARNING] Optimizing into logic zero initialized read-only memory block 'inst_rd_address_decoder_1/inst_simple_dual_port_ram_00/ram__D$t12'. (/home/steve/video_streaming_10g_demo_v1.4.1_2026.1/rtl/lib/common/simple_dual_port_ram.sv:32)
[EFX-0656 WARNING] Optimizing into logic zero initialized read-only memory block 'inst_rd_address_decoder_1/inst_simple_dual_port_ram_00/ram__D$u12'. (/home/steve/video_streaming_10g_demo_v1.4.1_2026.1/rtl/lib/common/simple_dual_port_ram.sv:32)
[EFX-0656 WARNING] Optimizing into logic zero initialized read-only memory block 'inst_rd_address_decoder_1/inst_simple_dual_port_ram_00/ram__D$v12'. (/home/steve/video_streaming_10g_demo_v1.4.1_2026.1/rtl/lib/common/simple_dual_port_ram.sv:32)
[EFX-0656 WARNING] Optimizing into logic zero initialized read-only memory block 'inst_rd_address_decoder_1/inst_simple_dual_port_ram_00/ram__D$w12'. (/home/steve/video_streaming_10g_demo_v1.4.1_2026.1/rtl/lib/common/simple_dual_port_ram.sv:32)
[EFX-0656 WARNING] Optimizing into logic zero initialized read-only memory block 'inst_rd_address_decoder_1/inst_simple_dual_port_ram_00/ram__D$x12'. (/home/steve/video_streaming_10g_demo_v1.4.1_2026.1/rtl/lib/common/simple_dual_port_ram.sv:32)
[EFX-0656 WARNING] Optimizing into logic zero initialized read-only memory block 'inst_rd_address_decoder_1/inst_simple_dual_port_ram_00/ram__D$y1'. (/home/steve/video_streaming_10g_demo_v1.4.1_2026.1/rtl/lib/common/simple_dual_port_ram.sv:32)
[EFX-0656 WARNING] Optimizing into logic zero initialized read-only memory block 'inst_frame_buffer_512/inst_wr_address_decoder_1/genblk1[15].inst_pclk_to_axi_buffer/ram__D$1'. (/home/steve/video_streaming_10g_demo_v1.4.1_2026.1/rtl/lib/common/simple_dual_port_ram.sv:32)
[EFX-0656 WARNING] Optimizing into logic zero initialized read-only memory block 'inst_frame_buffer_512/inst_wr_address_decoder_1/genblk1[15].inst_pclk_to_axi_buffer/ram__D$2'. (/home/steve/video_streaming_10g_demo_v1.4.1_2026.1/rtl/lib/common/simple_dual_port_ram.sv:32)
[EFX-0656 WARNING] Optimizing into logic zero initialized read-only memory block 'inst_frame_buffer_512/inst_wr_address_decoder_1/genblk1[14].inst_pclk_to_axi_buffer/ram__D$1'. (/home/steve/video_streaming_10g_demo_v1.4.1_2026.1/rtl/lib/common/simple_dual_port_ram.sv:32)
[EFX-0656 WARNING] Optimizing into logic zero initialized read-only memory block 'inst_frame_buffer_512/inst_wr_address_decoder_1/genblk1[14].inst_pclk_to_axi_buffer/ram__D$2'. (/home/steve/video_streaming_10g_demo_v1.4.1_2026.1/rtl/lib/common/simple_dual_port_ram.sv:32)
[EFX-0656 WARNING] Optimizing into logic zero initialized read-only memory block 'inst_frame_buffer_512/inst_wr_address_decoder_1/genblk1[13].inst_pclk_to_axi_buffer/ram__D$1'. (/home/steve/video_streaming_10g_demo_v1.4.1_2026.1/rtl/lib/common/simple_dual_port_ram.sv:32)
[EFX-0656 WARNING] Optimizing into logic zero initialized read-only memory block 'inst_frame_buffer_512/inst_wr_address_decoder_1/genblk1[13].inst_pclk_to_axi_buffer/ram__D$2'. (/home/steve/video_streaming_10g_demo_v1.4.1_2026.1/rtl/lib/common/simple_dual_port_ram.sv:32)
[EFX-0656 WARNING] Optimizing into logic zero initialized read-only memory block 'inst_frame_buffer_512/inst_wr_address_decoder_1/genblk1[12].inst_pclk_to_axi_buffer/ram__D$1'. (/home/steve/video_streaming_10g_demo_v1.4.1_2026.1/rtl/lib/common/simple_dual_port_ram.sv:32)
[EFX-0656 WARNING] Optimizing into logic zero initialized read-only memory block 'inst_frame_buffer_512/inst_wr_address_decoder_1/genblk1[12].inst_pclk_to_axi_buffer/ram__D$2'. (/home/steve/video_streaming_10g_demo_v1.4.1_2026.1/rtl/lib/common/simple_dual_port_ram.sv:32)
[EFX-0656 WARNING] Optimizing into logic zero initialized read-only memory block 'inst_frame_buffer_512/inst_wr_address_decoder_1/genblk1[11].inst_pclk_to_axi_buffer/ram__D$1'. (/home/steve/video_streaming_10g_demo_v1.4.1_2026.1/rtl/lib/common/simple_dual_port_ram.sv:32)
[EFX-0656 WARNING] Optimizing into logic zero initialized read-only memory block 'inst_frame_buffer_512/inst_wr_address_decoder_1/genblk1[11].inst_pclk_to_axi_buffer/ram__D$2'. (/home/steve/video_streaming_10g_demo_v1.4.1_2026.1/rtl/lib/common/simple_dual_port_ram.sv:32)
[EFX-0656 WARNING] Optimizing into logic zero initialized read-only memory block 'inst_frame_buffer_512/inst_wr_address_decoder_1/genblk1[10].inst_pclk_to_axi_buffer/ram__D$1'. (/home/steve/video_streaming_10g_demo_v1.4.1_2026.1/rtl/lib/common/simple_dual_port_ram.sv:32)
[EFX-0656 WARNING] Optimizing into logic zero initialized read-only memory block 'inst_frame_buffer_512/inst_wr_address_decoder_1/genblk1[10].inst_pclk_to_axi_buffer/ram__D$2'. (/home/steve/video_streaming_10g_demo_v1.4.1_2026.1/rtl/lib/common/simple_dual_port_ram.sv:32)
[EFX-0656 WARNING] Optimizing into logic zero initialized read-only memory block 'inst_frame_buffer_512/inst_wr_address_decoder_1/genblk1[9].inst_pclk_to_axi_buffer/ram__D$1'. (/home/steve/video_streaming_10g_demo_v1.4.1_2026.1/rtl/lib/common/simple_dual_port_ram.sv:32)
[EFX-0656 WARNING] Optimizing into logic zero initialized read-only memory block 'inst_frame_buffer_512/inst_wr_address_decoder_1/genblk1[9].inst_pclk_to_axi_buffer/ram__D$2'. (/home/steve/video_streaming_10g_demo_v1.4.1_2026.1/rtl/lib/common/simple_dual_port_ram.sv:32)
[EFX-0656 WARNING] Optimizing into logic zero initialized read-only memory block 'inst_frame_buffer_512/inst_wr_address_decoder_1/genblk1[8].inst_pclk_to_axi_buffer/ram__D$1'. (/home/steve/video_streaming_10g_demo_v1.4.1_2026.1/rtl/lib/common/simple_dual_port_ram.sv:32)
[EFX-0656 WARNING] Optimizing into logic zero initialized read-only memory block 'inst_frame_buffer_512/inst_wr_address_decoder_1/genblk1[8].inst_pclk_to_axi_buffer/ram__D$2'. (/home/steve/video_streaming_10g_demo_v1.4.1_2026.1/rtl/lib/common/simple_dual_port_ram.sv:32)
[EFX-0656 WARNING] Optimizing into logic zero initialized read-only memory block 'inst_frame_buffer_512/inst_wr_address_decoder_1/genblk1[7].inst_pclk_to_axi_buffer/ram__D$1'. (/home/steve/video_streaming_10g_demo_v1.4.1_2026.1/rtl/lib/common/simple_dual_port_ram.sv:32)
[EFX-0656 WARNING] Optimizing into logic zero initialized read-only memory block 'inst_frame_buffer_512/inst_wr_address_decoder_1/genblk1[7].inst_pclk_to_axi_buffer/ram__D$2'. (/home/steve/video_streaming_10g_demo_v1.4.1_2026.1/rtl/lib/common/simple_dual_port_ram.sv:32)
[EFX-0656 WARNING] Optimizing into logic zero initialized read-only memory block 'inst_frame_buffer_512/inst_wr_address_decoder_1/genblk1[6].inst_pclk_to_axi_buffer/ram__D$1'. (/home/steve/video_streaming_10g_demo_v1.4.1_2026.1/rtl/lib/common/simple_dual_port_ram.sv:32)
[EFX-0656 WARNING] Optimizing into logic zero initialized read-only memory block 'inst_frame_buffer_512/inst_wr_address_decoder_1/genblk1[6].inst_pclk_to_axi_buffer/ram__D$2'. (/home/steve/video_streaming_10g_demo_v1.4.1_2026.1/rtl/lib/common/simple_dual_port_ram.sv:32)
[EFX-0656 WARNING] Optimizing into logic zero initialized read-only memory block 'inst_frame_buffer_512/inst_wr_address_decoder_1/genblk1[5].inst_pclk_to_axi_buffer/ram__D$1'. (/home/steve/video_streaming_10g_demo_v1.4.1_2026.1/rtl/lib/common/simple_dual_port_ram.sv:32)
[EFX-0656 WARNING] Optimizing into logic zero initialized read-only memory block 'inst_frame_buffer_512/inst_wr_address_decoder_1/genblk1[5].inst_pclk_to_axi_buffer/ram__D$2'. (/home/steve/video_streaming_10g_demo_v1.4.1_2026.1/rtl/lib/common/simple_dual_port_ram.sv:32)
[EFX-0656 WARNING] Optimizing into logic zero initialized read-only memory block 'inst_frame_buffer_512/inst_wr_address_decoder_1/genblk1[4].inst_pclk_to_axi_buffer/ram__D$1'. (/home/steve/video_streaming_10g_demo_v1.4.1_2026.1/rtl/lib/common/simple_dual_port_ram.sv:32)
[EFX-0656 WARNING] Optimizing into logic zero initialized read-only memory block 'inst_frame_buffer_512/inst_wr_address_decoder_1/genblk1[4].inst_pclk_to_axi_buffer/ram__D$2'. (/home/steve/video_streaming_10g_demo_v1.4.1_2026.1/rtl/lib/common/simple_dual_port_ram.sv:32)
[EFX-0656 WARNING] Optimizing into logic zero initialized read-only memory block 'inst_frame_buffer_512/inst_wr_address_decoder_1/genblk1[3].inst_pclk_to_axi_buffer/ram__D$1'. (/home/steve/video_streaming_10g_demo_v1.4.1_2026.1/rtl/lib/common/simple_dual_port_ram.sv:32)
[EFX-0656 WARNING] Optimizing into logic zero initialized read-only memory block 'inst_frame_buffer_512/inst_wr_address_decoder_1/genblk1[3].inst_pclk_to_axi_buffer/ram__D$2'. (/home/steve/video_streaming_10g_demo_v1.4.1_2026.1/rtl/lib/common/simple_dual_port_ram.sv:32)
[EFX-0656 WARNING] Optimizing into logic zero initialized read-only memory block 'inst_frame_buffer_512/inst_wr_address_decoder_1/genblk1[2].inst_pclk_to_axi_buffer/ram__D$1'. (/home/steve/video_streaming_10g_demo_v1.4.1_2026.1/rtl/lib/common/simple_dual_port_ram.sv:32)
[EFX-0656 WARNING] Optimizing into logic zero initialized read-only memory block 'inst_frame_buffer_512/inst_wr_address_decoder_1/genblk1[2].inst_pclk_to_axi_buffer/ram__D$2'. (/home/steve/video_streaming_10g_demo_v1.4.1_2026.1/rtl/lib/common/simple_dual_port_ram.sv:32)
[EFX-0656 WARNING] Optimizing into logic zero initialized read-only memory block 'inst_frame_buffer_512/inst_wr_address_decoder_1/genblk1[1].inst_pclk_to_axi_buffer/ram__D$1'. (/home/steve/video_streaming_10g_demo_v1.4.1_2026.1/rtl/lib/common/simple_dual_port_ram.sv:32)
[EFX-0656 WARNING] Optimizing into logic zero initialized read-only memory block 'inst_frame_buffer_512/inst_wr_address_decoder_1/genblk1[1].inst_pclk_to_axi_buffer/ram__D$2'. (/home/steve/video_streaming_10g_demo_v1.4.1_2026.1/rtl/lib/common/simple_dual_port_ram.sv:32)
[EFX-0656 WARNING] Optimizing into logic zero initialized read-only memory block 'inst_frame_buffer_512/inst_wr_address_decoder_1/genblk1[0].inst_pclk_to_axi_buffer/ram__D$1'. (/home/steve/video_streaming_10g_demo_v1.4.1_2026.1/rtl/lib/common/simple_dual_port_ram.sv:32)
[EFX-0656 WARNING] Optimizing into logic zero initialized read-only memory block 'inst_frame_buffer_512/inst_wr_address_decoder_1/genblk1[0].inst_pclk_to_axi_buffer/ram__D$2'. (/home/steve/video_streaming_10g_demo_v1.4.1_2026.1/rtl/lib/common/simple_dual_port_ram.sv:32)
[EFX-0657 WARNING] Mapping into logic memory block 'q1_apb_master/rom_mif' (1060 bits) (/home/steve/video_streaming_10g_demo_v1.4.1_2026.1/rtl/apb_master.sv:49) because read port is not synchronous.

///////////////////////////////////
// Efinity Synthesis Started 
// Sep 29, 2026 00:11:17
///////////////////////////////////

[EFX-0011 VERI-WARNING] port 'probe7' remains unconnected for this instance (VERI-1927) (/home/steve/video_streaming_10g_demo_v1.4.1_2026.1_imx900_rpi/fpga/Ti375N1156-DK/work_dbg/debug_top.v:138)
[EFX-0011 VERI-WARNING] input port 'probe7[0]' remains unconnected for this instance (VDB-1053) (/home/steve/video_streaming_10g_demo_v1.4.1_2026.1_imx900_rpi/fpga/Ti375N1156-DK/work_dbg/debug_top.v:110)
[EFX-0200 WARNING] Removing redundant signal : compared_in[0]. (/home/steve/video_streaming_10g_demo_v1.4.1_2026.1_imx900_rpi/fpga/Ti375N1156-DK/work_dbg/debug_top.v:5540)
[EFX-0200 WARNING] Removing redundant signal : mask_in[0]. (/home/steve/video_streaming_10g_demo_v1.4.1_2026.1_imx900_rpi/fpga/Ti375N1156-DK/work_dbg/debug_top.v:5541)
[EFX-0200 WARNING] Removing redundant signal : trigger_in. (/home/steve/video_streaming_10g_demo_v1.4.1_2026.1_imx900_rpi/fpga/Ti375N1156-DK/work_dbg/debug_top.v:5751)
[EFX-0200 WARNING] Removing redundant signal : clk. (/home/steve/video_streaming_10g_demo_v1.4.1_2026.1_imx900_rpi/fpga/Ti375N1156-DK/work_dbg/debug_top.v:4574)
[EFX-0200 WARNING] Removing redundant signal : full. (/home/steve/video_streaming_10g_demo_v1.4.1_2026.1_imx900_rpi/fpga/Ti375N1156-DK/work_dbg/debug_top.v:4628)
[EFX-0200 WARNING] Removing redundant signal : shift_i. (/home/steve/video_streaming_10g_demo_v1.4.1_2026.1_imx900_rpi/fpga/Ti375N1156-DK/work_dbg/debug_top.v:4898)
[EFX-0200 WARNING] Removing redundant signal : trig_out. (/home/steve/video_streaming_10g_demo_v1.4.1_2026.1_imx900_rpi/fpga/Ti375N1156-DK/work_dbg/debug_top.v:4915)
[EFX-0200 WARNING] Removing redundant signal : trig_out_ack. (/home/steve/video_streaming_10g_demo_v1.4.1_2026.1_imx900_rpi/fpga/Ti375N1156-DK/work_dbg/debug_top.v:4916)
[EFX-0200 WARNING] Removing redundant signal : bscan_DRCK. (/home/steve/video_streaming_10g_demo_v1.4.1_2026.1_imx900_rpi/fpga/Ti375N1156-DK/work_dbg/debug_top.v:1057)
[EFX-0200 WARNING] Removing redundant signal : bscan_RESET. (/home/steve/video_streaming_10g_demo_v1.4.1_2026.1_imx900_rpi/fpga/Ti375N1156-DK/work_dbg/debug_top.v:1058)
[EFX-0200 WARNING] Removing redundant signal : bscan_RUNTEST. (/home/steve/video_streaming_10g_demo_v1.4.1_2026.1_imx900_rpi/fpga/Ti375N1156-DK/work_dbg/debug_top.v:1059)
[EFX-0200 WARNING] Removing redundant signal : bscan_SEL. (/home/steve/video_streaming_10g_demo_v1.4.1_2026.1_imx900_rpi/fpga/Ti375N1156-DK/work_dbg/debug_top.v:1060)
[EFX-0200 WARNING] Removing redundant signal : bscan_TMS. (/home/steve/video_streaming_10g_demo_v1.4.1_2026.1_imx900_rpi/fpga/Ti375N1156-DK/work_dbg/debug_top.v:1064)
[EFX-0200 WARNING] Removing redundant signal : trig_in_ack. (/home/steve/video_streaming_10g_demo_v1.4.1_2026.1_imx900_rpi/fpga/Ti375N1156-DK/work_dbg/debug_top.v:1076)
[EFX-0200 WARNING] Removing redundant signal : mux_capture_cmp[6:0]. (/home/steve/video_streaming_10g_demo_v1.4.1_2026.1_imx900_rpi/fpga/Ti375N1156-DK/work_dbg/debug_top.v:3495)
[EFX-0200 WARNING] Removing redundant signal : bscan_CAPTURE. (/home/steve/video_streaming_10g_demo_v1.4.1_2026.1_imx900_rpi/fpga/Ti375N1156-DK/work_dbg/debug_top.v:296)
[EFX-0200 WARNING] Removing redundant signal : bscan_DRCK. (/home/steve/video_streaming_10g_demo_v1.4.1_2026.1_imx900_rpi/fpga/Ti375N1156-DK/work_dbg/debug_top.v:297)
[EFX-0200 WARNING] Removing redundant signal : bscan_RUNTEST. (/home/steve/video_streaming_10g_demo_v1.4.1_2026.1_imx900_rpi/fpga/Ti375N1156-DK/work_dbg/debug_top.v:299)
[EFX-0200 WARNING] Removing redundant signal : bscan_TMS. (/home/steve/video_streaming_10g_demo_v1.4.1_2026.1_imx900_rpi/fpga/Ti375N1156-DK/work_dbg/debug_top.v:304)
[EFX-0201 WARNING] Re-wiring to GND non-driven net/port 'probe7[0]' in module 'edb_la_top_7f1f49e4795244fab99fb246b5f3df2b(NUM_PROBES=7,DATA_DEPTH=65536,INPUT_PIPE_STAGES=1,UUID=128'b0110110000101110110101000100100011101001100111101000110001011111000101011100011101001101010110101001010011010111101001010111110,PROBE0_TYPE=1,PROBE1_TYPE=1,PROBE2_TYPE=1,PROBE3_TYPE=1,PROBE4_TYPE=1,PROBE5_TYPE=1,PROBE6_TYPE=1)'. (/home/steve/video_streaming_10g_demo_v1.4.1_2026.1_imx900_rpi/fpga/Ti375N1156-DK/work_dbg/debug_top.v:110)
[EFX-0201 WARNING] Re-wiring to GND non-driven net/port 'probe8[0]' in module 'edb_la_top_7f1f49e4795244fab99fb246b5f3df2b(NUM_PROBES=7,DATA_DEPTH=65536,INPUT_PIPE_STAGES=1,UUID=128'b0110110000101110110101000100100011101001100111101000110001011111000101011100011101001101010110101001010011010111101001010111110,PROBE0_TYPE=1,PROBE1_TYPE=1,PROBE2_TYPE=1,PROBE3_TYPE=1,PROBE4_TYPE=1,PROBE5_TYPE=1,PROBE6_TYPE=1)'. (/home/steve/video_streaming_10g_demo_v1.4.1_2026.1_imx900_rpi/fpga/Ti375N1156-DK/work_dbg/debug_top.v:110)
[EFX-0201 WARNING] Re-wiring to GND non-driven net/port 'probe9[0]' in module 'edb_la_top_7f1f49e4795244fab99fb246b5f3df2b(NUM_PROBES=7,DATA_DEPTH=65536,INPUT_PIPE_STAGES=1,UUID=128'b0110110000101110110101000100100011101001100111101000110001011111000101011100011101001101010110101001010011010111101001010111110,PROBE0_TYPE=1,PROBE1_TYPE=1,PROBE2_TYPE=1,PROBE3_TYPE=1,PROBE4_TYPE=1,PROBE5_TYPE=1,PROBE6_TYPE=1)'. (/home/steve/video_streaming_10g_demo_v1.4.1_2026.1_imx900_rpi/fpga/Ti375N1156-DK/work_dbg/debug_top.v:110)
[EFX-0201 WARNING] Re-wiring to GND non-driven net/port 'probe10[0]' in module 'edb_la_top_7f1f49e4795244fab99fb246b5f3df2b(NUM_PROBES=7,DATA_DEPTH=65536,INPUT_PIPE_STAGES=1,UUID=128'b0110110000101110110101000100100011101001100111101000110001011111000101011100011101001101010110101001010011010111101001010111110,PROBE0_TYPE=1,PROBE1_TYPE=1,PROBE2_TYPE=1,PROBE3_TYPE=1,PROBE4_TYPE=1,PROBE5_TYPE=1,PROBE6_TYPE=1)'. (/home/steve/video_streaming_10g_demo_v1.4.1_2026.1_imx900_rpi/fpga/Ti375N1156-DK/work_dbg/debug_top.v:110)
[EFX-0201 WARNING] Re-wiring to GND non-driven net/port 'probe11[0]' in module 'edb_la_top_7f1f49e4795244fab99fb246b5f3df2b(NUM_PROBES=7,DATA_DEPTH=65536,INPUT_PIPE_STAGES=1,UUID=128'b0110110000101110110101000100100011101001100111101000110001011111000101011100011101001101010110101001010011010111101001010111110,PROBE0_TYPE=1,PROBE1_TYPE=1,PROBE2_TYPE=1,PROBE3_TYPE=1,PROBE4_TYPE=1,PROBE5_TYPE=1,PROBE6_TYPE=1)'. (/home/steve/video_streaming_10g_demo_v1.4.1_2026.1_imx900_rpi/fpga/Ti375N1156-DK/work_dbg/debug_top.v:110)
[EFX-0201 WARNING] Re-wiring to GND non-driven net/port 'probe12[0]' in module 'edb_la_top_7f1f49e4795244fab99fb246b5f3df2b(NUM_PROBES=7,DATA_DEPTH=65536,INPUT_PIPE_STAGES=1,UUID=128'b0110110000101110110101000100100011101001100111101000110001011111000101011100011101001101010110101001010011010111101001010111110,PROBE0_TYPE=1,PROBE1_TYPE=1,PROBE2_TYPE=1,PROBE3_TYPE=1,PROBE4_TYPE=1,PROBE5_TYPE=1,PROBE6_TYPE=1)'. (/home/steve/video_streaming_10g_demo_v1.4.1_2026.1_imx900_rpi/fpga/Ti375N1156-DK/work_dbg/debug_top.v:110)
[EFX-0201 WARNING] Re-wiring to GND non-driven net/port 'probe13[0]' in module 'edb_la_top_7f1f49e4795244fab99fb246b5f3df2b(NUM_PROBES=7,DATA_DEPTH=65536,INPUT_PIPE_STAGES=1,UUID=128'b0110110000101110110101000100100011101001100111101000110001011111000101011100011101001101010110101001010011010111101001010111110,PROBE0_TYPE=1,PROBE1_TYPE=1,PROBE2_TYPE=1,PROBE3_TYPE=1,PROBE4_TYPE=1,PROBE5_TYPE=1,PROBE6_TYPE=1)'. (/home/steve/video_streaming_10g_demo_v1.4.1_2026.1_imx900_rpi/fpga/Ti375N1156-DK/work_dbg/debug_top.v:110)
[EFX-0201 WARNING] Re-wiring to GND non-driven net/port 'probe14[0]' in module 'edb_la_top_7f1f49e4795244fab99fb246b5f3df2b(NUM_PROBES=7,DATA_DEPTH=65536,INPUT_PIPE_STAGES=1,UUID=128'b0110110000101110110101000100100011101001100111101000110001011111000101011100011101001101010110101001010011010111101001010111110,PROBE0_TYPE=1,PROBE1_TYPE=1,PROBE2_TYPE=1,PROBE3_TYPE=1,PROBE4_TYPE=1,PROBE5_TYPE=1,PROBE6_TYPE=1)'. (/home/steve/video_streaming_10g_demo_v1.4.1_2026.1_imx900_rpi/fpga/Ti375N1156-DK/work_dbg/debug_top.v:110)
[EFX-0201 WARNING] Re-wiring to GND non-driven net/port 'probe15[0]' in module 'edb_la_top_7f1f49e4795244fab99fb246b5f3df2b(NUM_PROBES=7,DATA_DEPTH=65536,INPUT_PIPE_STAGES=1,UUID=128'b0110110000101110110101000100100011101001100111101000110001011111000101011100011101001101010110101001010011010111101001010111110,PROBE0_TYPE=1,PROBE1_TYPE=1,PROBE2_TYPE=1,PROBE3_TYPE=1,PROBE4_TYPE=1,PROBE5_TYPE=1,PROBE6_TYPE=1)'. (/home/steve/video_streaming_10g_demo_v1.4.1_2026.1_imx900_rpi/fpga/Ti375N1156-DK/work_dbg/debug_top.v:110)
[EFX-0201 WARNING] Re-wiring to GND non-driven net/port 'probe16[0]' in module 'edb_la_top_7f1f49e4795244fab99fb246b5f3df2b(NUM_PROBES=7,DATA_DEPTH=65536,INPUT_PIPE_STAGES=1,UUID=128'b0110110000101110110101000100100011101001100111101000110001011111000101011100011101001101010110101001010011010111101001010111110,PROBE0_TYPE=1,PROBE1_TYPE=1,PROBE2_TYPE=1,PROBE3_TYPE=1,PROBE4_TYPE=1,PROBE5_TYPE=1,PROBE6_TYPE=1)'. (/home/steve/video_streaming_10g_demo_v1.4.1_2026.1_imx900_rpi/fpga/Ti375N1156-DK/work_dbg/debug_top.v:110)
[EFX-0011 VERI-WARNING] Input/inout port bscan_DRCK is unconnected. Place and route may remove this unconnected port. (VDB-8003) (/home/steve/video_streaming_10g_demo_v1.4.1_2026.1_imx900_rpi/fpga/Ti375N1156-DK/work_dbg/debug_top.v:17)
[EFX-0011 VERI-WARNING] Input/inout port bscan_RUNTEST is unconnected. Place and route may remove this unconnected port. (VDB-8003) (/home/steve/video_streaming_10g_demo_v1.4.1_2026.1_imx900_rpi/fpga/Ti375N1156-DK/work_dbg/debug_top.v:19)
[EFX-0011 VERI-WARNING] Input/inout port bscan_TMS is unconnected. Place and route may remove this unconnected port. (VDB-8003) (/home/steve/video_streaming_10g_demo_v1.4.1_2026.1_imx900_rpi/fpga/Ti375N1156-DK/work_dbg/debug_top.v:24)
[EFX-0011 VERI-WARNING] Found 3 warnings in the post-synthesis netlist. 

///////////////////////////////////
// Efinity Synthesis Started 
// Sep 29, 2026 00:11:30
///////////////////////////////////

[EFX-0256 WARNING] The primary output port 'sfp0_PMA_TX_ELEC_IDLE' wire 'sfp0_PMA_TX_ELEC_IDLE' is not driven.
[EFX-0256 WARNING] The primary output port 'sfp0_ETH_EEE_ALERT_EN' wire 'sfp0_ETH_EEE_ALERT_EN' is not driven.
[EFX-0200 WARNING] Removing redundant signal : k[31:0]. (/home/steve/video_streaming_10g_demo_v1.4.1_2026.1_imx900_rpi/rtl/debounce_switch.v:56)
[EFX-0200 WARNING] Removing redundant signal : rom_read. (/home/steve/video_streaming_10g_demo_v1.4.1_2026.1_imx900_rpi/rtl/apb_master.sv:48)
[EFX-0200 WARNING] Removing redundant signal : j[31:0]. (/home/steve/video_streaming_10g_demo_v1.4.1_2026.1_imx900_rpi/rtl/apb_master.sv:212)
[EFX-0200 WARNING] Removing redundant signal : q[31:0]. (/home/steve/video_streaming_10g_demo_v1.4.1_2026.1_imx900_rpi/rtl/apb_master.sv:212)
[EFX-0200 WARNING] Removing redundant signal : PADDR[19:10]. (/home/steve/video_streaming_10g_demo_v1.4.1_2026.1_imx900_rpi/rtl/apb3_slave.sv:45)
[EFX-0200 WARNING] Removing redundant signal : PADDR[1:0]. (/home/steve/video_streaming_10g_demo_v1.4.1_2026.1_imx900_rpi/rtl/apb3_slave.sv:45)
[EFX-0200 WARNING] Removing redundant signal : byteIndex[31:0]. (/home/steve/video_streaming_10g_demo_v1.4.1_2026.1_imx900_rpi/rtl/apb3_slave.sv:69)
[EFX-0200 WARNING] Removing redundant signal : io_cpu_prefetch_isValid. (/home/steve/video_streaming_10g_demo_v1.4.1_2026.1_imx900_rpi/fpga/Ti375N1156-DK/ip/sapphire_gen/sapphire_gen.v:18748)
[EFX-0200 WARNING] Removing redundant signal : io_cpu_fetch_isRemoved. (/home/steve/video_streaming_10g_demo_v1.4.1_2026.1_imx900_rpi/fpga/Ti375N1156-DK/ip/sapphire_gen/sapphire_gen.v:18753)
[EFX-0200 WARNING] Removing redundant signal : io_cpu_decode_isValid. (/home/steve/video_streaming_10g_demo_v1.4.1_2026.1_imx900_rpi/fpga/Ti375N1156-DK/ip/sapphire_gen/sapphire_gen.v:18766)
[EFX-0200 WARNING] Removing redundant signal : io_cpu_decode_isUser. (/home/steve/video_streaming_10g_demo_v1.4.1_2026.1_imx900_rpi/fpga/Ti375N1156-DK/ip/sapphire_gen/sapphire_gen.v:18775)
[EFX-0200 WARNING] Removing redundant signal : io_cpu_prefetch_pc[31:12]. (/home/steve/video_streaming_10g_demo_v1.4.1_2026.1_imx900_rpi/fpga/Ti375N1156-DK/ip/sapphire_gen/sapphire_gen.v:18750)
[EFX-0200 WARNING] Removing redundant signal : io_cpu_prefetch_pc[1:0]. (/home/steve/video_streaming_10g_demo_v1.4.1_2026.1_imx900_rpi/fpga/Ti375N1156-DK/ip/sapphire_gen/sapphire_gen.v:18750)
[EFX-0200 WARNING] Removing redundant signal : io_cpu_fetch_pc[31:0]. (/home/steve/video_streaming_10g_demo_v1.4.1_2026.1_imx900_rpi/fpga/Ti375N1156-DK/ip/sapphire_gen/sapphire_gen.v:18754)
[EFX-0200 WARNING] Removing redundant signal : io_cpu_decode_pc[31:0]. (/home/steve/video_streaming_10g_demo_v1.4.1_2026.1_imx900_rpi/fpga/Ti375N1156-DK/ip/sapphire_gen/sapphire_gen.v:18768)
[EFX-0200 WARNING] Removing redundant signal : io_cpu_writeBack_isFiring. (/home/steve/video_streaming_10g_demo_v1.4.1_2026.1_imx900_rpi/fpga/Ti375N1156-DK/ip/sapphire_gen/sapphire_gen.v:17915)
[EFX-0200 WARNING] Removing redundant signal : io_cpu_writeBack_isUser. (/home/steve/video_streaming_10g_demo_v1.4.1_2026.1_imx900_rpi/fpga/Ti375N1156-DK/ip/sapphire_gen/sapphire_gen.v:17916)
[EFX-0200 WARNING] Removing redundant signal : io_cpu_writeBack_fence_SW. (/home/steve/video_streaming_10g_demo_v1.4.1_2026.1_imx900_rpi/fpga/Ti375N1156-DK/ip/sapphire_gen/sapphire_gen.v:17926)
[EFX-0200 WARNING] Removing redundant signal : io_cpu_writeBack_fence_SR. (/home/steve/video_streaming_10g_demo_v1.4.1_2026.1_imx900_rpi/fpga/Ti375N1156-DK/ip/sapphire_gen/sapphire_gen.v:17927)
[EFX-0200 WARNING] Removing redundant signal : io_cpu_writeBack_fence_SO. (/home/steve/video_streaming_10g_demo_v1.4.1_2026.1_imx900_rpi/fpga/Ti375N1156-DK/ip/sapphire_gen/sapphire_gen.v:17928)
[EFX-0201 WARNING] Re-wiring to GND non-driven net/port 'IBusCachedPlugin_cache_io_cpu_fetch_isRemoved' in module 'VexRiscv_6da3aa8a00f24008ad95d1e51c813f5a'. (/home/steve/video_streaming_10g_demo_v1.4.1_2026.1_imx900_rpi/fpga/Ti375N1156-DK/ip/sapphire_gen/sapphire_gen.v:10450)
[EFX-0201 WARNING] Re-wiring to GND non-driven net/port 'dataCache_1_io_cpu_writeBack_fence_SW' in module 'VexRiscv_6da3aa8a00f24008ad95d1e51c813f5a'. (/home/steve/video_streaming_10g_demo_v1.4.1_2026.1_imx900_rpi/fpga/Ti375N1156-DK/ip/sapphire_gen/sapphire_gen.v:10463)
[EFX-0201 WARNING] Re-wiring to GND non-driven net/port 'dataCache_1_io_cpu_writeBack_fence_SR' in module 'VexRiscv_6da3aa8a00f24008ad95d1e51c813f5a'. (/home/steve/video_streaming_10g_demo_v1.4.1_2026.1_imx900_rpi/fpga/Ti375N1156-DK/ip/sapphire_gen/sapphire_gen.v:10464)
[EFX-0201 WARNING] Re-wiring to GND non-driven net/port 'dataCache_1_io_cpu_writeBack_fence_SO' in module 'VexRiscv_6da3aa8a00f24008ad95d1e51c813f5a'. (/home/steve/video_streaming_10g_demo_v1.4.1_2026.1_imx900_rpi/fpga/Ti375N1156-DK/ip/sapphire_gen/sapphire_gen.v:10465)
[EFX-0201 WARNING] Re-wiring to GND non-driven net/port 'dataCache_1_io_cpu_writeBack_fence_SI' in module 'VexRiscv_6da3aa8a00f24008ad95d1e51c813f5a'. (/home/steve/video_streaming_10g_demo_v1.4.1_2026.1_imx900_rpi/fpga/Ti375N1156-DK/ip/sapphire_gen/sapphire_gen.v:10466)
[EFX-0201 WARNING] Re-wiring to GND non-driven net/port 'dataCache_1_io_cpu_writeBack_fence_PW' in module 'VexRiscv_6da3aa8a00f24008ad95d1e51c813f5a'. (/home/steve/video_streaming_10g_demo_v1.4.1_2026.1_imx900_rpi/fpga/Ti375N1156-DK/ip/sapphire_gen/sapphire_gen.v:10467)
[EFX-0201 WARNING] Re-wiring to GND non-driven net/port 'dataCache_1_io_cpu_writeBack_fence_PR' in module 'VexRiscv_6da3aa8a00f24008ad95d1e51c813f5a'. (/home/steve/video_streaming_10g_demo_v1.4.1_2026.1_imx900_rpi/fpga/Ti375N1156-DK/ip/sapphire_gen/sapphire_gen.v:10468)
[EFX-0201 WARNING] Re-wiring to GND non-driven net/port 'dataCache_1_io_cpu_writeBack_fence_PO' in module 'VexRiscv_6da3aa8a00f24008ad95d1e51c813f5a'. (/home/steve/video_streaming_10g_demo_v1.4.1_2026.1_imx900_rpi/fpga/Ti375N1156-DK/ip/sapphire_gen/sapphire_gen.v:10469)
[EFX-0201 WARNING] Re-wiring to GND non-driven net/port 'dataCache_1_io_cpu_writeBack_fence_PI' in module 'VexRiscv_6da3aa8a00f24008ad95d1e51c813f5a'. (/home/steve/video_streaming_10g_demo_v1.4.1_2026.1_imx900_rpi/fpga/Ti375N1156-DK/ip/sapphire_gen/sapphire_gen.v:10470)
[EFX-0201 WARNING] Re-wiring to GND non-driven net/port 'dataCache_1_io_cpu_writeBack_fence_FM[3]' in module 'VexRiscv_6da3aa8a00f24008ad95d1e51c813f5a'. (/home/steve/video_streaming_10g_demo_v1.4.1_2026.1_imx900_rpi/fpga/Ti375N1156-DK/ip/sapphire_gen/sapphire_gen.v:10471)
[EFX-0657 WARNING] Mapping into logic memory block 'debounce_reg' (16 bits) (/home/steve/video_streaming_10g_demo_v1.4.1_2026.1_imx900_rpi/rtl/debounce_switch.v:47) because size is too small (<=64)
[EFX-0657 WARNING] Mapping into logic memory block 'logic_progbufX_mem' (64 bits) (/home/steve/video_streaming_10g_demo_v1.4.1_2026.1_imx900_rpi/fpga/Ti375N1156-DK/ip/sapphire_gen/sapphire_gen.v:9567) because size is too small (<=64)
[EFX-0657 WARNING] Mapping into logic memory block 'ram' (4 bits) (/home/steve/video_streaming_10g_demo_v1.4.1_2026.1_imx900_rpi/rtl/lib/common/frame_buffer_512/Axi4_2x512_1x512.v:1671) because size is too small (<=64)
[EFX-0656 WARNING] Optimizing into logic zero initialized read-only memory block 'inst_rd_address_decoder_1/inst_simple_dual_port_ram_00/ram__D$12'. (/home/steve/video_streaming_10g_demo_v1.4.1_2026.1_imx900_rpi/rtl/lib/common/simple_dual_port_ram.sv:32)
[EFX-0656 WARNING] Optimizing into logic zero initialized read-only memory block 'inst_rd_address_decoder_1/inst_simple_dual_port_ram_00/ram__D$2'. (/home/steve/video_streaming_10g_demo_v1.4.1_2026.1_imx900_rpi/rtl/lib/common/simple_dual_port_ram.sv:32)
[EFX-0656 WARNING] Optimizing into logic zero initialized read-only memory block 'inst_rd_address_decoder_1/inst_simple_dual_port_ram_00/ram__D$b12'. (/home/steve/video_streaming_10g_demo_v1.4.1_2026.1_imx900_rpi/rtl/lib/common/simple_dual_port_ram.sv:32)
[EFX-0656 WARNING] Optimizing into logic zero initialized read-only memory block 'inst_rd_address_decoder_1/inst_simple_dual_port_ram_00/ram__D$c12'. (/home/steve/video_streaming_10g_demo_v1.4.1_2026.1_imx900_rpi/rtl/lib/common/simple_dual_port_ram.sv:32)
[EFX-0656 WARNING] Optimizing into logic zero initialized read-only memory block 'inst_rd_address_decoder_1/inst_simple_dual_port_ram_00/ram__D$d12'. (/home/steve/video_streaming_10g_demo_v1.4.1_2026.1_imx900_rpi/rtl/lib/common/simple_dual_port_ram.sv:32)
[EFX-0656 WARNING] Optimizing into logic zero initialized read-only memory block 'inst_rd_address_decoder_1/inst_simple_dual_port_ram_00/ram__D$e12'. (/home/steve/video_streaming_10g_demo_v1.4.1_2026.1_imx900_rpi/rtl/lib/common/simple_dual_port_ram.sv:32)
[EFX-0656 WARNING] Optimizing into logic zero initialized read-only memory block 'inst_rd_address_decoder_1/inst_simple_dual_port_ram_00/ram__D$f12'. (/home/steve/video_streaming_10g_demo_v1.4.1_2026.1_imx900_rpi/rtl/lib/common/simple_dual_port_ram.sv:32)
[EFX-0656 WARNING] Optimizing into logic zero initialized read-only memory block 'inst_rd_address_decoder_1/inst_simple_dual_port_ram_00/ram__D$g12'. (/home/steve/video_streaming_10g_demo_v1.4.1_2026.1_imx900_rpi/rtl/lib/common/simple_dual_port_ram.sv:32)
[EFX-0656 WARNING] Optimizing into logic zero initialized read-only memory block 'inst_rd_address_decoder_1/inst_simple_dual_port_ram_00/ram__D$h12'. (/home/steve/video_streaming_10g_demo_v1.4.1_2026.1_imx900_rpi/rtl/lib/common/simple_dual_port_ram.sv:32)
[EFX-0656 WARNING] Optimizing into logic zero initialized read-only memory block 'inst_rd_address_decoder_1/inst_simple_dual_port_ram_00/ram__D$i12'. (/home/steve/video_streaming_10g_demo_v1.4.1_2026.1_imx900_rpi/rtl/lib/common/simple_dual_port_ram.sv:32)
[EFX-0656 WARNING] Optimizing into logic zero initialized read-only memory block 'inst_rd_address_decoder_1/inst_simple_dual_port_ram_00/ram__D$j12'. (/home/steve/video_streaming_10g_demo_v1.4.1_2026.1_imx900_rpi/rtl/lib/common/simple_dual_port_ram.sv:32)
[EFX-0656 WARNING] Optimizing into logic zero initialized read-only memory block 'inst_rd_address_decoder_1/inst_simple_dual_port_ram_00/ram__D$k12'. (/home/steve/video_streaming_10g_demo_v1.4.1_2026.1_imx900_rpi/rtl/lib/common/simple_dual_port_ram.sv:32)
[EFX-0656 WARNING] Optimizing into logic zero initialized read-only memory block 'inst_rd_address_decoder_1/inst_simple_dual_port_ram_00/ram__D$l12'. (/home/steve/video_streaming_10g_demo_v1.4.1_2026.1_imx900_rpi/rtl/lib/common/simple_dual_port_ram.sv:32)
[EFX-0656 WARNING] Optimizing into logic zero initialized read-only memory block 'inst_rd_address_decoder_1/inst_simple_dual_port_ram_00/ram__D$m12'. (/home/steve/video_streaming_10g_demo_v1.4.1_2026.1_imx900_rpi/rtl/lib/common/simple_dual_port_ram.sv:32)
[EFX-0656 WARNING] Optimizing into logic zero initialized read-only memory block 'inst_rd_address_decoder_1/inst_simple_dual_port_ram_00/ram__D$n12'. (/home/steve/video_streaming_10g_demo_v1.4.1_2026.1_imx900_rpi/rtl/lib/common/simple_dual_port_ram.sv:32)
[EFX-0656 WARNING] Optimizing into logic zero initialized read-only memory block 'inst_rd_address_decoder_1/inst_simple_dual_port_ram_00/ram__D$o12'. (/home/steve/video_streaming_10g_demo_v1.4.1_2026.1_imx900_rpi/rtl/lib/common/simple_dual_port_ram.sv:32)
[EFX-0656 WARNING] Optimizing into logic zero initialized read-only memory block 'inst_rd_address_decoder_1/inst_simple_dual_port_ram_00/ram__D$p12'. (/home/steve/video_streaming_10g_demo_v1.4.1_2026.1_imx900_rpi/rtl/lib/common/simple_dual_port_ram.sv:32)
[EFX-0656 WARNING] Optimizing into logic zero initialized read-only memory block 'inst_rd_address_decoder_1/inst_simple_dual_port_ram_00/ram__D$q12'. (/home/steve/video_streaming_10g_demo_v1.4.1_2026.1_imx900_rpi/rtl/lib/common/simple_dual_port_ram.sv:32)
[EFX-0656 WARNING] Optimizing into logic zero initialized read-only memory block 'inst_rd_address_decoder_1/inst_simple_dual_port_ram_00/ram__D$r12'. (/home/steve/video_streaming_10g_demo_v1.4.1_2026.1_imx900_rpi/rtl/lib/common/simple_dual_port_ram.sv:32)
[EFX-0656 WARNING] Optimizing into logic zero initialized read-only memory block 'inst_rd_address_decoder_1/inst_simple_dual_port_ram_00/ram__D$s12'. (/home/steve/video_streaming_10g_demo_v1.4.1_2026.1_imx900_rpi/rtl/lib/common/simple_dual_port_ram.sv:32)
[EFX-0656 WARNING] Optimizing into logic zero initialized read-only memory block 'inst_rd_address_decoder_1/inst_simple_dual_port_ram_00/ram__D$t12'. (/home/steve/video_streaming_10g_demo_v1.4.1_2026.1_imx900_rpi/rtl/lib/common/simple_dual_port_ram.sv:32)
[EFX-0656 WARNING] Optimizing into logic zero initialized read-only memory block 'inst_rd_address_decoder_1/inst_simple_dual_port_ram_00/ram__D$u12'. (/home/steve/video_streaming_10g_demo_v1.4.1_2026.1_imx900_rpi/rtl/lib/common/simple_dual_port_ram.sv:32)
[EFX-0656 WARNING] Optimizing into logic zero initialized read-only memory block 'inst_rd_address_decoder_1/inst_simple_dual_port_ram_00/ram__D$v12'. (/home/steve/video_streaming_10g_demo_v1.4.1_2026.1_imx900_rpi/rtl/lib/common/simple_dual_port_ram.sv:32)
[EFX-0656 WARNING] Optimizing into logic zero initialized read-only memory block 'inst_rd_address_decoder_1/inst_simple_dual_port_ram_00/ram__D$w12'. (/home/steve/video_streaming_10g_demo_v1.4.1_2026.1_imx900_rpi/rtl/lib/common/simple_dual_port_ram.sv:32)
[EFX-0656 WARNING] Optimizing into logic zero initialized read-only memory block 'inst_rd_address_decoder_1/inst_simple_dual_port_ram_00/ram__D$x12'. (/home/steve/video_streaming_10g_demo_v1.4.1_2026.1_imx900_rpi/rtl/lib/common/simple_dual_port_ram.sv:32)
[EFX-0656 WARNING] Optimizing into logic zero initialized read-only memory block 'inst_rd_address_decoder_1/inst_simple_dual_port_ram_00/ram__D$y1'. (/home/steve/video_streaming_10g_demo_v1.4.1_2026.1_imx900_rpi/rtl/lib/common/simple_dual_port_ram.sv:32)
[EFX-0656 WARNING] Optimizing into logic zero initialized read-only memory block 'inst_frame_buffer_512/inst_wr_address_decoder_1/genblk1[15].inst_pclk_to_axi_buffer/ram__D$1'. (/home/steve/video_streaming_10g_demo_v1.4.1_2026.1_imx900_rpi/rtl/lib/common/simple_dual_port_ram.sv:32)
[EFX-0656 WARNING] Optimizing into logic zero initialized read-only memory block 'inst_frame_buffer_512/inst_wr_address_decoder_1/genblk1[15].inst_pclk_to_axi_buffer/ram__D$2'. (/home/steve/video_streaming_10g_demo_v1.4.1_2026.1_imx900_rpi/rtl/lib/common/simple_dual_port_ram.sv:32)
[EFX-0656 WARNING] Optimizing into logic zero initialized read-only memory block 'inst_frame_buffer_512/inst_wr_address_decoder_1/genblk1[14].inst_pclk_to_axi_buffer/ram__D$1'. (/home/steve/video_streaming_10g_demo_v1.4.1_2026.1_imx900_rpi/rtl/lib/common/simple_dual_port_ram.sv:32)
[EFX-0656 WARNING] Optimizing into logic zero initialized read-only memory block 'inst_frame_buffer_512/inst_wr_address_decoder_1/genblk1[14].inst_pclk_to_axi_buffer/ram__D$2'. (/home/steve/video_streaming_10g_demo_v1.4.1_2026.1_imx900_rpi/rtl/lib/common/simple_dual_port_ram.sv:32)
[EFX-0656 WARNING] Optimizing into logic zero initialized read-only memory block 'inst_frame_buffer_512/inst_wr_address_decoder_1/genblk1[13].inst_pclk_to_axi_buffer/ram__D$1'. (/home/steve/video_streaming_10g_demo_v1.4.1_2026.1_imx900_rpi/rtl/lib/common/simple_dual_port_ram.sv:32)
[EFX-0656 WARNING] Optimizing into logic zero initialized read-only memory block 'inst_frame_buffer_512/inst_wr_address_decoder_1/genblk1[13].inst_pclk_to_axi_buffer/ram__D$2'. (/home/steve/video_streaming_10g_demo_v1.4.1_2026.1_imx900_rpi/rtl/lib/common/simple_dual_port_ram.sv:32)
[EFX-0656 WARNING] Optimizing into logic zero initialized read-only memory block 'inst_frame_buffer_512/inst_wr_address_decoder_1/genblk1[12].inst_pclk_to_axi_buffer/ram__D$1'. (/home/steve/video_streaming_10g_demo_v1.4.1_2026.1_imx900_rpi/rtl/lib/common/simple_dual_port_ram.sv:32)
[EFX-0656 WARNING] Optimizing into logic zero initialized read-only memory block 'inst_frame_buffer_512/inst_wr_address_decoder_1/genblk1[12].inst_pclk_to_axi_buffer/ram__D$2'. (/home/steve/video_streaming_10g_demo_v1.4.1_2026.1_imx900_rpi/rtl/lib/common/simple_dual_port_ram.sv:32)
[EFX-0656 WARNING] Optimizing into logic zero initialized read-only memory block 'inst_frame_buffer_512/inst_wr_address_decoder_1/genblk1[11].inst_pclk_to_axi_buffer/ram__D$1'. (/home/steve/video_streaming_10g_demo_v1.4.1_2026.1_imx900_rpi/rtl/lib/common/simple_dual_port_ram.sv:32)
[EFX-0656 WARNING] Optimizing into logic zero initialized read-only memory block 'inst_frame_buffer_512/inst_wr_address_decoder_1/genblk1[11].inst_pclk_to_axi_buffer/ram__D$2'. (/home/steve/video_streaming_10g_demo_v1.4.1_2026.1_imx900_rpi/rtl/lib/common/simple_dual_port_ram.sv:32)
[EFX-0656 WARNING] Optimizing into logic zero initialized read-only memory block 'inst_frame_buffer_512/inst_wr_address_decoder_1/genblk1[10].inst_pclk_to_axi_buffer/ram__D$1'. (/home/steve/video_streaming_10g_demo_v1.4.1_2026.1_imx900_rpi/rtl/lib/common/simple_dual_port_ram.sv:32)
[EFX-0656 WARNING] Optimizing into logic zero initialized read-only memory block 'inst_frame_buffer_512/inst_wr_address_decoder_1/genblk1[10].inst_pclk_to_axi_buffer/ram__D$2'. (/home/steve/video_streaming_10g_demo_v1.4.1_2026.1_imx900_rpi/rtl/lib/common/simple_dual_port_ram.sv:32)
[EFX-0656 WARNING] Optimizing into logic zero initialized read-only memory block 'inst_frame_buffer_512/inst_wr_address_decoder_1/genblk1[9].inst_pclk_to_axi_buffer/ram__D$1'. (/home/steve/video_streaming_10g_demo_v1.4.1_2026.1_imx900_rpi/rtl/lib/common/simple_dual_port_ram.sv:32)
[EFX-0656 WARNING] Optimizing into logic zero initialized read-only memory block 'inst_frame_buffer_512/inst_wr_address_decoder_1/genblk1[9].inst_pclk_to_axi_buffer/ram__D$2'. (/home/steve/video_streaming_10g_demo_v1.4.1_2026.1_imx900_rpi/rtl/lib/common/simple_dual_port_ram.sv:32)
[EFX-0656 WARNING] Optimizing into logic zero initialized read-only memory block 'inst_frame_buffer_512/inst_wr_address_decoder_1/genblk1[8].inst_pclk_to_axi_buffer/ram__D$1'. (/home/steve/video_streaming_10g_demo_v1.4.1_2026.1_imx900_rpi/rtl/lib/common/simple_dual_port_ram.sv:32)
[EFX-0656 WARNING] Optimizing into logic zero initialized read-only memory block 'inst_frame_buffer_512/inst_wr_address_decoder_1/genblk1[8].inst_pclk_to_axi_buffer/ram__D$2'. (/home/steve/video_streaming_10g_demo_v1.4.1_2026.1_imx900_rpi/rtl/lib/common/simple_dual_port_ram.sv:32)
[EFX-0656 WARNING] Optimizing into logic zero initialized read-only memory block 'inst_frame_buffer_512/inst_wr_address_decoder_1/genblk1[7].inst_pclk_to_axi_buffer/ram__D$1'. (/home/steve/video_streaming_10g_demo_v1.4.1_2026.1_imx900_rpi/rtl/lib/common/simple_dual_port_ram.sv:32)
[EFX-0656 WARNING] Optimizing into logic zero initialized read-only memory block 'inst_frame_buffer_512/inst_wr_address_decoder_1/genblk1[7].inst_pclk_to_axi_buffer/ram__D$2'. (/home/steve/video_streaming_10g_demo_v1.4.1_2026.1_imx900_rpi/rtl/lib/common/simple_dual_port_ram.sv:32)
[EFX-0656 WARNING] Optimizing into logic zero initialized read-only memory block 'inst_frame_buffer_512/inst_wr_address_decoder_1/genblk1[6].inst_pclk_to_axi_buffer/ram__D$1'. (/home/steve/video_streaming_10g_demo_v1.4.1_2026.1_imx900_rpi/rtl/lib/common/simple_dual_port_ram.sv:32)
[EFX-0656 WARNING] Optimizing into logic zero initialized read-only memory block 'inst_frame_buffer_512/inst_wr_address_decoder_1/genblk1[6].inst_pclk_to_axi_buffer/ram__D$2'. (/home/steve/video_streaming_10g_demo_v1.4.1_2026.1_imx900_rpi/rtl/lib/common/simple_dual_port_ram.sv:32)
[EFX-0656 WARNING] Optimizing into logic zero initialized read-only memory block 'inst_frame_buffer_512/inst_wr_address_decoder_1/genblk1[5].inst_pclk_to_axi_buffer/ram__D$1'. (/home/steve/video_streaming_10g_demo_v1.4.1_2026.1_imx900_rpi/rtl/lib/common/simple_dual_port_ram.sv:32)
[EFX-0656 WARNING] Optimizing into logic zero initialized read-only memory block 'inst_frame_buffer_512/inst_wr_address_decoder_1/genblk1[5].inst_pclk_to_axi_buffer/ram__D$2'. (/home/steve/video_streaming_10g_demo_v1.4.1_2026.1_imx900_rpi/rtl/lib/common/simple_dual_port_ram.sv:32)
[EFX-0656 WARNING] Optimizing into logic zero initialized read-only memory block 'inst_frame_buffer_512/inst_wr_address_decoder_1/genblk1[4].inst_pclk_to_axi_buffer/ram__D$1'. (/home/steve/video_streaming_10g_demo_v1.4.1_2026.1_imx900_rpi/rtl/lib/common/simple_dual_port_ram.sv:32)
[EFX-0656 WARNING] Optimizing into logic zero initialized read-only memory block 'inst_frame_buffer_512/inst_wr_address_decoder_1/genblk1[4].inst_pclk_to_axi_buffer/ram__D$2'. (/home/steve/video_streaming_10g_demo_v1.4.1_2026.1_imx900_rpi/rtl/lib/common/simple_dual_port_ram.sv:32)
[EFX-0656 WARNING] Optimizing into logic zero initialized read-only memory block 'inst_frame_buffer_512/inst_wr_address_decoder_1/genblk1[3].inst_pclk_to_axi_buffer/ram__D$1'. (/home/steve/video_streaming_10g_demo_v1.4.1_2026.1_imx900_rpi/rtl/lib/common/simple_dual_port_ram.sv:32)
[EFX-0656 WARNING] Optimizing into logic zero initialized read-only memory block 'inst_frame_buffer_512/inst_wr_address_decoder_1/genblk1[3].inst_pclk_to_axi_buffer/ram__D$2'. (/home/steve/video_streaming_10g_demo_v1.4.1_2026.1_imx900_rpi/rtl/lib/common/simple_dual_port_ram.sv:32)
[EFX-0656 WARNING] Optimizing into logic zero initialized read-only memory block 'inst_frame_buffer_512/inst_wr_address_decoder_1/genblk1[2].inst_pclk_to_axi_buffer/ram__D$1'. (/home/steve/video_streaming_10g_demo_v1.4.1_2026.1_imx900_rpi/rtl/lib/common/simple_dual_port_ram.sv:32)
[EFX-0656 WARNING] Optimizing into logic zero initialized read-only memory block 'inst_frame_buffer_512/inst_wr_address_decoder_1/genblk1[2].inst_pclk_to_axi_buffer/ram__D$2'. (/home/steve/video_streaming_10g_demo_v1.4.1_2026.1_imx900_rpi/rtl/lib/common/simple_dual_port_ram.sv:32)
[EFX-0656 WARNING] Optimizing into logic zero initialized read-only memory block 'inst_frame_buffer_512/inst_wr_address_decoder_1/genblk1[1].inst_pclk_to_axi_buffer/ram__D$1'. (/home/steve/video_streaming_10g_demo_v1.4.1_2026.1_imx900_rpi/rtl/lib/common/simple_dual_port_ram.sv:32)
[EFX-0656 WARNING] Optimizing into logic zero initialized read-only memory block 'inst_frame_buffer_512/inst_wr_address_decoder_1/genblk1[1].inst_pclk_to_axi_buffer/ram__D$2'. (/home/steve/video_streaming_10g_demo_v1.4.1_2026.1_imx900_rpi/rtl/lib/common/simple_dual_port_ram.sv:32)
[EFX-0656 WARNING] Optimizing into logic zero initialized read-only memory block 'inst_frame_buffer_512/inst_wr_address_decoder_1/genblk1[0].inst_pclk_to_axi_buffer/ram__D$1'. (/home/steve/video_streaming_10g_demo_v1.4.1_2026.1_imx900_rpi/rtl/lib/common/simple_dual_port_ram.sv:32)
[EFX-0656 WARNING] Optimizing into logic zero initialized read-only memory block 'inst_frame_buffer_512/inst_wr_address_decoder_1/genblk1[0].inst_pclk_to_axi_buffer/ram__D$2'. (/home/steve/video_streaming_10g_demo_v1.4.1_2026.1_imx900_rpi/rtl/lib/common/simple_dual_port_ram.sv:32)
[EFX-0657 WARNING] Mapping into logic memory block 'q1_apb_master/rom_mif' (1060 bits) (/home/steve/video_streaming_10g_demo_v1.4.1_2026.1_imx900_rpi/rtl/apb_master.sv:49) because read port is not synchronous.

///////////////////////////////////
// Efinity Synthesis Started 
// Sep 29, 2026 00:27:03
///////////////////////////////////

[EFX-0011 VERI-WARNING] port 'probe7' remains unconnected for this instance (VERI-1927) (/home/steve/video_streaming_10g_demo_v1.4.1_2026.1_imx900_rpi/fpga/Ti375N1156-DK/work_dbg/debug_top.v:138)
[EFX-0011 VERI-WARNING] input port 'probe7[0]' remains unconnected for this instance (VDB-1053) (/home/steve/video_streaming_10g_demo_v1.4.1_2026.1_imx900_rpi/fpga/Ti375N1156-DK/work_dbg/debug_top.v:110)
[EFX-0200 WARNING] Removing redundant signal : compared_in[0]. (/home/steve/video_streaming_10g_demo_v1.4.1_2026.1_imx900_rpi/fpga/Ti375N1156-DK/work_dbg/debug_top.v:5540)
[EFX-0200 WARNING] Removing redundant signal : mask_in[0]. (/home/steve/video_streaming_10g_demo_v1.4.1_2026.1_imx900_rpi/fpga/Ti375N1156-DK/work_dbg/debug_top.v:5541)
[EFX-0200 WARNING] Removing redundant signal : trigger_in. (/home/steve/video_streaming_10g_demo_v1.4.1_2026.1_imx900_rpi/fpga/Ti375N1156-DK/work_dbg/debug_top.v:5751)
[EFX-0200 WARNING] Removing redundant signal : clk. (/home/steve/video_streaming_10g_demo_v1.4.1_2026.1_imx900_rpi/fpga/Ti375N1156-DK/work_dbg/debug_top.v:4574)
[EFX-0200 WARNING] Removing redundant signal : full. (/home/steve/video_streaming_10g_demo_v1.4.1_2026.1_imx900_rpi/fpga/Ti375N1156-DK/work_dbg/debug_top.v:4628)
[EFX-0200 WARNING] Removing redundant signal : shift_i. (/home/steve/video_streaming_10g_demo_v1.4.1_2026.1_imx900_rpi/fpga/Ti375N1156-DK/work_dbg/debug_top.v:4898)
[EFX-0200 WARNING] Removing redundant signal : trig_out. (/home/steve/video_streaming_10g_demo_v1.4.1_2026.1_imx900_rpi/fpga/Ti375N1156-DK/work_dbg/debug_top.v:4915)
[EFX-0200 WARNING] Removing redundant signal : trig_out_ack. (/home/steve/video_streaming_10g_demo_v1.4.1_2026.1_imx900_rpi/fpga/Ti375N1156-DK/work_dbg/debug_top.v:4916)
[EFX-0200 WARNING] Removing redundant signal : bscan_DRCK. (/home/steve/video_streaming_10g_demo_v1.4.1_2026.1_imx900_rpi/fpga/Ti375N1156-DK/work_dbg/debug_top.v:1057)
[EFX-0200 WARNING] Removing redundant signal : bscan_RESET. (/home/steve/video_streaming_10g_demo_v1.4.1_2026.1_imx900_rpi/fpga/Ti375N1156-DK/work_dbg/debug_top.v:1058)
[EFX-0200 WARNING] Removing redundant signal : bscan_RUNTEST. (/home/steve/video_streaming_10g_demo_v1.4.1_2026.1_imx900_rpi/fpga/Ti375N1156-DK/work_dbg/debug_top.v:1059)
[EFX-0200 WARNING] Removing redundant signal : bscan_SEL. (/home/steve/video_streaming_10g_demo_v1.4.1_2026.1_imx900_rpi/fpga/Ti375N1156-DK/work_dbg/debug_top.v:1060)
[EFX-0200 WARNING] Removing redundant signal : bscan_TMS. (/home/steve/video_streaming_10g_demo_v1.4.1_2026.1_imx900_rpi/fpga/Ti375N1156-DK/work_dbg/debug_top.v:1064)
[EFX-0200 WARNING] Removing redundant signal : trig_in_ack. (/home/steve/video_streaming_10g_demo_v1.4.1_2026.1_imx900_rpi/fpga/Ti375N1156-DK/work_dbg/debug_top.v:1076)
[EFX-0200 WARNING] Removing redundant signal : mux_capture_cmp[6:0]. (/home/steve/video_streaming_10g_demo_v1.4.1_2026.1_imx900_rpi/fpga/Ti375N1156-DK/work_dbg/debug_top.v:3495)
[EFX-0200 WARNING] Removing redundant signal : bscan_CAPTURE. (/home/steve/video_streaming_10g_demo_v1.4.1_2026.1_imx900_rpi/fpga/Ti375N1156-DK/work_dbg/debug_top.v:296)
[EFX-0200 WARNING] Removing redundant signal : bscan_DRCK. (/home/steve/video_streaming_10g_demo_v1.4.1_2026.1_imx900_rpi/fpga/Ti375N1156-DK/work_dbg/debug_top.v:297)
[EFX-0200 WARNING] Removing redundant signal : bscan_RUNTEST. (/home/steve/video_streaming_10g_demo_v1.4.1_2026.1_imx900_rpi/fpga/Ti375N1156-DK/work_dbg/debug_top.v:299)
[EFX-0200 WARNING] Removing redundant signal : bscan_TMS. (/home/steve/video_streaming_10g_demo_v1.4.1_2026.1_imx900_rpi/fpga/Ti375N1156-DK/work_dbg/debug_top.v:304)
[EFX-0201 WARNING] Re-wiring to GND non-driven net/port 'probe7[0]' in module 'edb_la_top_7f1f49e4795244fab99fb246b5f3df2b(NUM_PROBES=7,DATA_DEPTH=65536,INPUT_PIPE_STAGES=1,UUID=128'b0110110000101110110101000100100011101001100111101000110001011111000101011100011101001101010110101001010011010111101001010111110,PROBE0_TYPE=1,PROBE1_TYPE=1,PROBE2_TYPE=1,PROBE3_TYPE=1,PROBE4_TYPE=1,PROBE5_TYPE=1,PROBE6_TYPE=1)'. (/home/steve/video_streaming_10g_demo_v1.4.1_2026.1_imx900_rpi/fpga/Ti375N1156-DK/work_dbg/debug_top.v:110)
[EFX-0201 WARNING] Re-wiring to GND non-driven net/port 'probe8[0]' in module 'edb_la_top_7f1f49e4795244fab99fb246b5f3df2b(NUM_PROBES=7,DATA_DEPTH=65536,INPUT_PIPE_STAGES=1,UUID=128'b0110110000101110110101000100100011101001100111101000110001011111000101011100011101001101010110101001010011010111101001010111110,PROBE0_TYPE=1,PROBE1_TYPE=1,PROBE2_TYPE=1,PROBE3_TYPE=1,PROBE4_TYPE=1,PROBE5_TYPE=1,PROBE6_TYPE=1)'. (/home/steve/video_streaming_10g_demo_v1.4.1_2026.1_imx900_rpi/fpga/Ti375N1156-DK/work_dbg/debug_top.v:110)
[EFX-0201 WARNING] Re-wiring to GND non-driven net/port 'probe9[0]' in module 'edb_la_top_7f1f49e4795244fab99fb246b5f3df2b(NUM_PROBES=7,DATA_DEPTH=65536,INPUT_PIPE_STAGES=1,UUID=128'b0110110000101110110101000100100011101001100111101000110001011111000101011100011101001101010110101001010011010111101001010111110,PROBE0_TYPE=1,PROBE1_TYPE=1,PROBE2_TYPE=1,PROBE3_TYPE=1,PROBE4_TYPE=1,PROBE5_TYPE=1,PROBE6_TYPE=1)'. (/home/steve/video_streaming_10g_demo_v1.4.1_2026.1_imx900_rpi/fpga/Ti375N1156-DK/work_dbg/debug_top.v:110)
[EFX-0201 WARNING] Re-wiring to GND non-driven net/port 'probe10[0]' in module 'edb_la_top_7f1f49e4795244fab99fb246b5f3df2b(NUM_PROBES=7,DATA_DEPTH=65536,INPUT_PIPE_STAGES=1,UUID=128'b0110110000101110110101000100100011101001100111101000110001011111000101011100011101001101010110101001010011010111101001010111110,PROBE0_TYPE=1,PROBE1_TYPE=1,PROBE2_TYPE=1,PROBE3_TYPE=1,PROBE4_TYPE=1,PROBE5_TYPE=1,PROBE6_TYPE=1)'. (/home/steve/video_streaming_10g_demo_v1.4.1_2026.1_imx900_rpi/fpga/Ti375N1156-DK/work_dbg/debug_top.v:110)
[EFX-0201 WARNING] Re-wiring to GND non-driven net/port 'probe11[0]' in module 'edb_la_top_7f1f49e4795244fab99fb246b5f3df2b(NUM_PROBES=7,DATA_DEPTH=65536,INPUT_PIPE_STAGES=1,UUID=128'b0110110000101110110101000100100011101001100111101000110001011111000101011100011101001101010110101001010011010111101001010111110,PROBE0_TYPE=1,PROBE1_TYPE=1,PROBE2_TYPE=1,PROBE3_TYPE=1,PROBE4_TYPE=1,PROBE5_TYPE=1,PROBE6_TYPE=1)'. (/home/steve/video_streaming_10g_demo_v1.4.1_2026.1_imx900_rpi/fpga/Ti375N1156-DK/work_dbg/debug_top.v:110)
[EFX-0201 WARNING] Re-wiring to GND non-driven net/port 'probe12[0]' in module 'edb_la_top_7f1f49e4795244fab99fb246b5f3df2b(NUM_PROBES=7,DATA_DEPTH=65536,INPUT_PIPE_STAGES=1,UUID=128'b0110110000101110110101000100100011101001100111101000110001011111000101011100011101001101010110101001010011010111101001010111110,PROBE0_TYPE=1,PROBE1_TYPE=1,PROBE2_TYPE=1,PROBE3_TYPE=1,PROBE4_TYPE=1,PROBE5_TYPE=1,PROBE6_TYPE=1)'. (/home/steve/video_streaming_10g_demo_v1.4.1_2026.1_imx900_rpi/fpga/Ti375N1156-DK/work_dbg/debug_top.v:110)
[EFX-0201 WARNING] Re-wiring to GND non-driven net/port 'probe13[0]' in module 'edb_la_top_7f1f49e4795244fab99fb246b5f3df2b(NUM_PROBES=7,DATA_DEPTH=65536,INPUT_PIPE_STAGES=1,UUID=128'b0110110000101110110101000100100011101001100111101000110001011111000101011100011101001101010110101001010011010111101001010111110,PROBE0_TYPE=1,PROBE1_TYPE=1,PROBE2_TYPE=1,PROBE3_TYPE=1,PROBE4_TYPE=1,PROBE5_TYPE=1,PROBE6_TYPE=1)'. (/home/steve/video_streaming_10g_demo_v1.4.1_2026.1_imx900_rpi/fpga/Ti375N1156-DK/work_dbg/debug_top.v:110)
[EFX-0201 WARNING] Re-wiring to GND non-driven net/port 'probe14[0]' in module 'edb_la_top_7f1f49e4795244fab99fb246b5f3df2b(NUM_PROBES=7,DATA_DEPTH=65536,INPUT_PIPE_STAGES=1,UUID=128'b0110110000101110110101000100100011101001100111101000110001011111000101011100011101001101010110101001010011010111101001010111110,PROBE0_TYPE=1,PROBE1_TYPE=1,PROBE2_TYPE=1,PROBE3_TYPE=1,PROBE4_TYPE=1,PROBE5_TYPE=1,PROBE6_TYPE=1)'. (/home/steve/video_streaming_10g_demo_v1.4.1_2026.1_imx900_rpi/fpga/Ti375N1156-DK/work_dbg/debug_top.v:110)
[EFX-0201 WARNING] Re-wiring to GND non-driven net/port 'probe15[0]' in module 'edb_la_top_7f1f49e4795244fab99fb246b5f3df2b(NUM_PROBES=7,DATA_DEPTH=65536,INPUT_PIPE_STAGES=1,UUID=128'b0110110000101110110101000100100011101001100111101000110001011111000101011100011101001101010110101001010011010111101001010111110,PROBE0_TYPE=1,PROBE1_TYPE=1,PROBE2_TYPE=1,PROBE3_TYPE=1,PROBE4_TYPE=1,PROBE5_TYPE=1,PROBE6_TYPE=1)'. (/home/steve/video_streaming_10g_demo_v1.4.1_2026.1_imx900_rpi/fpga/Ti375N1156-DK/work_dbg/debug_top.v:110)
[EFX-0201 WARNING] Re-wiring to GND non-driven net/port 'probe16[0]' in module 'edb_la_top_7f1f49e4795244fab99fb246b5f3df2b(NUM_PROBES=7,DATA_DEPTH=65536,INPUT_PIPE_STAGES=1,UUID=128'b0110110000101110110101000100100011101001100111101000110001011111000101011100011101001101010110101001010011010111101001010111110,PROBE0_TYPE=1,PROBE1_TYPE=1,PROBE2_TYPE=1,PROBE3_TYPE=1,PROBE4_TYPE=1,PROBE5_TYPE=1,PROBE6_TYPE=1)'. (/home/steve/video_streaming_10g_demo_v1.4.1_2026.1_imx900_rpi/fpga/Ti375N1156-DK/work_dbg/debug_top.v:110)
[EFX-0011 VERI-WARNING] Input/inout port bscan_DRCK is unconnected. Place and route may remove this unconnected port. (VDB-8003) (/home/steve/video_streaming_10g_demo_v1.4.1_2026.1_imx900_rpi/fpga/Ti375N1156-DK/work_dbg/debug_top.v:17)
[EFX-0011 VERI-WARNING] Input/inout port bscan_RUNTEST is unconnected. Place and route may remove this unconnected port. (VDB-8003) (/home/steve/video_streaming_10g_demo_v1.4.1_2026.1_imx900_rpi/fpga/Ti375N1156-DK/work_dbg/debug_top.v:19)
[EFX-0011 VERI-WARNING] Input/inout port bscan_TMS is unconnected. Place and route may remove this unconnected port. (VDB-8003) (/home/steve/video_streaming_10g_demo_v1.4.1_2026.1_imx900_rpi/fpga/Ti375N1156-DK/work_dbg/debug_top.v:24)
[EFX-0011 VERI-WARNING] Found 3 warnings in the post-synthesis netlist. 

///////////////////////////////////
// Efinity Synthesis Started 
// Sep 29, 2026 00:27:17
///////////////////////////////////

[EFX-0256 WARNING] The primary output port 'sfp0_PMA_TX_ELEC_IDLE' wire 'sfp0_PMA_TX_ELEC_IDLE' is not driven.
[EFX-0256 WARNING] The primary output port 'sfp0_ETH_EEE_ALERT_EN' wire 'sfp0_ETH_EEE_ALERT_EN' is not driven.
[EFX-0200 WARNING] Removing redundant signal : k[31:0]. (/home/steve/video_streaming_10g_demo_v1.4.1_2026.1_imx900_rpi/rtl/debounce_switch.v:56)
[EFX-0200 WARNING] Removing redundant signal : rom_read. (/home/steve/video_streaming_10g_demo_v1.4.1_2026.1_imx900_rpi/rtl/apb_master.sv:48)
[EFX-0200 WARNING] Removing redundant signal : j[31:0]. (/home/steve/video_streaming_10g_demo_v1.4.1_2026.1_imx900_rpi/rtl/apb_master.sv:212)
[EFX-0200 WARNING] Removing redundant signal : q[31:0]. (/home/steve/video_streaming_10g_demo_v1.4.1_2026.1_imx900_rpi/rtl/apb_master.sv:212)
[EFX-0200 WARNING] Removing redundant signal : PADDR[19:10]. (/home/steve/video_streaming_10g_demo_v1.4.1_2026.1_imx900_rpi/rtl/apb3_slave.sv:45)
[EFX-0200 WARNING] Removing redundant signal : PADDR[1:0]. (/home/steve/video_streaming_10g_demo_v1.4.1_2026.1_imx900_rpi/rtl/apb3_slave.sv:45)
[EFX-0200 WARNING] Removing redundant signal : byteIndex[31:0]. (/home/steve/video_streaming_10g_demo_v1.4.1_2026.1_imx900_rpi/rtl/apb3_slave.sv:69)
[EFX-0200 WARNING] Removing redundant signal : io_cpu_prefetch_isValid. (/home/steve/video_streaming_10g_demo_v1.4.1_2026.1_imx900_rpi/fpga/Ti375N1156-DK/ip/sapphire_gen/sapphire_gen.v:18748)
[EFX-0200 WARNING] Removing redundant signal : io_cpu_fetch_isRemoved. (/home/steve/video_streaming_10g_demo_v1.4.1_2026.1_imx900_rpi/fpga/Ti375N1156-DK/ip/sapphire_gen/sapphire_gen.v:18753)
[EFX-0200 WARNING] Removing redundant signal : io_cpu_decode_isValid. (/home/steve/video_streaming_10g_demo_v1.4.1_2026.1_imx900_rpi/fpga/Ti375N1156-DK/ip/sapphire_gen/sapphire_gen.v:18766)
[EFX-0200 WARNING] Removing redundant signal : io_cpu_decode_isUser. (/home/steve/video_streaming_10g_demo_v1.4.1_2026.1_imx900_rpi/fpga/Ti375N1156-DK/ip/sapphire_gen/sapphire_gen.v:18775)
[EFX-0200 WARNING] Removing redundant signal : io_cpu_prefetch_pc[31:12]. (/home/steve/video_streaming_10g_demo_v1.4.1_2026.1_imx900_rpi/fpga/Ti375N1156-DK/ip/sapphire_gen/sapphire_gen.v:18750)
[EFX-0200 WARNING] Removing redundant signal : io_cpu_prefetch_pc[1:0]. (/home/steve/video_streaming_10g_demo_v1.4.1_2026.1_imx900_rpi/fpga/Ti375N1156-DK/ip/sapphire_gen/sapphire_gen.v:18750)
[EFX-0200 WARNING] Removing redundant signal : io_cpu_fetch_pc[31:0]. (/home/steve/video_streaming_10g_demo_v1.4.1_2026.1_imx900_rpi/fpga/Ti375N1156-DK/ip/sapphire_gen/sapphire_gen.v:18754)
[EFX-0200 WARNING] Removing redundant signal : io_cpu_decode_pc[31:0]. (/home/steve/video_streaming_10g_demo_v1.4.1_2026.1_imx900_rpi/fpga/Ti375N1156-DK/ip/sapphire_gen/sapphire_gen.v:18768)
[EFX-0200 WARNING] Removing redundant signal : io_cpu_writeBack_isFiring. (/home/steve/video_streaming_10g_demo_v1.4.1_2026.1_imx900_rpi/fpga/Ti375N1156-DK/ip/sapphire_gen/sapphire_gen.v:17915)
[EFX-0200 WARNING] Removing redundant signal : io_cpu_writeBack_isUser. (/home/steve/video_streaming_10g_demo_v1.4.1_2026.1_imx900_rpi/fpga/Ti375N1156-DK/ip/sapphire_gen/sapphire_gen.v:17916)
[EFX-0200 WARNING] Removing redundant signal : io_cpu_writeBack_fence_SW. (/home/steve/video_streaming_10g_demo_v1.4.1_2026.1_imx900_rpi/fpga/Ti375N1156-DK/ip/sapphire_gen/sapphire_gen.v:17926)
[EFX-0200 WARNING] Removing redundant signal : io_cpu_writeBack_fence_SR. (/home/steve/video_streaming_10g_demo_v1.4.1_2026.1_imx900_rpi/fpga/Ti375N1156-DK/ip/sapphire_gen/sapphire_gen.v:17927)
[EFX-0200 WARNING] Removing redundant signal : io_cpu_writeBack_fence_SO. (/home/steve/video_streaming_10g_demo_v1.4.1_2026.1_imx900_rpi/fpga/Ti375N1156-DK/ip/sapphire_gen/sapphire_gen.v:17928)
[EFX-0201 WARNING] Re-wiring to GND non-driven net/port 'IBusCachedPlugin_cache_io_cpu_fetch_isRemoved' in module 'VexRiscv_6da3aa8a00f24008ad95d1e51c813f5a'. (/home/steve/video_streaming_10g_demo_v1.4.1_2026.1_imx900_rpi/fpga/Ti375N1156-DK/ip/sapphire_gen/sapphire_gen.v:10450)
[EFX-0201 WARNING] Re-wiring to GND non-driven net/port 'dataCache_1_io_cpu_writeBack_fence_SW' in module 'VexRiscv_6da3aa8a00f24008ad95d1e51c813f5a'. (/home/steve/video_streaming_10g_demo_v1.4.1_2026.1_imx900_rpi/fpga/Ti375N1156-DK/ip/sapphire_gen/sapphire_gen.v:10463)
[EFX-0201 WARNING] Re-wiring to GND non-driven net/port 'dataCache_1_io_cpu_writeBack_fence_SR' in module 'VexRiscv_6da3aa8a00f24008ad95d1e51c813f5a'. (/home/steve/video_streaming_10g_demo_v1.4.1_2026.1_imx900_rpi/fpga/Ti375N1156-DK/ip/sapphire_gen/sapphire_gen.v:10464)
[EFX-0201 WARNING] Re-wiring to GND non-driven net/port 'dataCache_1_io_cpu_writeBack_fence_SO' in module 'VexRiscv_6da3aa8a00f24008ad95d1e51c813f5a'. (/home/steve/video_streaming_10g_demo_v1.4.1_2026.1_imx900_rpi/fpga/Ti375N1156-DK/ip/sapphire_gen/sapphire_gen.v:10465)
[EFX-0201 WARNING] Re-wiring to GND non-driven net/port 'dataCache_1_io_cpu_writeBack_fence_SI' in module 'VexRiscv_6da3aa8a00f24008ad95d1e51c813f5a'. (/home/steve/video_streaming_10g_demo_v1.4.1_2026.1_imx900_rpi/fpga/Ti375N1156-DK/ip/sapphire_gen/sapphire_gen.v:10466)
[EFX-0201 WARNING] Re-wiring to GND non-driven net/port 'dataCache_1_io_cpu_writeBack_fence_PW' in module 'VexRiscv_6da3aa8a00f24008ad95d1e51c813f5a'. (/home/steve/video_streaming_10g_demo_v1.4.1_2026.1_imx900_rpi/fpga/Ti375N1156-DK/ip/sapphire_gen/sapphire_gen.v:10467)
[EFX-0201 WARNING] Re-wiring to GND non-driven net/port 'dataCache_1_io_cpu_writeBack_fence_PR' in module 'VexRiscv_6da3aa8a00f24008ad95d1e51c813f5a'. (/home/steve/video_streaming_10g_demo_v1.4.1_2026.1_imx900_rpi/fpga/Ti375N1156-DK/ip/sapphire_gen/sapphire_gen.v:10468)
[EFX-0201 WARNING] Re-wiring to GND non-driven net/port 'dataCache_1_io_cpu_writeBack_fence_PO' in module 'VexRiscv_6da3aa8a00f24008ad95d1e51c813f5a'. (/home/steve/video_streaming_10g_demo_v1.4.1_2026.1_imx900_rpi/fpga/Ti375N1156-DK/ip/sapphire_gen/sapphire_gen.v:10469)
[EFX-0201 WARNING] Re-wiring to GND non-driven net/port 'dataCache_1_io_cpu_writeBack_fence_PI' in module 'VexRiscv_6da3aa8a00f24008ad95d1e51c813f5a'. (/home/steve/video_streaming_10g_demo_v1.4.1_2026.1_imx900_rpi/fpga/Ti375N1156-DK/ip/sapphire_gen/sapphire_gen.v:10470)
[EFX-0201 WARNING] Re-wiring to GND non-driven net/port 'dataCache_1_io_cpu_writeBack_fence_FM[3]' in module 'VexRiscv_6da3aa8a00f24008ad95d1e51c813f5a'. (/home/steve/video_streaming_10g_demo_v1.4.1_2026.1_imx900_rpi/fpga/Ti375N1156-DK/ip/sapphire_gen/sapphire_gen.v:10471)
[EFX-0657 WARNING] Mapping into logic memory block 'debounce_reg' (16 bits) (/home/steve/video_streaming_10g_demo_v1.4.1_2026.1_imx900_rpi/rtl/debounce_switch.v:47) because size is too small (<=64)
[EFX-0657 WARNING] Mapping into logic memory block 'logic_progbufX_mem' (64 bits) (/home/steve/video_streaming_10g_demo_v1.4.1_2026.1_imx900_rpi/fpga/Ti375N1156-DK/ip/sapphire_gen/sapphire_gen.v:9567) because size is too small (<=64)
[EFX-0657 WARNING] Mapping into logic memory block 'ram' (4 bits) (/home/steve/video_streaming_10g_demo_v1.4.1_2026.1_imx900_rpi/rtl/lib/common/frame_buffer_512/Axi4_2x512_1x512.v:1671) because size is too small (<=64)
[EFX-0656 WARNING] Optimizing into logic zero initialized read-only memory block 'inst_rd_address_decoder_1/inst_simple_dual_port_ram_00/ram__D$12'. (/home/steve/video_streaming_10g_demo_v1.4.1_2026.1_imx900_rpi/rtl/lib/common/simple_dual_port_ram.sv:32)
[EFX-0656 WARNING] Optimizing into logic zero initialized read-only memory block 'inst_rd_address_decoder_1/inst_simple_dual_port_ram_00/ram__D$2'. (/home/steve/video_streaming_10g_demo_v1.4.1_2026.1_imx900_rpi/rtl/lib/common/simple_dual_port_ram.sv:32)
[EFX-0656 WARNING] Optimizing into logic zero initialized read-only memory block 'inst_rd_address_decoder_1/inst_simple_dual_port_ram_00/ram__D$b12'. (/home/steve/video_streaming_10g_demo_v1.4.1_2026.1_imx900_rpi/rtl/lib/common/simple_dual_port_ram.sv:32)
[EFX-0656 WARNING] Optimizing into logic zero initialized read-only memory block 'inst_rd_address_decoder_1/inst_simple_dual_port_ram_00/ram__D$c12'. (/home/steve/video_streaming_10g_demo_v1.4.1_2026.1_imx900_rpi/rtl/lib/common/simple_dual_port_ram.sv:32)
[EFX-0656 WARNING] Optimizing into logic zero initialized read-only memory block 'inst_rd_address_decoder_1/inst_simple_dual_port_ram_00/ram__D$d12'. (/home/steve/video_streaming_10g_demo_v1.4.1_2026.1_imx900_rpi/rtl/lib/common/simple_dual_port_ram.sv:32)
[EFX-0656 WARNING] Optimizing into logic zero initialized read-only memory block 'inst_rd_address_decoder_1/inst_simple_dual_port_ram_00/ram__D$e12'. (/home/steve/video_streaming_10g_demo_v1.4.1_2026.1_imx900_rpi/rtl/lib/common/simple_dual_port_ram.sv:32)
[EFX-0656 WARNING] Optimizing into logic zero initialized read-only memory block 'inst_rd_address_decoder_1/inst_simple_dual_port_ram_00/ram__D$f12'. (/home/steve/video_streaming_10g_demo_v1.4.1_2026.1_imx900_rpi/rtl/lib/common/simple_dual_port_ram.sv:32)
[EFX-0656 WARNING] Optimizing into logic zero initialized read-only memory block 'inst_rd_address_decoder_1/inst_simple_dual_port_ram_00/ram__D$g12'. (/home/steve/video_streaming_10g_demo_v1.4.1_2026.1_imx900_rpi/rtl/lib/common/simple_dual_port_ram.sv:32)
[EFX-0656 WARNING] Optimizing into logic zero initialized read-only memory block 'inst_rd_address_decoder_1/inst_simple_dual_port_ram_00/ram__D$h12'. (/home/steve/video_streaming_10g_demo_v1.4.1_2026.1_imx900_rpi/rtl/lib/common/simple_dual_port_ram.sv:32)
[EFX-0656 WARNING] Optimizing into logic zero initialized read-only memory block 'inst_rd_address_decoder_1/inst_simple_dual_port_ram_00/ram__D$i12'. (/home/steve/video_streaming_10g_demo_v1.4.1_2026.1_imx900_rpi/rtl/lib/common/simple_dual_port_ram.sv:32)
[EFX-0656 WARNING] Optimizing into logic zero initialized read-only memory block 'inst_rd_address_decoder_1/inst_simple_dual_port_ram_00/ram__D$j12'. (/home/steve/video_streaming_10g_demo_v1.4.1_2026.1_imx900_rpi/rtl/lib/common/simple_dual_port_ram.sv:32)
[EFX-0656 WARNING] Optimizing into logic zero initialized read-only memory block 'inst_rd_address_decoder_1/inst_simple_dual_port_ram_00/ram__D$k12'. (/home/steve/video_streaming_10g_demo_v1.4.1_2026.1_imx900_rpi/rtl/lib/common/simple_dual_port_ram.sv:32)
[EFX-0656 WARNING] Optimizing into logic zero initialized read-only memory block 'inst_rd_address_decoder_1/inst_simple_dual_port_ram_00/ram__D$l12'. (/home/steve/video_streaming_10g_demo_v1.4.1_2026.1_imx900_rpi/rtl/lib/common/simple_dual_port_ram.sv:32)
[EFX-0656 WARNING] Optimizing into logic zero initialized read-only memory block 'inst_rd_address_decoder_1/inst_simple_dual_port_ram_00/ram__D$m12'. (/home/steve/video_streaming_10g_demo_v1.4.1_2026.1_imx900_rpi/rtl/lib/common/simple_dual_port_ram.sv:32)
[EFX-0656 WARNING] Optimizing into logic zero initialized read-only memory block 'inst_rd_address_decoder_1/inst_simple_dual_port_ram_00/ram__D$n12'. (/home/steve/video_streaming_10g_demo_v1.4.1_2026.1_imx900_rpi/rtl/lib/common/simple_dual_port_ram.sv:32)
[EFX-0656 WARNING] Optimizing into logic zero initialized read-only memory block 'inst_rd_address_decoder_1/inst_simple_dual_port_ram_00/ram__D$o12'. (/home/steve/video_streaming_10g_demo_v1.4.1_2026.1_imx900_rpi/rtl/lib/common/simple_dual_port_ram.sv:32)
[EFX-0656 WARNING] Optimizing into logic zero initialized read-only memory block 'inst_rd_address_decoder_1/inst_simple_dual_port_ram_00/ram__D$p12'. (/home/steve/video_streaming_10g_demo_v1.4.1_2026.1_imx900_rpi/rtl/lib/common/simple_dual_port_ram.sv:32)
[EFX-0656 WARNING] Optimizing into logic zero initialized read-only memory block 'inst_rd_address_decoder_1/inst_simple_dual_port_ram_00/ram__D$q12'. (/home/steve/video_streaming_10g_demo_v1.4.1_2026.1_imx900_rpi/rtl/lib/common/simple_dual_port_ram.sv:32)
[EFX-0656 WARNING] Optimizing into logic zero initialized read-only memory block 'inst_rd_address_decoder_1/inst_simple_dual_port_ram_00/ram__D$r12'. (/home/steve/video_streaming_10g_demo_v1.4.1_2026.1_imx900_rpi/rtl/lib/common/simple_dual_port_ram.sv:32)
[EFX-0656 WARNING] Optimizing into logic zero initialized read-only memory block 'inst_rd_address_decoder_1/inst_simple_dual_port_ram_00/ram__D$s12'. (/home/steve/video_streaming_10g_demo_v1.4.1_2026.1_imx900_rpi/rtl/lib/common/simple_dual_port_ram.sv:32)
[EFX-0656 WARNING] Optimizing into logic zero initialized read-only memory block 'inst_rd_address_decoder_1/inst_simple_dual_port_ram_00/ram__D$t12'. (/home/steve/video_streaming_10g_demo_v1.4.1_2026.1_imx900_rpi/rtl/lib/common/simple_dual_port_ram.sv:32)
[EFX-0656 WARNING] Optimizing into logic zero initialized read-only memory block 'inst_rd_address_decoder_1/inst_simple_dual_port_ram_00/ram__D$u12'. (/home/steve/video_streaming_10g_demo_v1.4.1_2026.1_imx900_rpi/rtl/lib/common/simple_dual_port_ram.sv:32)
[EFX-0656 WARNING] Optimizing into logic zero initialized read-only memory block 'inst_rd_address_decoder_1/inst_simple_dual_port_ram_00/ram__D$v12'. (/home/steve/video_streaming_10g_demo_v1.4.1_2026.1_imx900_rpi/rtl/lib/common/simple_dual_port_ram.sv:32)
[EFX-0656 WARNING] Optimizing into logic zero initialized read-only memory block 'inst_rd_address_decoder_1/inst_simple_dual_port_ram_00/ram__D$w12'. (/home/steve/video_streaming_10g_demo_v1.4.1_2026.1_imx900_rpi/rtl/lib/common/simple_dual_port_ram.sv:32)
[EFX-0656 WARNING] Optimizing into logic zero initialized read-only memory block 'inst_rd_address_decoder_1/inst_simple_dual_port_ram_00/ram__D$x12'. (/home/steve/video_streaming_10g_demo_v1.4.1_2026.1_imx900_rpi/rtl/lib/common/simple_dual_port_ram.sv:32)
[EFX-0656 WARNING] Optimizing into logic zero initialized read-only memory block 'inst_rd_address_decoder_1/inst_simple_dual_port_ram_00/ram__D$y1'. (/home/steve/video_streaming_10g_demo_v1.4.1_2026.1_imx900_rpi/rtl/lib/common/simple_dual_port_ram.sv:32)
[EFX-0656 WARNING] Optimizing into logic zero initialized read-only memory block 'inst_frame_buffer_512/inst_wr_address_decoder_1/genblk1[15].inst_pclk_to_axi_buffer/ram__D$1'. (/home/steve/video_streaming_10g_demo_v1.4.1_2026.1_imx900_rpi/rtl/lib/common/simple_dual_port_ram.sv:32)
[EFX-0656 WARNING] Optimizing into logic zero initialized read-only memory block 'inst_frame_buffer_512/inst_wr_address_decoder_1/genblk1[15].inst_pclk_to_axi_buffer/ram__D$2'. (/home/steve/video_streaming_10g_demo_v1.4.1_2026.1_imx900_rpi/rtl/lib/common/simple_dual_port_ram.sv:32)
[EFX-0656 WARNING] Optimizing into logic zero initialized read-only memory block 'inst_frame_buffer_512/inst_wr_address_decoder_1/genblk1[14].inst_pclk_to_axi_buffer/ram__D$1'. (/home/steve/video_streaming_10g_demo_v1.4.1_2026.1_imx900_rpi/rtl/lib/common/simple_dual_port_ram.sv:32)
[EFX-0656 WARNING] Optimizing into logic zero initialized read-only memory block 'inst_frame_buffer_512/inst_wr_address_decoder_1/genblk1[14].inst_pclk_to_axi_buffer/ram__D$2'. (/home/steve/video_streaming_10g_demo_v1.4.1_2026.1_imx900_rpi/rtl/lib/common/simple_dual_port_ram.sv:32)
[EFX-0656 WARNING] Optimizing into logic zero initialized read-only memory block 'inst_frame_buffer_512/inst_wr_address_decoder_1/genblk1[13].inst_pclk_to_axi_buffer/ram__D$1'. (/home/steve/video_streaming_10g_demo_v1.4.1_2026.1_imx900_rpi/rtl/lib/common/simple_dual_port_ram.sv:32)
[EFX-0656 WARNING] Optimizing into logic zero initialized read-only memory block 'inst_frame_buffer_512/inst_wr_address_decoder_1/genblk1[13].inst_pclk_to_axi_buffer/ram__D$2'. (/home/steve/video_streaming_10g_demo_v1.4.1_2026.1_imx900_rpi/rtl/lib/common/simple_dual_port_ram.sv:32)
[EFX-0656 WARNING] Optimizing into logic zero initialized read-only memory block 'inst_frame_buffer_512/inst_wr_address_decoder_1/genblk1[12].inst_pclk_to_axi_buffer/ram__D$1'. (/home/steve/video_streaming_10g_demo_v1.4.1_2026.1_imx900_rpi/rtl/lib/common/simple_dual_port_ram.sv:32)
[EFX-0656 WARNING] Optimizing into logic zero initialized read-only memory block 'inst_frame_buffer_512/inst_wr_address_decoder_1/genblk1[12].inst_pclk_to_axi_buffer/ram__D$2'. (/home/steve/video_streaming_10g_demo_v1.4.1_2026.1_imx900_rpi/rtl/lib/common/simple_dual_port_ram.sv:32)
[EFX-0656 WARNING] Optimizing into logic zero initialized read-only memory block 'inst_frame_buffer_512/inst_wr_address_decoder_1/genblk1[11].inst_pclk_to_axi_buffer/ram__D$1'. (/home/steve/video_streaming_10g_demo_v1.4.1_2026.1_imx900_rpi/rtl/lib/common/simple_dual_port_ram.sv:32)
[EFX-0656 WARNING] Optimizing into logic zero initialized read-only memory block 'inst_frame_buffer_512/inst_wr_address_decoder_1/genblk1[11].inst_pclk_to_axi_buffer/ram__D$2'. (/home/steve/video_streaming_10g_demo_v1.4.1_2026.1_imx900_rpi/rtl/lib/common/simple_dual_port_ram.sv:32)
[EFX-0656 WARNING] Optimizing into logic zero initialized read-only memory block 'inst_frame_buffer_512/inst_wr_address_decoder_1/genblk1[10].inst_pclk_to_axi_buffer/ram__D$1'. (/home/steve/video_streaming_10g_demo_v1.4.1_2026.1_imx900_rpi/rtl/lib/common/simple_dual_port_ram.sv:32)
[EFX-0656 WARNING] Optimizing into logic zero initialized read-only memory block 'inst_frame_buffer_512/inst_wr_address_decoder_1/genblk1[10].inst_pclk_to_axi_buffer/ram__D$2'. (/home/steve/video_streaming_10g_demo_v1.4.1_2026.1_imx900_rpi/rtl/lib/common/simple_dual_port_ram.sv:32)
[EFX-0656 WARNING] Optimizing into logic zero initialized read-only memory block 'inst_frame_buffer_512/inst_wr_address_decoder_1/genblk1[9].inst_pclk_to_axi_buffer/ram__D$1'. (/home/steve/video_streaming_10g_demo_v1.4.1_2026.1_imx900_rpi/rtl/lib/common/simple_dual_port_ram.sv:32)
[EFX-0656 WARNING] Optimizing into logic zero initialized read-only memory block 'inst_frame_buffer_512/inst_wr_address_decoder_1/genblk1[9].inst_pclk_to_axi_buffer/ram__D$2'. (/home/steve/video_streaming_10g_demo_v1.4.1_2026.1_imx900_rpi/rtl/lib/common/simple_dual_port_ram.sv:32)
[EFX-0656 WARNING] Optimizing into logic zero initialized read-only memory block 'inst_frame_buffer_512/inst_wr_address_decoder_1/genblk1[8].inst_pclk_to_axi_buffer/ram__D$1'. (/home/steve/video_streaming_10g_demo_v1.4.1_2026.1_imx900_rpi/rtl/lib/common/simple_dual_port_ram.sv:32)
[EFX-0656 WARNING] Optimizing into logic zero initialized read-only memory block 'inst_frame_buffer_512/inst_wr_address_decoder_1/genblk1[8].inst_pclk_to_axi_buffer/ram__D$2'. (/home/steve/video_streaming_10g_demo_v1.4.1_2026.1_imx900_rpi/rtl/lib/common/simple_dual_port_ram.sv:32)
[EFX-0656 WARNING] Optimizing into logic zero initialized read-only memory block 'inst_frame_buffer_512/inst_wr_address_decoder_1/genblk1[7].inst_pclk_to_axi_buffer/ram__D$1'. (/home/steve/video_streaming_10g_demo_v1.4.1_2026.1_imx900_rpi/rtl/lib/common/simple_dual_port_ram.sv:32)
[EFX-0656 WARNING] Optimizing into logic zero initialized read-only memory block 'inst_frame_buffer_512/inst_wr_address_decoder_1/genblk1[7].inst_pclk_to_axi_buffer/ram__D$2'. (/home/steve/video_streaming_10g_demo_v1.4.1_2026.1_imx900_rpi/rtl/lib/common/simple_dual_port_ram.sv:32)
[EFX-0656 WARNING] Optimizing into logic zero initialized read-only memory block 'inst_frame_buffer_512/inst_wr_address_decoder_1/genblk1[6].inst_pclk_to_axi_buffer/ram__D$1'. (/home/steve/video_streaming_10g_demo_v1.4.1_2026.1_imx900_rpi/rtl/lib/common/simple_dual_port_ram.sv:32)
[EFX-0656 WARNING] Optimizing into logic zero initialized read-only memory block 'inst_frame_buffer_512/inst_wr_address_decoder_1/genblk1[6].inst_pclk_to_axi_buffer/ram__D$2'. (/home/steve/video_streaming_10g_demo_v1.4.1_2026.1_imx900_rpi/rtl/lib/common/simple_dual_port_ram.sv:32)
[EFX-0656 WARNING] Optimizing into logic zero initialized read-only memory block 'inst_frame_buffer_512/inst_wr_address_decoder_1/genblk1[5].inst_pclk_to_axi_buffer/ram__D$1'. (/home/steve/video_streaming_10g_demo_v1.4.1_2026.1_imx900_rpi/rtl/lib/common/simple_dual_port_ram.sv:32)
[EFX-0656 WARNING] Optimizing into logic zero initialized read-only memory block 'inst_frame_buffer_512/inst_wr_address_decoder_1/genblk1[5].inst_pclk_to_axi_buffer/ram__D$2'. (/home/steve/video_streaming_10g_demo_v1.4.1_2026.1_imx900_rpi/rtl/lib/common/simple_dual_port_ram.sv:32)
[EFX-0656 WARNING] Optimizing into logic zero initialized read-only memory block 'inst_frame_buffer_512/inst_wr_address_decoder_1/genblk1[4].inst_pclk_to_axi_buffer/ram__D$1'. (/home/steve/video_streaming_10g_demo_v1.4.1_2026.1_imx900_rpi/rtl/lib/common/simple_dual_port_ram.sv:32)
[EFX-0656 WARNING] Optimizing into logic zero initialized read-only memory block 'inst_frame_buffer_512/inst_wr_address_decoder_1/genblk1[4].inst_pclk_to_axi_buffer/ram__D$2'. (/home/steve/video_streaming_10g_demo_v1.4.1_2026.1_imx900_rpi/rtl/lib/common/simple_dual_port_ram.sv:32)
[EFX-0656 WARNING] Optimizing into logic zero initialized read-only memory block 'inst_frame_buffer_512/inst_wr_address_decoder_1/genblk1[3].inst_pclk_to_axi_buffer/ram__D$1'. (/home/steve/video_streaming_10g_demo_v1.4.1_2026.1_imx900_rpi/rtl/lib/common/simple_dual_port_ram.sv:32)
[EFX-0656 WARNING] Optimizing into logic zero initialized read-only memory block 'inst_frame_buffer_512/inst_wr_address_decoder_1/genblk1[3].inst_pclk_to_axi_buffer/ram__D$2'. (/home/steve/video_streaming_10g_demo_v1.4.1_2026.1_imx900_rpi/rtl/lib/common/simple_dual_port_ram.sv:32)
[EFX-0656 WARNING] Optimizing into logic zero initialized read-only memory block 'inst_frame_buffer_512/inst_wr_address_decoder_1/genblk1[2].inst_pclk_to_axi_buffer/ram__D$1'. (/home/steve/video_streaming_10g_demo_v1.4.1_2026.1_imx900_rpi/rtl/lib/common/simple_dual_port_ram.sv:32)
[EFX-0656 WARNING] Optimizing into logic zero initialized read-only memory block 'inst_frame_buffer_512/inst_wr_address_decoder_1/genblk1[2].inst_pclk_to_axi_buffer/ram__D$2'. (/home/steve/video_streaming_10g_demo_v1.4.1_2026.1_imx900_rpi/rtl/lib/common/simple_dual_port_ram.sv:32)
[EFX-0656 WARNING] Optimizing into logic zero initialized read-only memory block 'inst_frame_buffer_512/inst_wr_address_decoder_1/genblk1[1].inst_pclk_to_axi_buffer/ram__D$1'. (/home/steve/video_streaming_10g_demo_v1.4.1_2026.1_imx900_rpi/rtl/lib/common/simple_dual_port_ram.sv:32)
[EFX-0656 WARNING] Optimizing into logic zero initialized read-only memory block 'inst_frame_buffer_512/inst_wr_address_decoder_1/genblk1[1].inst_pclk_to_axi_buffer/ram__D$2'. (/home/steve/video_streaming_10g_demo_v1.4.1_2026.1_imx900_rpi/rtl/lib/common/simple_dual_port_ram.sv:32)
[EFX-0656 WARNING] Optimizing into logic zero initialized read-only memory block 'inst_frame_buffer_512/inst_wr_address_decoder_1/genblk1[0].inst_pclk_to_axi_buffer/ram__D$1'. (/home/steve/video_streaming_10g_demo_v1.4.1_2026.1_imx900_rpi/rtl/lib/common/simple_dual_port_ram.sv:32)
[EFX-0656 WARNING] Optimizing into logic zero initialized read-only memory block 'inst_frame_buffer_512/inst_wr_address_decoder_1/genblk1[0].inst_pclk_to_axi_buffer/ram__D$2'. (/home/steve/video_streaming_10g_demo_v1.4.1_2026.1_imx900_rpi/rtl/lib/common/simple_dual_port_ram.sv:32)
[EFX-0657 WARNING] Mapping into logic memory block 'q1_apb_master/rom_mif' (1060 bits) (/home/steve/video_streaming_10g_demo_v1.4.1_2026.1_imx900_rpi/rtl/apb_master.sv:49) because read port is not synchronous.

///////////////////////////////////
// Efinity Synthesis Started 
// Sep 29, 2026 00:40:58
///////////////////////////////////

[EFX-0011 VERI-WARNING] port 'probe7' remains unconnected for this instance (VERI-1927) (/home/steve/video_streaming_10g_demo_v1.4.1_2026.1_imx900_rpi/fpga/Ti375N1156-DK/work_dbg/debug_top.v:138)
[EFX-0011 VERI-WARNING] input port 'probe7[0]' remains unconnected for this instance (VDB-1053) (/home/steve/video_streaming_10g_demo_v1.4.1_2026.1_imx900_rpi/fpga/Ti375N1156-DK/work_dbg/debug_top.v:110)
[EFX-0200 WARNING] Removing redundant signal : compared_in[0]. (/home/steve/video_streaming_10g_demo_v1.4.1_2026.1_imx900_rpi/fpga/Ti375N1156-DK/work_dbg/debug_top.v:5540)
[EFX-0200 WARNING] Removing redundant signal : mask_in[0]. (/home/steve/video_streaming_10g_demo_v1.4.1_2026.1_imx900_rpi/fpga/Ti375N1156-DK/work_dbg/debug_top.v:5541)
[EFX-0200 WARNING] Removing redundant signal : trigger_in. (/home/steve/video_streaming_10g_demo_v1.4.1_2026.1_imx900_rpi/fpga/Ti375N1156-DK/work_dbg/debug_top.v:5751)
[EFX-0200 WARNING] Removing redundant signal : clk. (/home/steve/video_streaming_10g_demo_v1.4.1_2026.1_imx900_rpi/fpga/Ti375N1156-DK/work_dbg/debug_top.v:4574)
[EFX-0200 WARNING] Removing redundant signal : full. (/home/steve/video_streaming_10g_demo_v1.4.1_2026.1_imx900_rpi/fpga/Ti375N1156-DK/work_dbg/debug_top.v:4628)
[EFX-0200 WARNING] Removing redundant signal : shift_i. (/home/steve/video_streaming_10g_demo_v1.4.1_2026.1_imx900_rpi/fpga/Ti375N1156-DK/work_dbg/debug_top.v:4898)
[EFX-0200 WARNING] Removing redundant signal : trig_out. (/home/steve/video_streaming_10g_demo_v1.4.1_2026.1_imx900_rpi/fpga/Ti375N1156-DK/work_dbg/debug_top.v:4915)
[EFX-0200 WARNING] Removing redundant signal : trig_out_ack. (/home/steve/video_streaming_10g_demo_v1.4.1_2026.1_imx900_rpi/fpga/Ti375N1156-DK/work_dbg/debug_top.v:4916)
[EFX-0200 WARNING] Removing redundant signal : bscan_DRCK. (/home/steve/video_streaming_10g_demo_v1.4.1_2026.1_imx900_rpi/fpga/Ti375N1156-DK/work_dbg/debug_top.v:1057)
[EFX-0200 WARNING] Removing redundant signal : bscan_RESET. (/home/steve/video_streaming_10g_demo_v1.4.1_2026.1_imx900_rpi/fpga/Ti375N1156-DK/work_dbg/debug_top.v:1058)
[EFX-0200 WARNING] Removing redundant signal : bscan_RUNTEST. (/home/steve/video_streaming_10g_demo_v1.4.1_2026.1_imx900_rpi/fpga/Ti375N1156-DK/work_dbg/debug_top.v:1059)
[EFX-0200 WARNING] Removing redundant signal : bscan_SEL. (/home/steve/video_streaming_10g_demo_v1.4.1_2026.1_imx900_rpi/fpga/Ti375N1156-DK/work_dbg/debug_top.v:1060)
[EFX-0200 WARNING] Removing redundant signal : bscan_TMS. (/home/steve/video_streaming_10g_demo_v1.4.1_2026.1_imx900_rpi/fpga/Ti375N1156-DK/work_dbg/debug_top.v:1064)
[EFX-0200 WARNING] Removing redundant signal : trig_in_ack. (/home/steve/video_streaming_10g_demo_v1.4.1_2026.1_imx900_rpi/fpga/Ti375N1156-DK/work_dbg/debug_top.v:1076)
[EFX-0200 WARNING] Removing redundant signal : mux_capture_cmp[6:0]. (/home/steve/video_streaming_10g_demo_v1.4.1_2026.1_imx900_rpi/fpga/Ti375N1156-DK/work_dbg/debug_top.v:3495)
[EFX-0200 WARNING] Removing redundant signal : bscan_CAPTURE. (/home/steve/video_streaming_10g_demo_v1.4.1_2026.1_imx900_rpi/fpga/Ti375N1156-DK/work_dbg/debug_top.v:296)
[EFX-0200 WARNING] Removing redundant signal : bscan_DRCK. (/home/steve/video_streaming_10g_demo_v1.4.1_2026.1_imx900_rpi/fpga/Ti375N1156-DK/work_dbg/debug_top.v:297)
[EFX-0200 WARNING] Removing redundant signal : bscan_RUNTEST. (/home/steve/video_streaming_10g_demo_v1.4.1_2026.1_imx900_rpi/fpga/Ti375N1156-DK/work_dbg/debug_top.v:299)
[EFX-0200 WARNING] Removing redundant signal : bscan_TMS. (/home/steve/video_streaming_10g_demo_v1.4.1_2026.1_imx900_rpi/fpga/Ti375N1156-DK/work_dbg/debug_top.v:304)
[EFX-0201 WARNING] Re-wiring to GND non-driven net/port 'probe7[0]' in module 'edb_la_top_7f1f49e4795244fab99fb246b5f3df2b(NUM_PROBES=7,DATA_DEPTH=65536,INPUT_PIPE_STAGES=1,UUID=128'b0110110000101110110101000100100011101001100111101000110001011111000101011100011101001101010110101001010011010111101001010111110,PROBE0_TYPE=1,PROBE1_TYPE=1,PROBE2_TYPE=1,PROBE3_TYPE=1,PROBE4_TYPE=1,PROBE5_TYPE=1,PROBE6_TYPE=1)'. (/home/steve/video_streaming_10g_demo_v1.4.1_2026.1_imx900_rpi/fpga/Ti375N1156-DK/work_dbg/debug_top.v:110)
[EFX-0201 WARNING] Re-wiring to GND non-driven net/port 'probe8[0]' in module 'edb_la_top_7f1f49e4795244fab99fb246b5f3df2b(NUM_PROBES=7,DATA_DEPTH=65536,INPUT_PIPE_STAGES=1,UUID=128'b0110110000101110110101000100100011101001100111101000110001011111000101011100011101001101010110101001010011010111101001010111110,PROBE0_TYPE=1,PROBE1_TYPE=1,PROBE2_TYPE=1,PROBE3_TYPE=1,PROBE4_TYPE=1,PROBE5_TYPE=1,PROBE6_TYPE=1)'. (/home/steve/video_streaming_10g_demo_v1.4.1_2026.1_imx900_rpi/fpga/Ti375N1156-DK/work_dbg/debug_top.v:110)
[EFX-0201 WARNING] Re-wiring to GND non-driven net/port 'probe9[0]' in module 'edb_la_top_7f1f49e4795244fab99fb246b5f3df2b(NUM_PROBES=7,DATA_DEPTH=65536,INPUT_PIPE_STAGES=1,UUID=128'b0110110000101110110101000100100011101001100111101000110001011111000101011100011101001101010110101001010011010111101001010111110,PROBE0_TYPE=1,PROBE1_TYPE=1,PROBE2_TYPE=1,PROBE3_TYPE=1,PROBE4_TYPE=1,PROBE5_TYPE=1,PROBE6_TYPE=1)'. (/home/steve/video_streaming_10g_demo_v1.4.1_2026.1_imx900_rpi/fpga/Ti375N1156-DK/work_dbg/debug_top.v:110)
[EFX-0201 WARNING] Re-wiring to GND non-driven net/port 'probe10[0]' in module 'edb_la_top_7f1f49e4795244fab99fb246b5f3df2b(NUM_PROBES=7,DATA_DEPTH=65536,INPUT_PIPE_STAGES=1,UUID=128'b0110110000101110110101000100100011101001100111101000110001011111000101011100011101001101010110101001010011010111101001010111110,PROBE0_TYPE=1,PROBE1_TYPE=1,PROBE2_TYPE=1,PROBE3_TYPE=1,PROBE4_TYPE=1,PROBE5_TYPE=1,PROBE6_TYPE=1)'. (/home/steve/video_streaming_10g_demo_v1.4.1_2026.1_imx900_rpi/fpga/Ti375N1156-DK/work_dbg/debug_top.v:110)
[EFX-0201 WARNING] Re-wiring to GND non-driven net/port 'probe11[0]' in module 'edb_la_top_7f1f49e4795244fab99fb246b5f3df2b(NUM_PROBES=7,DATA_DEPTH=65536,INPUT_PIPE_STAGES=1,UUID=128'b0110110000101110110101000100100011101001100111101000110001011111000101011100011101001101010110101001010011010111101001010111110,PROBE0_TYPE=1,PROBE1_TYPE=1,PROBE2_TYPE=1,PROBE3_TYPE=1,PROBE4_TYPE=1,PROBE5_TYPE=1,PROBE6_TYPE=1)'. (/home/steve/video_streaming_10g_demo_v1.4.1_2026.1_imx900_rpi/fpga/Ti375N1156-DK/work_dbg/debug_top.v:110)
[EFX-0201 WARNING] Re-wiring to GND non-driven net/port 'probe12[0]' in module 'edb_la_top_7f1f49e4795244fab99fb246b5f3df2b(NUM_PROBES=7,DATA_DEPTH=65536,INPUT_PIPE_STAGES=1,UUID=128'b0110110000101110110101000100100011101001100111101000110001011111000101011100011101001101010110101001010011010111101001010111110,PROBE0_TYPE=1,PROBE1_TYPE=1,PROBE2_TYPE=1,PROBE3_TYPE=1,PROBE4_TYPE=1,PROBE5_TYPE=1,PROBE6_TYPE=1)'. (/home/steve/video_streaming_10g_demo_v1.4.1_2026.1_imx900_rpi/fpga/Ti375N1156-DK/work_dbg/debug_top.v:110)
[EFX-0201 WARNING] Re-wiring to GND non-driven net/port 'probe13[0]' in module 'edb_la_top_7f1f49e4795244fab99fb246b5f3df2b(NUM_PROBES=7,DATA_DEPTH=65536,INPUT_PIPE_STAGES=1,UUID=128'b0110110000101110110101000100100011101001100111101000110001011111000101011100011101001101010110101001010011010111101001010111110,PROBE0_TYPE=1,PROBE1_TYPE=1,PROBE2_TYPE=1,PROBE3_TYPE=1,PROBE4_TYPE=1,PROBE5_TYPE=1,PROBE6_TYPE=1)'. (/home/steve/video_streaming_10g_demo_v1.4.1_2026.1_imx900_rpi/fpga/Ti375N1156-DK/work_dbg/debug_top.v:110)
[EFX-0201 WARNING] Re-wiring to GND non-driven net/port 'probe14[0]' in module 'edb_la_top_7f1f49e4795244fab99fb246b5f3df2b(NUM_PROBES=7,DATA_DEPTH=65536,INPUT_PIPE_STAGES=1,UUID=128'b0110110000101110110101000100100011101001100111101000110001011111000101011100011101001101010110101001010011010111101001010111110,PROBE0_TYPE=1,PROBE1_TYPE=1,PROBE2_TYPE=1,PROBE3_TYPE=1,PROBE4_TYPE=1,PROBE5_TYPE=1,PROBE6_TYPE=1)'. (/home/steve/video_streaming_10g_demo_v1.4.1_2026.1_imx900_rpi/fpga/Ti375N1156-DK/work_dbg/debug_top.v:110)
[EFX-0201 WARNING] Re-wiring to GND non-driven net/port 'probe15[0]' in module 'edb_la_top_7f1f49e4795244fab99fb246b5f3df2b(NUM_PROBES=7,DATA_DEPTH=65536,INPUT_PIPE_STAGES=1,UUID=128'b0110110000101110110101000100100011101001100111101000110001011111000101011100011101001101010110101001010011010111101001010111110,PROBE0_TYPE=1,PROBE1_TYPE=1,PROBE2_TYPE=1,PROBE3_TYPE=1,PROBE4_TYPE=1,PROBE5_TYPE=1,PROBE6_TYPE=1)'. (/home/steve/video_streaming_10g_demo_v1.4.1_2026.1_imx900_rpi/fpga/Ti375N1156-DK/work_dbg/debug_top.v:110)
[EFX-0201 WARNING] Re-wiring to GND non-driven net/port 'probe16[0]' in module 'edb_la_top_7f1f49e4795244fab99fb246b5f3df2b(NUM_PROBES=7,DATA_DEPTH=65536,INPUT_PIPE_STAGES=1,UUID=128'b0110110000101110110101000100100011101001100111101000110001011111000101011100011101001101010110101001010011010111101001010111110,PROBE0_TYPE=1,PROBE1_TYPE=1,PROBE2_TYPE=1,PROBE3_TYPE=1,PROBE4_TYPE=1,PROBE5_TYPE=1,PROBE6_TYPE=1)'. (/home/steve/video_streaming_10g_demo_v1.4.1_2026.1_imx900_rpi/fpga/Ti375N1156-DK/work_dbg/debug_top.v:110)
[EFX-0011 VERI-WARNING] Input/inout port bscan_DRCK is unconnected. Place and route may remove this unconnected port. (VDB-8003) (/home/steve/video_streaming_10g_demo_v1.4.1_2026.1_imx900_rpi/fpga/Ti375N1156-DK/work_dbg/debug_top.v:17)
[EFX-0011 VERI-WARNING] Input/inout port bscan_RUNTEST is unconnected. Place and route may remove this unconnected port. (VDB-8003) (/home/steve/video_streaming_10g_demo_v1.4.1_2026.1_imx900_rpi/fpga/Ti375N1156-DK/work_dbg/debug_top.v:19)
[EFX-0011 VERI-WARNING] Input/inout port bscan_TMS is unconnected. Place and route may remove this unconnected port. (VDB-8003) (/home/steve/video_streaming_10g_demo_v1.4.1_2026.1_imx900_rpi/fpga/Ti375N1156-DK/work_dbg/debug_top.v:24)
[EFX-0011 VERI-WARNING] Found 3 warnings in the post-synthesis netlist. 

///////////////////////////////////
// Efinity Synthesis Started 
// Sep 29, 2026 00:41:12
///////////////////////////////////

[EFX-0256 WARNING] The primary output port 'sfp0_PMA_TX_ELEC_IDLE' wire 'sfp0_PMA_TX_ELEC_IDLE' is not driven.
[EFX-0256 WARNING] The primary output port 'sfp0_ETH_EEE_ALERT_EN' wire 'sfp0_ETH_EEE_ALERT_EN' is not driven.
[EFX-0200 WARNING] Removing redundant signal : k[31:0]. (/home/steve/video_streaming_10g_demo_v1.4.1_2026.1_imx900_rpi/rtl/debounce_switch.v:56)
[EFX-0200 WARNING] Removing redundant signal : rom_read. (/home/steve/video_streaming_10g_demo_v1.4.1_2026.1_imx900_rpi/rtl/apb_master.sv:48)
[EFX-0200 WARNING] Removing redundant signal : j[31:0]. (/home/steve/video_streaming_10g_demo_v1.4.1_2026.1_imx900_rpi/rtl/apb_master.sv:212)
[EFX-0200 WARNING] Removing redundant signal : q[31:0]. (/home/steve/video_streaming_10g_demo_v1.4.1_2026.1_imx900_rpi/rtl/apb_master.sv:212)
[EFX-0200 WARNING] Removing redundant signal : PADDR[19:10]. (/home/steve/video_streaming_10g_demo_v1.4.1_2026.1_imx900_rpi/rtl/apb3_slave.sv:45)
[EFX-0200 WARNING] Removing redundant signal : PADDR[1:0]. (/home/steve/video_streaming_10g_demo_v1.4.1_2026.1_imx900_rpi/rtl/apb3_slave.sv:45)
[EFX-0200 WARNING] Removing redundant signal : byteIndex[31:0]. (/home/steve/video_streaming_10g_demo_v1.4.1_2026.1_imx900_rpi/rtl/apb3_slave.sv:69)
[EFX-0200 WARNING] Removing redundant signal : io_cpu_prefetch_isValid. (/home/steve/video_streaming_10g_demo_v1.4.1_2026.1_imx900_rpi/fpga/Ti375N1156-DK/ip/sapphire_gen/sapphire_gen.v:18748)
[EFX-0200 WARNING] Removing redundant signal : io_cpu_fetch_isRemoved. (/home/steve/video_streaming_10g_demo_v1.4.1_2026.1_imx900_rpi/fpga/Ti375N1156-DK/ip/sapphire_gen/sapphire_gen.v:18753)
[EFX-0200 WARNING] Removing redundant signal : io_cpu_decode_isValid. (/home/steve/video_streaming_10g_demo_v1.4.1_2026.1_imx900_rpi/fpga/Ti375N1156-DK/ip/sapphire_gen/sapphire_gen.v:18766)
[EFX-0200 WARNING] Removing redundant signal : io_cpu_decode_isUser. (/home/steve/video_streaming_10g_demo_v1.4.1_2026.1_imx900_rpi/fpga/Ti375N1156-DK/ip/sapphire_gen/sapphire_gen.v:18775)
[EFX-0200 WARNING] Removing redundant signal : io_cpu_prefetch_pc[31:12]. (/home/steve/video_streaming_10g_demo_v1.4.1_2026.1_imx900_rpi/fpga/Ti375N1156-DK/ip/sapphire_gen/sapphire_gen.v:18750)
[EFX-0200 WARNING] Removing redundant signal : io_cpu_prefetch_pc[1:0]. (/home/steve/video_streaming_10g_demo_v1.4.1_2026.1_imx900_rpi/fpga/Ti375N1156-DK/ip/sapphire_gen/sapphire_gen.v:18750)
[EFX-0200 WARNING] Removing redundant signal : io_cpu_fetch_pc[31:0]. (/home/steve/video_streaming_10g_demo_v1.4.1_2026.1_imx900_rpi/fpga/Ti375N1156-DK/ip/sapphire_gen/sapphire_gen.v:18754)
[EFX-0200 WARNING] Removing redundant signal : io_cpu_decode_pc[31:0]. (/home/steve/video_streaming_10g_demo_v1.4.1_2026.1_imx900_rpi/fpga/Ti375N1156-DK/ip/sapphire_gen/sapphire_gen.v:18768)
[EFX-0200 WARNING] Removing redundant signal : io_cpu_writeBack_isFiring. (/home/steve/video_streaming_10g_demo_v1.4.1_2026.1_imx900_rpi/fpga/Ti375N1156-DK/ip/sapphire_gen/sapphire_gen.v:17915)
[EFX-0200 WARNING] Removing redundant signal : io_cpu_writeBack_isUser. (/home/steve/video_streaming_10g_demo_v1.4.1_2026.1_imx900_rpi/fpga/Ti375N1156-DK/ip/sapphire_gen/sapphire_gen.v:17916)
[EFX-0200 WARNING] Removing redundant signal : io_cpu_writeBack_fence_SW. (/home/steve/video_streaming_10g_demo_v1.4.1_2026.1_imx900_rpi/fpga/Ti375N1156-DK/ip/sapphire_gen/sapphire_gen.v:17926)
[EFX-0200 WARNING] Removing redundant signal : io_cpu_writeBack_fence_SR. (/home/steve/video_streaming_10g_demo_v1.4.1_2026.1_imx900_rpi/fpga/Ti375N1156-DK/ip/sapphire_gen/sapphire_gen.v:17927)
[EFX-0200 WARNING] Removing redundant signal : io_cpu_writeBack_fence_SO. (/home/steve/video_streaming_10g_demo_v1.4.1_2026.1_imx900_rpi/fpga/Ti375N1156-DK/ip/sapphire_gen/sapphire_gen.v:17928)
[EFX-0201 WARNING] Re-wiring to GND non-driven net/port 'IBusCachedPlugin_cache_io_cpu_fetch_isRemoved' in module 'VexRiscv_6da3aa8a00f24008ad95d1e51c813f5a'. (/home/steve/video_streaming_10g_demo_v1.4.1_2026.1_imx900_rpi/fpga/Ti375N1156-DK/ip/sapphire_gen/sapphire_gen.v:10450)
[EFX-0201 WARNING] Re-wiring to GND non-driven net/port 'dataCache_1_io_cpu_writeBack_fence_SW' in module 'VexRiscv_6da3aa8a00f24008ad95d1e51c813f5a'. (/home/steve/video_streaming_10g_demo_v1.4.1_2026.1_imx900_rpi/fpga/Ti375N1156-DK/ip/sapphire_gen/sapphire_gen.v:10463)
[EFX-0201 WARNING] Re-wiring to GND non-driven net/port 'dataCache_1_io_cpu_writeBack_fence_SR' in module 'VexRiscv_6da3aa8a00f24008ad95d1e51c813f5a'. (/home/steve/video_streaming_10g_demo_v1.4.1_2026.1_imx900_rpi/fpga/Ti375N1156-DK/ip/sapphire_gen/sapphire_gen.v:10464)
[EFX-0201 WARNING] Re-wiring to GND non-driven net/port 'dataCache_1_io_cpu_writeBack_fence_SO' in module 'VexRiscv_6da3aa8a00f24008ad95d1e51c813f5a'. (/home/steve/video_streaming_10g_demo_v1.4.1_2026.1_imx900_rpi/fpga/Ti375N1156-DK/ip/sapphire_gen/sapphire_gen.v:10465)
[EFX-0201 WARNING] Re-wiring to GND non-driven net/port 'dataCache_1_io_cpu_writeBack_fence_SI' in module 'VexRiscv_6da3aa8a00f24008ad95d1e51c813f5a'. (/home/steve/video_streaming_10g_demo_v1.4.1_2026.1_imx900_rpi/fpga/Ti375N1156-DK/ip/sapphire_gen/sapphire_gen.v:10466)
[EFX-0201 WARNING] Re-wiring to GND non-driven net/port 'dataCache_1_io_cpu_writeBack_fence_PW' in module 'VexRiscv_6da3aa8a00f24008ad95d1e51c813f5a'. (/home/steve/video_streaming_10g_demo_v1.4.1_2026.1_imx900_rpi/fpga/Ti375N1156-DK/ip/sapphire_gen/sapphire_gen.v:10467)
[EFX-0201 WARNING] Re-wiring to GND non-driven net/port 'dataCache_1_io_cpu_writeBack_fence_PR' in module 'VexRiscv_6da3aa8a00f24008ad95d1e51c813f5a'. (/home/steve/video_streaming_10g_demo_v1.4.1_2026.1_imx900_rpi/fpga/Ti375N1156-DK/ip/sapphire_gen/sapphire_gen.v:10468)
[EFX-0201 WARNING] Re-wiring to GND non-driven net/port 'dataCache_1_io_cpu_writeBack_fence_PO' in module 'VexRiscv_6da3aa8a00f24008ad95d1e51c813f5a'. (/home/steve/video_streaming_10g_demo_v1.4.1_2026.1_imx900_rpi/fpga/Ti375N1156-DK/ip/sapphire_gen/sapphire_gen.v:10469)
[EFX-0201 WARNING] Re-wiring to GND non-driven net/port 'dataCache_1_io_cpu_writeBack_fence_PI' in module 'VexRiscv_6da3aa8a00f24008ad95d1e51c813f5a'. (/home/steve/video_streaming_10g_demo_v1.4.1_2026.1_imx900_rpi/fpga/Ti375N1156-DK/ip/sapphire_gen/sapphire_gen.v:10470)
[EFX-0201 WARNING] Re-wiring to GND non-driven net/port 'dataCache_1_io_cpu_writeBack_fence_FM[3]' in module 'VexRiscv_6da3aa8a00f24008ad95d1e51c813f5a'. (/home/steve/video_streaming_10g_demo_v1.4.1_2026.1_imx900_rpi/fpga/Ti375N1156-DK/ip/sapphire_gen/sapphire_gen.v:10471)
[EFX-0657 WARNING] Mapping into logic memory block 'debounce_reg' (16 bits) (/home/steve/video_streaming_10g_demo_v1.4.1_2026.1_imx900_rpi/rtl/debounce_switch.v:47) because size is too small (<=64)
[EFX-0657 WARNING] Mapping into logic memory block 'logic_progbufX_mem' (64 bits) (/home/steve/video_streaming_10g_demo_v1.4.1_2026.1_imx900_rpi/fpga/Ti375N1156-DK/ip/sapphire_gen/sapphire_gen.v:9567) because size is too small (<=64)
[EFX-0657 WARNING] Mapping into logic memory block 'ram' (4 bits) (/home/steve/video_streaming_10g_demo_v1.4.1_2026.1_imx900_rpi/rtl/lib/common/frame_buffer_512/Axi4_2x512_1x512.v:1671) because size is too small (<=64)
[EFX-0656 WARNING] Optimizing into logic zero initialized read-only memory block 'inst_rd_address_decoder_1/inst_simple_dual_port_ram_00/ram__D$12'. (/home/steve/video_streaming_10g_demo_v1.4.1_2026.1_imx900_rpi/rtl/lib/common/simple_dual_port_ram.sv:32)
[EFX-0656 WARNING] Optimizing into logic zero initialized read-only memory block 'inst_rd_address_decoder_1/inst_simple_dual_port_ram_00/ram__D$2'. (/home/steve/video_streaming_10g_demo_v1.4.1_2026.1_imx900_rpi/rtl/lib/common/simple_dual_port_ram.sv:32)
[EFX-0656 WARNING] Optimizing into logic zero initialized read-only memory block 'inst_rd_address_decoder_1/inst_simple_dual_port_ram_00/ram__D$b12'. (/home/steve/video_streaming_10g_demo_v1.4.1_2026.1_imx900_rpi/rtl/lib/common/simple_dual_port_ram.sv:32)
[EFX-0656 WARNING] Optimizing into logic zero initialized read-only memory block 'inst_rd_address_decoder_1/inst_simple_dual_port_ram_00/ram__D$c12'. (/home/steve/video_streaming_10g_demo_v1.4.1_2026.1_imx900_rpi/rtl/lib/common/simple_dual_port_ram.sv:32)
[EFX-0656 WARNING] Optimizing into logic zero initialized read-only memory block 'inst_rd_address_decoder_1/inst_simple_dual_port_ram_00/ram__D$d12'. (/home/steve/video_streaming_10g_demo_v1.4.1_2026.1_imx900_rpi/rtl/lib/common/simple_dual_port_ram.sv:32)
[EFX-0656 WARNING] Optimizing into logic zero initialized read-only memory block 'inst_rd_address_decoder_1/inst_simple_dual_port_ram_00/ram__D$e12'. (/home/steve/video_streaming_10g_demo_v1.4.1_2026.1_imx900_rpi/rtl/lib/common/simple_dual_port_ram.sv:32)
[EFX-0656 WARNING] Optimizing into logic zero initialized read-only memory block 'inst_rd_address_decoder_1/inst_simple_dual_port_ram_00/ram__D$f12'. (/home/steve/video_streaming_10g_demo_v1.4.1_2026.1_imx900_rpi/rtl/lib/common/simple_dual_port_ram.sv:32)
[EFX-0656 WARNING] Optimizing into logic zero initialized read-only memory block 'inst_rd_address_decoder_1/inst_simple_dual_port_ram_00/ram__D$g12'. (/home/steve/video_streaming_10g_demo_v1.4.1_2026.1_imx900_rpi/rtl/lib/common/simple_dual_port_ram.sv:32)
[EFX-0656 WARNING] Optimizing into logic zero initialized read-only memory block 'inst_rd_address_decoder_1/inst_simple_dual_port_ram_00/ram__D$h12'. (/home/steve/video_streaming_10g_demo_v1.4.1_2026.1_imx900_rpi/rtl/lib/common/simple_dual_port_ram.sv:32)
[EFX-0656 WARNING] Optimizing into logic zero initialized read-only memory block 'inst_rd_address_decoder_1/inst_simple_dual_port_ram_00/ram__D$i12'. (/home/steve/video_streaming_10g_demo_v1.4.1_2026.1_imx900_rpi/rtl/lib/common/simple_dual_port_ram.sv:32)
[EFX-0656 WARNING] Optimizing into logic zero initialized read-only memory block 'inst_rd_address_decoder_1/inst_simple_dual_port_ram_00/ram__D$j12'. (/home/steve/video_streaming_10g_demo_v1.4.1_2026.1_imx900_rpi/rtl/lib/common/simple_dual_port_ram.sv:32)
[EFX-0656 WARNING] Optimizing into logic zero initialized read-only memory block 'inst_rd_address_decoder_1/inst_simple_dual_port_ram_00/ram__D$k12'. (/home/steve/video_streaming_10g_demo_v1.4.1_2026.1_imx900_rpi/rtl/lib/common/simple_dual_port_ram.sv:32)
[EFX-0656 WARNING] Optimizing into logic zero initialized read-only memory block 'inst_rd_address_decoder_1/inst_simple_dual_port_ram_00/ram__D$l12'. (/home/steve/video_streaming_10g_demo_v1.4.1_2026.1_imx900_rpi/rtl/lib/common/simple_dual_port_ram.sv:32)
[EFX-0656 WARNING] Optimizing into logic zero initialized read-only memory block 'inst_rd_address_decoder_1/inst_simple_dual_port_ram_00/ram__D$m12'. (/home/steve/video_streaming_10g_demo_v1.4.1_2026.1_imx900_rpi/rtl/lib/common/simple_dual_port_ram.sv:32)
[EFX-0656 WARNING] Optimizing into logic zero initialized read-only memory block 'inst_rd_address_decoder_1/inst_simple_dual_port_ram_00/ram__D$n12'. (/home/steve/video_streaming_10g_demo_v1.4.1_2026.1_imx900_rpi/rtl/lib/common/simple_dual_port_ram.sv:32)
[EFX-0656 WARNING] Optimizing into logic zero initialized read-only memory block 'inst_rd_address_decoder_1/inst_simple_dual_port_ram_00/ram__D$o12'. (/home/steve/video_streaming_10g_demo_v1.4.1_2026.1_imx900_rpi/rtl/lib/common/simple_dual_port_ram.sv:32)
[EFX-0656 WARNING] Optimizing into logic zero initialized read-only memory block 'inst_rd_address_decoder_1/inst_simple_dual_port_ram_00/ram__D$p12'. (/home/steve/video_streaming_10g_demo_v1.4.1_2026.1_imx900_rpi/rtl/lib/common/simple_dual_port_ram.sv:32)
[EFX-0656 WARNING] Optimizing into logic zero initialized read-only memory block 'inst_rd_address_decoder_1/inst_simple_dual_port_ram_00/ram__D$q12'. (/home/steve/video_streaming_10g_demo_v1.4.1_2026.1_imx900_rpi/rtl/lib/common/simple_dual_port_ram.sv:32)
[EFX-0656 WARNING] Optimizing into logic zero initialized read-only memory block 'inst_rd_address_decoder_1/inst_simple_dual_port_ram_00/ram__D$r12'. (/home/steve/video_streaming_10g_demo_v1.4.1_2026.1_imx900_rpi/rtl/lib/common/simple_dual_port_ram.sv:32)
[EFX-0656 WARNING] Optimizing into logic zero initialized read-only memory block 'inst_rd_address_decoder_1/inst_simple_dual_port_ram_00/ram__D$s12'. (/home/steve/video_streaming_10g_demo_v1.4.1_2026.1_imx900_rpi/rtl/lib/common/simple_dual_port_ram.sv:32)
[EFX-0656 WARNING] Optimizing into logic zero initialized read-only memory block 'inst_rd_address_decoder_1/inst_simple_dual_port_ram_00/ram__D$t12'. (/home/steve/video_streaming_10g_demo_v1.4.1_2026.1_imx900_rpi/rtl/lib/common/simple_dual_port_ram.sv:32)
[EFX-0656 WARNING] Optimizing into logic zero initialized read-only memory block 'inst_rd_address_decoder_1/inst_simple_dual_port_ram_00/ram__D$u12'. (/home/steve/video_streaming_10g_demo_v1.4.1_2026.1_imx900_rpi/rtl/lib/common/simple_dual_port_ram.sv:32)
[EFX-0656 WARNING] Optimizing into logic zero initialized read-only memory block 'inst_rd_address_decoder_1/inst_simple_dual_port_ram_00/ram__D$v12'. (/home/steve/video_streaming_10g_demo_v1.4.1_2026.1_imx900_rpi/rtl/lib/common/simple_dual_port_ram.sv:32)
[EFX-0656 WARNING] Optimizing into logic zero initialized read-only memory block 'inst_rd_address_decoder_1/inst_simple_dual_port_ram_00/ram__D$w12'. (/home/steve/video_streaming_10g_demo_v1.4.1_2026.1_imx900_rpi/rtl/lib/common/simple_dual_port_ram.sv:32)
[EFX-0656 WARNING] Optimizing into logic zero initialized read-only memory block 'inst_rd_address_decoder_1/inst_simple_dual_port_ram_00/ram__D$x12'. (/home/steve/video_streaming_10g_demo_v1.4.1_2026.1_imx900_rpi/rtl/lib/common/simple_dual_port_ram.sv:32)
[EFX-0656 WARNING] Optimizing into logic zero initialized read-only memory block 'inst_rd_address_decoder_1/inst_simple_dual_port_ram_00/ram__D$y1'. (/home/steve/video_streaming_10g_demo_v1.4.1_2026.1_imx900_rpi/rtl/lib/common/simple_dual_port_ram.sv:32)
[EFX-0656 WARNING] Optimizing into logic zero initialized read-only memory block 'inst_frame_buffer_512/inst_wr_address_decoder_1/genblk1[15].inst_pclk_to_axi_buffer/ram__D$1'. (/home/steve/video_streaming_10g_demo_v1.4.1_2026.1_imx900_rpi/rtl/lib/common/simple_dual_port_ram.sv:32)
[EFX-0656 WARNING] Optimizing into logic zero initialized read-only memory block 'inst_frame_buffer_512/inst_wr_address_decoder_1/genblk1[15].inst_pclk_to_axi_buffer/ram__D$2'. (/home/steve/video_streaming_10g_demo_v1.4.1_2026.1_imx900_rpi/rtl/lib/common/simple_dual_port_ram.sv:32)
[EFX-0656 WARNING] Optimizing into logic zero initialized read-only memory block 'inst_frame_buffer_512/inst_wr_address_decoder_1/genblk1[14].inst_pclk_to_axi_buffer/ram__D$1'. (/home/steve/video_streaming_10g_demo_v1.4.1_2026.1_imx900_rpi/rtl/lib/common/simple_dual_port_ram.sv:32)
[EFX-0656 WARNING] Optimizing into logic zero initialized read-only memory block 'inst_frame_buffer_512/inst_wr_address_decoder_1/genblk1[14].inst_pclk_to_axi_buffer/ram__D$2'. (/home/steve/video_streaming_10g_demo_v1.4.1_2026.1_imx900_rpi/rtl/lib/common/simple_dual_port_ram.sv:32)
[EFX-0656 WARNING] Optimizing into logic zero initialized read-only memory block 'inst_frame_buffer_512/inst_wr_address_decoder_1/genblk1[13].inst_pclk_to_axi_buffer/ram__D$1'. (/home/steve/video_streaming_10g_demo_v1.4.1_2026.1_imx900_rpi/rtl/lib/common/simple_dual_port_ram.sv:32)
[EFX-0656 WARNING] Optimizing into logic zero initialized read-only memory block 'inst_frame_buffer_512/inst_wr_address_decoder_1/genblk1[13].inst_pclk_to_axi_buffer/ram__D$2'. (/home/steve/video_streaming_10g_demo_v1.4.1_2026.1_imx900_rpi/rtl/lib/common/simple_dual_port_ram.sv:32)
[EFX-0656 WARNING] Optimizing into logic zero initialized read-only memory block 'inst_frame_buffer_512/inst_wr_address_decoder_1/genblk1[12].inst_pclk_to_axi_buffer/ram__D$1'. (/home/steve/video_streaming_10g_demo_v1.4.1_2026.1_imx900_rpi/rtl/lib/common/simple_dual_port_ram.sv:32)
[EFX-0656 WARNING] Optimizing into logic zero initialized read-only memory block 'inst_frame_buffer_512/inst_wr_address_decoder_1/genblk1[12].inst_pclk_to_axi_buffer/ram__D$2'. (/home/steve/video_streaming_10g_demo_v1.4.1_2026.1_imx900_rpi/rtl/lib/common/simple_dual_port_ram.sv:32)
[EFX-0656 WARNING] Optimizing into logic zero initialized read-only memory block 'inst_frame_buffer_512/inst_wr_address_decoder_1/genblk1[11].inst_pclk_to_axi_buffer/ram__D$1'. (/home/steve/video_streaming_10g_demo_v1.4.1_2026.1_imx900_rpi/rtl/lib/common/simple_dual_port_ram.sv:32)
[EFX-0656 WARNING] Optimizing into logic zero initialized read-only memory block 'inst_frame_buffer_512/inst_wr_address_decoder_1/genblk1[11].inst_pclk_to_axi_buffer/ram__D$2'. (/home/steve/video_streaming_10g_demo_v1.4.1_2026.1_imx900_rpi/rtl/lib/common/simple_dual_port_ram.sv:32)
[EFX-0656 WARNING] Optimizing into logic zero initialized read-only memory block 'inst_frame_buffer_512/inst_wr_address_decoder_1/genblk1[10].inst_pclk_to_axi_buffer/ram__D$1'. (/home/steve/video_streaming_10g_demo_v1.4.1_2026.1_imx900_rpi/rtl/lib/common/simple_dual_port_ram.sv:32)
[EFX-0656 WARNING] Optimizing into logic zero initialized read-only memory block 'inst_frame_buffer_512/inst_wr_address_decoder_1/genblk1[10].inst_pclk_to_axi_buffer/ram__D$2'. (/home/steve/video_streaming_10g_demo_v1.4.1_2026.1_imx900_rpi/rtl/lib/common/simple_dual_port_ram.sv:32)
[EFX-0656 WARNING] Optimizing into logic zero initialized read-only memory block 'inst_frame_buffer_512/inst_wr_address_decoder_1/genblk1[9].inst_pclk_to_axi_buffer/ram__D$1'. (/home/steve/video_streaming_10g_demo_v1.4.1_2026.1_imx900_rpi/rtl/lib/common/simple_dual_port_ram.sv:32)
[EFX-0656 WARNING] Optimizing into logic zero initialized read-only memory block 'inst_frame_buffer_512/inst_wr_address_decoder_1/genblk1[9].inst_pclk_to_axi_buffer/ram__D$2'. (/home/steve/video_streaming_10g_demo_v1.4.1_2026.1_imx900_rpi/rtl/lib/common/simple_dual_port_ram.sv:32)
[EFX-0656 WARNING] Optimizing into logic zero initialized read-only memory block 'inst_frame_buffer_512/inst_wr_address_decoder_1/genblk1[8].inst_pclk_to_axi_buffer/ram__D$1'. (/home/steve/video_streaming_10g_demo_v1.4.1_2026.1_imx900_rpi/rtl/lib/common/simple_dual_port_ram.sv:32)
[EFX-0656 WARNING] Optimizing into logic zero initialized read-only memory block 'inst_frame_buffer_512/inst_wr_address_decoder_1/genblk1[8].inst_pclk_to_axi_buffer/ram__D$2'. (/home/steve/video_streaming_10g_demo_v1.4.1_2026.1_imx900_rpi/rtl/lib/common/simple_dual_port_ram.sv:32)
[EFX-0656 WARNING] Optimizing into logic zero initialized read-only memory block 'inst_frame_buffer_512/inst_wr_address_decoder_1/genblk1[7].inst_pclk_to_axi_buffer/ram__D$1'. (/home/steve/video_streaming_10g_demo_v1.4.1_2026.1_imx900_rpi/rtl/lib/common/simple_dual_port_ram.sv:32)
[EFX-0656 WARNING] Optimizing into logic zero initialized read-only memory block 'inst_frame_buffer_512/inst_wr_address_decoder_1/genblk1[7].inst_pclk_to_axi_buffer/ram__D$2'. (/home/steve/video_streaming_10g_demo_v1.4.1_2026.1_imx900_rpi/rtl/lib/common/simple_dual_port_ram.sv:32)
[EFX-0656 WARNING] Optimizing into logic zero initialized read-only memory block 'inst_frame_buffer_512/inst_wr_address_decoder_1/genblk1[6].inst_pclk_to_axi_buffer/ram__D$1'. (/home/steve/video_streaming_10g_demo_v1.4.1_2026.1_imx900_rpi/rtl/lib/common/simple_dual_port_ram.sv:32)
[EFX-0656 WARNING] Optimizing into logic zero initialized read-only memory block 'inst_frame_buffer_512/inst_wr_address_decoder_1/genblk1[6].inst_pclk_to_axi_buffer/ram__D$2'. (/home/steve/video_streaming_10g_demo_v1.4.1_2026.1_imx900_rpi/rtl/lib/common/simple_dual_port_ram.sv:32)
[EFX-0656 WARNING] Optimizing into logic zero initialized read-only memory block 'inst_frame_buffer_512/inst_wr_address_decoder_1/genblk1[5].inst_pclk_to_axi_buffer/ram__D$1'. (/home/steve/video_streaming_10g_demo_v1.4.1_2026.1_imx900_rpi/rtl/lib/common/simple_dual_port_ram.sv:32)
[EFX-0656 WARNING] Optimizing into logic zero initialized read-only memory block 'inst_frame_buffer_512/inst_wr_address_decoder_1/genblk1[5].inst_pclk_to_axi_buffer/ram__D$2'. (/home/steve/video_streaming_10g_demo_v1.4.1_2026.1_imx900_rpi/rtl/lib/common/simple_dual_port_ram.sv:32)
[EFX-0656 WARNING] Optimizing into logic zero initialized read-only memory block 'inst_frame_buffer_512/inst_wr_address_decoder_1/genblk1[4].inst_pclk_to_axi_buffer/ram__D$1'. (/home/steve/video_streaming_10g_demo_v1.4.1_2026.1_imx900_rpi/rtl/lib/common/simple_dual_port_ram.sv:32)
[EFX-0656 WARNING] Optimizing into logic zero initialized read-only memory block 'inst_frame_buffer_512/inst_wr_address_decoder_1/genblk1[4].inst_pclk_to_axi_buffer/ram__D$2'. (/home/steve/video_streaming_10g_demo_v1.4.1_2026.1_imx900_rpi/rtl/lib/common/simple_dual_port_ram.sv:32)
[EFX-0656 WARNING] Optimizing into logic zero initialized read-only memory block 'inst_frame_buffer_512/inst_wr_address_decoder_1/genblk1[3].inst_pclk_to_axi_buffer/ram__D$1'. (/home/steve/video_streaming_10g_demo_v1.4.1_2026.1_imx900_rpi/rtl/lib/common/simple_dual_port_ram.sv:32)
[EFX-0656 WARNING] Optimizing into logic zero initialized read-only memory block 'inst_frame_buffer_512/inst_wr_address_decoder_1/genblk1[3].inst_pclk_to_axi_buffer/ram__D$2'. (/home/steve/video_streaming_10g_demo_v1.4.1_2026.1_imx900_rpi/rtl/lib/common/simple_dual_port_ram.sv:32)
[EFX-0656 WARNING] Optimizing into logic zero initialized read-only memory block 'inst_frame_buffer_512/inst_wr_address_decoder_1/genblk1[2].inst_pclk_to_axi_buffer/ram__D$1'. (/home/steve/video_streaming_10g_demo_v1.4.1_2026.1_imx900_rpi/rtl/lib/common/simple_dual_port_ram.sv:32)
[EFX-0656 WARNING] Optimizing into logic zero initialized read-only memory block 'inst_frame_buffer_512/inst_wr_address_decoder_1/genblk1[2].inst_pclk_to_axi_buffer/ram__D$2'. (/home/steve/video_streaming_10g_demo_v1.4.1_2026.1_imx900_rpi/rtl/lib/common/simple_dual_port_ram.sv:32)
[EFX-0656 WARNING] Optimizing into logic zero initialized read-only memory block 'inst_frame_buffer_512/inst_wr_address_decoder_1/genblk1[1].inst_pclk_to_axi_buffer/ram__D$1'. (/home/steve/video_streaming_10g_demo_v1.4.1_2026.1_imx900_rpi/rtl/lib/common/simple_dual_port_ram.sv:32)
[EFX-0656 WARNING] Optimizing into logic zero initialized read-only memory block 'inst_frame_buffer_512/inst_wr_address_decoder_1/genblk1[1].inst_pclk_to_axi_buffer/ram__D$2'. (/home/steve/video_streaming_10g_demo_v1.4.1_2026.1_imx900_rpi/rtl/lib/common/simple_dual_port_ram.sv:32)
[EFX-0656 WARNING] Optimizing into logic zero initialized read-only memory block 'inst_frame_buffer_512/inst_wr_address_decoder_1/genblk1[0].inst_pclk_to_axi_buffer/ram__D$1'. (/home/steve/video_streaming_10g_demo_v1.4.1_2026.1_imx900_rpi/rtl/lib/common/simple_dual_port_ram.sv:32)
[EFX-0656 WARNING] Optimizing into logic zero initialized read-only memory block 'inst_frame_buffer_512/inst_wr_address_decoder_1/genblk1[0].inst_pclk_to_axi_buffer/ram__D$2'. (/home/steve/video_streaming_10g_demo_v1.4.1_2026.1_imx900_rpi/rtl/lib/common/simple_dual_port_ram.sv:32)
[EFX-0657 WARNING] Mapping into logic memory block 'q1_apb_master/rom_mif' (1060 bits) (/home/steve/video_streaming_10g_demo_v1.4.1_2026.1_imx900_rpi/rtl/apb_master.sv:49) because read port is not synchronous.

///////////////////////////////////
// Efinity Synthesis Started 
// Oct 03, 2026 18:31:03
///////////////////////////////////

[EFX-0011 VERI-WARNING] port 'probe7' remains unconnected for this instance (VERI-1927) (/home/steve/video_streaming_10g_demo_v1.4.1_2026.1_imx900_rpi/fpga/Ti375N1156-DK/work_dbg/debug_top.v:138)
[EFX-0011 VERI-WARNING] input port 'probe7[0]' remains unconnected for this instance (VDB-1053) (/home/steve/video_streaming_10g_demo_v1.4.1_2026.1_imx900_rpi/fpga/Ti375N1156-DK/work_dbg/debug_top.v:110)
[EFX-0200 WARNING] Removing redundant signal : compared_in[0]. (/home/steve/video_streaming_10g_demo_v1.4.1_2026.1_imx900_rpi/fpga/Ti375N1156-DK/work_dbg/debug_top.v:5540)
[EFX-0200 WARNING] Removing redundant signal : mask_in[0]. (/home/steve/video_streaming_10g_demo_v1.4.1_2026.1_imx900_rpi/fpga/Ti375N1156-DK/work_dbg/debug_top.v:5541)
[EFX-0200 WARNING] Removing redundant signal : trigger_in. (/home/steve/video_streaming_10g_demo_v1.4.1_2026.1_imx900_rpi/fpga/Ti375N1156-DK/work_dbg/debug_top.v:5751)
[EFX-0200 WARNING] Removing redundant signal : clk. (/home/steve/video_streaming_10g_demo_v1.4.1_2026.1_imx900_rpi/fpga/Ti375N1156-DK/work_dbg/debug_top.v:4574)
[EFX-0200 WARNING] Removing redundant signal : full. (/home/steve/video_streaming_10g_demo_v1.4.1_2026.1_imx900_rpi/fpga/Ti375N1156-DK/work_dbg/debug_top.v:4628)
[EFX-0200 WARNING] Removing redundant signal : shift_i. (/home/steve/video_streaming_10g_demo_v1.4.1_2026.1_imx900_rpi/fpga/Ti375N1156-DK/work_dbg/debug_top.v:4898)
[EFX-0200 WARNING] Removing redundant signal : trig_out. (/home/steve/video_streaming_10g_demo_v1.4.1_2026.1_imx900_rpi/fpga/Ti375N1156-DK/work_dbg/debug_top.v:4915)
[EFX-0200 WARNING] Removing redundant signal : trig_out_ack. (/home/steve/video_streaming_10g_demo_v1.4.1_2026.1_imx900_rpi/fpga/Ti375N1156-DK/work_dbg/debug_top.v:4916)
[EFX-0200 WARNING] Removing redundant signal : bscan_DRCK. (/home/steve/video_streaming_10g_demo_v1.4.1_2026.1_imx900_rpi/fpga/Ti375N1156-DK/work_dbg/debug_top.v:1057)
[EFX-0200 WARNING] Removing redundant signal : bscan_RESET. (/home/steve/video_streaming_10g_demo_v1.4.1_2026.1_imx900_rpi/fpga/Ti375N1156-DK/work_dbg/debug_top.v:1058)
[EFX-0200 WARNING] Removing redundant signal : bscan_RUNTEST. (/home/steve/video_streaming_10g_demo_v1.4.1_2026.1_imx900_rpi/fpga/Ti375N1156-DK/work_dbg/debug_top.v:1059)
[EFX-0200 WARNING] Removing redundant signal : bscan_SEL. (/home/steve/video_streaming_10g_demo_v1.4.1_2026.1_imx900_rpi/fpga/Ti375N1156-DK/work_dbg/debug_top.v:1060)
[EFX-0200 WARNING] Removing redundant signal : bscan_TMS. (/home/steve/video_streaming_10g_demo_v1.4.1_2026.1_imx900_rpi/fpga/Ti375N1156-DK/work_dbg/debug_top.v:1064)
[EFX-0200 WARNING] Removing redundant signal : trig_in_ack. (/home/steve/video_streaming_10g_demo_v1.4.1_2026.1_imx900_rpi/fpga/Ti375N1156-DK/work_dbg/debug_top.v:1076)
[EFX-0200 WARNING] Removing redundant signal : mux_capture_cmp[6:0]. (/home/steve/video_streaming_10g_demo_v1.4.1_2026.1_imx900_rpi/fpga/Ti375N1156-DK/work_dbg/debug_top.v:3495)
[EFX-0200 WARNING] Removing redundant signal : bscan_CAPTURE. (/home/steve/video_streaming_10g_demo_v1.4.1_2026.1_imx900_rpi/fpga/Ti375N1156-DK/work_dbg/debug_top.v:296)
[EFX-0200 WARNING] Removing redundant signal : bscan_DRCK. (/home/steve/video_streaming_10g_demo_v1.4.1_2026.1_imx900_rpi/fpga/Ti375N1156-DK/work_dbg/debug_top.v:297)
[EFX-0200 WARNING] Removing redundant signal : bscan_RUNTEST. (/home/steve/video_streaming_10g_demo_v1.4.1_2026.1_imx900_rpi/fpga/Ti375N1156-DK/work_dbg/debug_top.v:299)
[EFX-0200 WARNING] Removing redundant signal : bscan_TMS. (/home/steve/video_streaming_10g_demo_v1.4.1_2026.1_imx900_rpi/fpga/Ti375N1156-DK/work_dbg/debug_top.v:304)
[EFX-0201 WARNING] Re-wiring to GND non-driven net/port 'probe7[0]' in module 'edb_la_top_7f1f49e4795244fab99fb246b5f3df2b(NUM_PROBES=7,DATA_DEPTH=65536,INPUT_PIPE_STAGES=1,UUID=128'b0110110000101110110101000100100011101001100111101000110001011111000101011100011101001101010110101001010011010111101001010111110,PROBE0_TYPE=1,PROBE1_TYPE=1,PROBE2_TYPE=1,PROBE3_TYPE=1,PROBE4_TYPE=1,PROBE5_TYPE=1,PROBE6_TYPE=1)'. (/home/steve/video_streaming_10g_demo_v1.4.1_2026.1_imx900_rpi/fpga/Ti375N1156-DK/work_dbg/debug_top.v:110)
[EFX-0201 WARNING] Re-wiring to GND non-driven net/port 'probe8[0]' in module 'edb_la_top_7f1f49e4795244fab99fb246b5f3df2b(NUM_PROBES=7,DATA_DEPTH=65536,INPUT_PIPE_STAGES=1,UUID=128'b0110110000101110110101000100100011101001100111101000110001011111000101011100011101001101010110101001010011010111101001010111110,PROBE0_TYPE=1,PROBE1_TYPE=1,PROBE2_TYPE=1,PROBE3_TYPE=1,PROBE4_TYPE=1,PROBE5_TYPE=1,PROBE6_TYPE=1)'. (/home/steve/video_streaming_10g_demo_v1.4.1_2026.1_imx900_rpi/fpga/Ti375N1156-DK/work_dbg/debug_top.v:110)
[EFX-0201 WARNING] Re-wiring to GND non-driven net/port 'probe9[0]' in module 'edb_la_top_7f1f49e4795244fab99fb246b5f3df2b(NUM_PROBES=7,DATA_DEPTH=65536,INPUT_PIPE_STAGES=1,UUID=128'b0110110000101110110101000100100011101001100111101000110001011111000101011100011101001101010110101001010011010111101001010111110,PROBE0_TYPE=1,PROBE1_TYPE=1,PROBE2_TYPE=1,PROBE3_TYPE=1,PROBE4_TYPE=1,PROBE5_TYPE=1,PROBE6_TYPE=1)'. (/home/steve/video_streaming_10g_demo_v1.4.1_2026.1_imx900_rpi/fpga/Ti375N1156-DK/work_dbg/debug_top.v:110)
[EFX-0201 WARNING] Re-wiring to GND non-driven net/port 'probe10[0]' in module 'edb_la_top_7f1f49e4795244fab99fb246b5f3df2b(NUM_PROBES=7,DATA_DEPTH=65536,INPUT_PIPE_STAGES=1,UUID=128'b0110110000101110110101000100100011101001100111101000110001011111000101011100011101001101010110101001010011010111101001010111110,PROBE0_TYPE=1,PROBE1_TYPE=1,PROBE2_TYPE=1,PROBE3_TYPE=1,PROBE4_TYPE=1,PROBE5_TYPE=1,PROBE6_TYPE=1)'. (/home/steve/video_streaming_10g_demo_v1.4.1_2026.1_imx900_rpi/fpga/Ti375N1156-DK/work_dbg/debug_top.v:110)
[EFX-0201 WARNING] Re-wiring to GND non-driven net/port 'probe11[0]' in module 'edb_la_top_7f1f49e4795244fab99fb246b5f3df2b(NUM_PROBES=7,DATA_DEPTH=65536,INPUT_PIPE_STAGES=1,UUID=128'b0110110000101110110101000100100011101001100111101000110001011111000101011100011101001101010110101001010011010111101001010111110,PROBE0_TYPE=1,PROBE1_TYPE=1,PROBE2_TYPE=1,PROBE3_TYPE=1,PROBE4_TYPE=1,PROBE5_TYPE=1,PROBE6_TYPE=1)'. (/home/steve/video_streaming_10g_demo_v1.4.1_2026.1_imx900_rpi/fpga/Ti375N1156-DK/work_dbg/debug_top.v:110)
[EFX-0201 WARNING] Re-wiring to GND non-driven net/port 'probe12[0]' in module 'edb_la_top_7f1f49e4795244fab99fb246b5f3df2b(NUM_PROBES=7,DATA_DEPTH=65536,INPUT_PIPE_STAGES=1,UUID=128'b0110110000101110110101000100100011101001100111101000110001011111000101011100011101001101010110101001010011010111101001010111110,PROBE0_TYPE=1,PROBE1_TYPE=1,PROBE2_TYPE=1,PROBE3_TYPE=1,PROBE4_TYPE=1,PROBE5_TYPE=1,PROBE6_TYPE=1)'. (/home/steve/video_streaming_10g_demo_v1.4.1_2026.1_imx900_rpi/fpga/Ti375N1156-DK/work_dbg/debug_top.v:110)
[EFX-0201 WARNING] Re-wiring to GND non-driven net/port 'probe13[0]' in module 'edb_la_top_7f1f49e4795244fab99fb246b5f3df2b(NUM_PROBES=7,DATA_DEPTH=65536,INPUT_PIPE_STAGES=1,UUID=128'b0110110000101110110101000100100011101001100111101000110001011111000101011100011101001101010110101001010011010111101001010111110,PROBE0_TYPE=1,PROBE1_TYPE=1,PROBE2_TYPE=1,PROBE3_TYPE=1,PROBE4_TYPE=1,PROBE5_TYPE=1,PROBE6_TYPE=1)'. (/home/steve/video_streaming_10g_demo_v1.4.1_2026.1_imx900_rpi/fpga/Ti375N1156-DK/work_dbg/debug_top.v:110)
[EFX-0201 WARNING] Re-wiring to GND non-driven net/port 'probe14[0]' in module 'edb_la_top_7f1f49e4795244fab99fb246b5f3df2b(NUM_PROBES=7,DATA_DEPTH=65536,INPUT_PIPE_STAGES=1,UUID=128'b0110110000101110110101000100100011101001100111101000110001011111000101011100011101001101010110101001010011010111101001010111110,PROBE0_TYPE=1,PROBE1_TYPE=1,PROBE2_TYPE=1,PROBE3_TYPE=1,PROBE4_TYPE=1,PROBE5_TYPE=1,PROBE6_TYPE=1)'. (/home/steve/video_streaming_10g_demo_v1.4.1_2026.1_imx900_rpi/fpga/Ti375N1156-DK/work_dbg/debug_top.v:110)
[EFX-0201 WARNING] Re-wiring to GND non-driven net/port 'probe15[0]' in module 'edb_la_top_7f1f49e4795244fab99fb246b5f3df2b(NUM_PROBES=7,DATA_DEPTH=65536,INPUT_PIPE_STAGES=1,UUID=128'b0110110000101110110101000100100011101001100111101000110001011111000101011100011101001101010110101001010011010111101001010111110,PROBE0_TYPE=1,PROBE1_TYPE=1,PROBE2_TYPE=1,PROBE3_TYPE=1,PROBE4_TYPE=1,PROBE5_TYPE=1,PROBE6_TYPE=1)'. (/home/steve/video_streaming_10g_demo_v1.4.1_2026.1_imx900_rpi/fpga/Ti375N1156-DK/work_dbg/debug_top.v:110)
[EFX-0201 WARNING] Re-wiring to GND non-driven net/port 'probe16[0]' in module 'edb_la_top_7f1f49e4795244fab99fb246b5f3df2b(NUM_PROBES=7,DATA_DEPTH=65536,INPUT_PIPE_STAGES=1,UUID=128'b0110110000101110110101000100100011101001100111101000110001011111000101011100011101001101010110101001010011010111101001010111110,PROBE0_TYPE=1,PROBE1_TYPE=1,PROBE2_TYPE=1,PROBE3_TYPE=1,PROBE4_TYPE=1,PROBE5_TYPE=1,PROBE6_TYPE=1)'. (/home/steve/video_streaming_10g_demo_v1.4.1_2026.1_imx900_rpi/fpga/Ti375N1156-DK/work_dbg/debug_top.v:110)
[EFX-0011 VERI-WARNING] Input/inout port bscan_DRCK is unconnected. Place and route may remove this unconnected port. (VDB-8003) (/home/steve/video_streaming_10g_demo_v1.4.1_2026.1_imx900_rpi/fpga/Ti375N1156-DK/work_dbg/debug_top.v:17)
[EFX-0011 VERI-WARNING] Input/inout port bscan_RUNTEST is unconnected. Place and route may remove this unconnected port. (VDB-8003) (/home/steve/video_streaming_10g_demo_v1.4.1_2026.1_imx900_rpi/fpga/Ti375N1156-DK/work_dbg/debug_top.v:19)
[EFX-0011 VERI-WARNING] Input/inout port bscan_TMS is unconnected. Place and route may remove this unconnected port. (VDB-8003) (/home/steve/video_streaming_10g_demo_v1.4.1_2026.1_imx900_rpi/fpga/Ti375N1156-DK/work_dbg/debug_top.v:24)
[EFX-0011 VERI-WARNING] Found 3 warnings in the post-synthesis netlist. 

///////////////////////////////////
// Efinity Synthesis Started 
// Oct 03, 2026 18:31:17
///////////////////////////////////

[EFX-0256 WARNING] The primary output port 'sfp0_PMA_TX_ELEC_IDLE' wire 'sfp0_PMA_TX_ELEC_IDLE' is not driven.
[EFX-0256 WARNING] The primary output port 'sfp0_ETH_EEE_ALERT_EN' wire 'sfp0_ETH_EEE_ALERT_EN' is not driven.
[EFX-0200 WARNING] Removing redundant signal : k[31:0]. (/home/steve/video_streaming_10g_demo_v1.4.1_2026.1_imx900_rpi/rtl/debounce_switch.v:56)
[EFX-0200 WARNING] Removing redundant signal : rom_read. (/home/steve/video_streaming_10g_demo_v1.4.1_2026.1_imx900_rpi/rtl/apb_master.sv:48)
[EFX-0200 WARNING] Removing redundant signal : j[31:0]. (/home/steve/video_streaming_10g_demo_v1.4.1_2026.1_imx900_rpi/rtl/apb_master.sv:212)
[EFX-0200 WARNING] Removing redundant signal : q[31:0]. (/home/steve/video_streaming_10g_demo_v1.4.1_2026.1_imx900_rpi/rtl/apb_master.sv:212)
[EFX-0200 WARNING] Removing redundant signal : PADDR[19:10]. (/home/steve/video_streaming_10g_demo_v1.4.1_2026.1_imx900_rpi/rtl/apb3_slave.sv:45)
[EFX-0200 WARNING] Removing redundant signal : PADDR[1:0]. (/home/steve/video_streaming_10g_demo_v1.4.1_2026.1_imx900_rpi/rtl/apb3_slave.sv:45)
[EFX-0200 WARNING] Removing redundant signal : byteIndex[31:0]. (/home/steve/video_streaming_10g_demo_v1.4.1_2026.1_imx900_rpi/rtl/apb3_slave.sv:69)
[EFX-0200 WARNING] Removing redundant signal : io_cpu_prefetch_isValid. (/home/steve/video_streaming_10g_demo_v1.4.1_2026.1_imx900_rpi/fpga/Ti375N1156-DK/ip/sapphire_gen/sapphire_gen.v:18748)
[EFX-0200 WARNING] Removing redundant signal : io_cpu_fetch_isRemoved. (/home/steve/video_streaming_10g_demo_v1.4.1_2026.1_imx900_rpi/fpga/Ti375N1156-DK/ip/sapphire_gen/sapphire_gen.v:18753)
[EFX-0200 WARNING] Removing redundant signal : io_cpu_decode_isValid. (/home/steve/video_streaming_10g_demo_v1.4.1_2026.1_imx900_rpi/fpga/Ti375N1156-DK/ip/sapphire_gen/sapphire_gen.v:18766)
[EFX-0200 WARNING] Removing redundant signal : io_cpu_decode_isUser. (/home/steve/video_streaming_10g_demo_v1.4.1_2026.1_imx900_rpi/fpga/Ti375N1156-DK/ip/sapphire_gen/sapphire_gen.v:18775)
[EFX-0200 WARNING] Removing redundant signal : io_cpu_prefetch_pc[31:12]. (/home/steve/video_streaming_10g_demo_v1.4.1_2026.1_imx900_rpi/fpga/Ti375N1156-DK/ip/sapphire_gen/sapphire_gen.v:18750)
[EFX-0200 WARNING] Removing redundant signal : io_cpu_prefetch_pc[1:0]. (/home/steve/video_streaming_10g_demo_v1.4.1_2026.1_imx900_rpi/fpga/Ti375N1156-DK/ip/sapphire_gen/sapphire_gen.v:18750)
[EFX-0200 WARNING] Removing redundant signal : io_cpu_fetch_pc[31:0]. (/home/steve/video_streaming_10g_demo_v1.4.1_2026.1_imx900_rpi/fpga/Ti375N1156-DK/ip/sapphire_gen/sapphire_gen.v:18754)
[EFX-0200 WARNING] Removing redundant signal : io_cpu_decode_pc[31:0]. (/home/steve/video_streaming_10g_demo_v1.4.1_2026.1_imx900_rpi/fpga/Ti375N1156-DK/ip/sapphire_gen/sapphire_gen.v:18768)
[EFX-0200 WARNING] Removing redundant signal : io_cpu_writeBack_isFiring. (/home/steve/video_streaming_10g_demo_v1.4.1_2026.1_imx900_rpi/fpga/Ti375N1156-DK/ip/sapphire_gen/sapphire_gen.v:17915)
[EFX-0200 WARNING] Removing redundant signal : io_cpu_writeBack_isUser. (/home/steve/video_streaming_10g_demo_v1.4.1_2026.1_imx900_rpi/fpga/Ti375N1156-DK/ip/sapphire_gen/sapphire_gen.v:17916)
[EFX-0200 WARNING] Removing redundant signal : io_cpu_writeBack_fence_SW. (/home/steve/video_streaming_10g_demo_v1.4.1_2026.1_imx900_rpi/fpga/Ti375N1156-DK/ip/sapphire_gen/sapphire_gen.v:17926)
[EFX-0200 WARNING] Removing redundant signal : io_cpu_writeBack_fence_SR. (/home/steve/video_streaming_10g_demo_v1.4.1_2026.1_imx900_rpi/fpga/Ti375N1156-DK/ip/sapphire_gen/sapphire_gen.v:17927)
[EFX-0200 WARNING] Removing redundant signal : io_cpu_writeBack_fence_SO. (/home/steve/video_streaming_10g_demo_v1.4.1_2026.1_imx900_rpi/fpga/Ti375N1156-DK/ip/sapphire_gen/sapphire_gen.v:17928)
[EFX-0201 WARNING] Re-wiring to GND non-driven net/port 'IBusCachedPlugin_cache_io_cpu_fetch_isRemoved' in module 'VexRiscv_6da3aa8a00f24008ad95d1e51c813f5a'. (/home/steve/video_streaming_10g_demo_v1.4.1_2026.1_imx900_rpi/fpga/Ti375N1156-DK/ip/sapphire_gen/sapphire_gen.v:10450)
[EFX-0201 WARNING] Re-wiring to GND non-driven net/port 'dataCache_1_io_cpu_writeBack_fence_SW' in module 'VexRiscv_6da3aa8a00f24008ad95d1e51c813f5a'. (/home/steve/video_streaming_10g_demo_v1.4.1_2026.1_imx900_rpi/fpga/Ti375N1156-DK/ip/sapphire_gen/sapphire_gen.v:10463)
[EFX-0201 WARNING] Re-wiring to GND non-driven net/port 'dataCache_1_io_cpu_writeBack_fence_SR' in module 'VexRiscv_6da3aa8a00f24008ad95d1e51c813f5a'. (/home/steve/video_streaming_10g_demo_v1.4.1_2026.1_imx900_rpi/fpga/Ti375N1156-DK/ip/sapphire_gen/sapphire_gen.v:10464)
[EFX-0201 WARNING] Re-wiring to GND non-driven net/port 'dataCache_1_io_cpu_writeBack_fence_SO' in module 'VexRiscv_6da3aa8a00f24008ad95d1e51c813f5a'. (/home/steve/video_streaming_10g_demo_v1.4.1_2026.1_imx900_rpi/fpga/Ti375N1156-DK/ip/sapphire_gen/sapphire_gen.v:10465)
[EFX-0201 WARNING] Re-wiring to GND non-driven net/port 'dataCache_1_io_cpu_writeBack_fence_SI' in module 'VexRiscv_6da3aa8a00f24008ad95d1e51c813f5a'. (/home/steve/video_streaming_10g_demo_v1.4.1_2026.1_imx900_rpi/fpga/Ti375N1156-DK/ip/sapphire_gen/sapphire_gen.v:10466)
[EFX-0201 WARNING] Re-wiring to GND non-driven net/port 'dataCache_1_io_cpu_writeBack_fence_PW' in module 'VexRiscv_6da3aa8a00f24008ad95d1e51c813f5a'. (/home/steve/video_streaming_10g_demo_v1.4.1_2026.1_imx900_rpi/fpga/Ti375N1156-DK/ip/sapphire_gen/sapphire_gen.v:10467)
[EFX-0201 WARNING] Re-wiring to GND non-driven net/port 'dataCache_1_io_cpu_writeBack_fence_PR' in module 'VexRiscv_6da3aa8a00f24008ad95d1e51c813f5a'. (/home/steve/video_streaming_10g_demo_v1.4.1_2026.1_imx900_rpi/fpga/Ti375N1156-DK/ip/sapphire_gen/sapphire_gen.v:10468)
[EFX-0201 WARNING] Re-wiring to GND non-driven net/port 'dataCache_1_io_cpu_writeBack_fence_PO' in module 'VexRiscv_6da3aa8a00f24008ad95d1e51c813f5a'. (/home/steve/video_streaming_10g_demo_v1.4.1_2026.1_imx900_rpi/fpga/Ti375N1156-DK/ip/sapphire_gen/sapphire_gen.v:10469)
[EFX-0201 WARNING] Re-wiring to GND non-driven net/port 'dataCache_1_io_cpu_writeBack_fence_PI' in module 'VexRiscv_6da3aa8a00f24008ad95d1e51c813f5a'. (/home/steve/video_streaming_10g_demo_v1.4.1_2026.1_imx900_rpi/fpga/Ti375N1156-DK/ip/sapphire_gen/sapphire_gen.v:10470)
[EFX-0201 WARNING] Re-wiring to GND non-driven net/port 'dataCache_1_io_cpu_writeBack_fence_FM[3]' in module 'VexRiscv_6da3aa8a00f24008ad95d1e51c813f5a'. (/home/steve/video_streaming_10g_demo_v1.4.1_2026.1_imx900_rpi/fpga/Ti375N1156-DK/ip/sapphire_gen/sapphire_gen.v:10471)
[EFX-0657 WARNING] Mapping into logic memory block 'debounce_reg' (16 bits) (/home/steve/video_streaming_10g_demo_v1.4.1_2026.1_imx900_rpi/rtl/debounce_switch.v:47) because size is too small (<=64)
[EFX-0657 WARNING] Mapping into logic memory block 'logic_progbufX_mem' (64 bits) (/home/steve/video_streaming_10g_demo_v1.4.1_2026.1_imx900_rpi/fpga/Ti375N1156-DK/ip/sapphire_gen/sapphire_gen.v:9567) because size is too small (<=64)
[EFX-0657 WARNING] Mapping into logic memory block 'ram' (4 bits) (/home/steve/video_streaming_10g_demo_v1.4.1_2026.1_imx900_rpi/rtl/lib/common/frame_buffer_512/Axi4_2x512_1x512.v:1671) because size is too small (<=64)
[EFX-0656 WARNING] Optimizing into logic zero initialized read-only memory block 'inst_rd_address_decoder_1/inst_simple_dual_port_ram_00/ram__D$12'. (/home/steve/video_streaming_10g_demo_v1.4.1_2026.1_imx900_rpi/rtl/lib/common/simple_dual_port_ram.sv:32)
[EFX-0656 WARNING] Optimizing into logic zero initialized read-only memory block 'inst_rd_address_decoder_1/inst_simple_dual_port_ram_00/ram__D$2'. (/home/steve/video_streaming_10g_demo_v1.4.1_2026.1_imx900_rpi/rtl/lib/common/simple_dual_port_ram.sv:32)
[EFX-0656 WARNING] Optimizing into logic zero initialized read-only memory block 'inst_rd_address_decoder_1/inst_simple_dual_port_ram_00/ram__D$b12'. (/home/steve/video_streaming_10g_demo_v1.4.1_2026.1_imx900_rpi/rtl/lib/common/simple_dual_port_ram.sv:32)
[EFX-0656 WARNING] Optimizing into logic zero initialized read-only memory block 'inst_rd_address_decoder_1/inst_simple_dual_port_ram_00/ram__D$c12'. (/home/steve/video_streaming_10g_demo_v1.4.1_2026.1_imx900_rpi/rtl/lib/common/simple_dual_port_ram.sv:32)
[EFX-0656 WARNING] Optimizing into logic zero initialized read-only memory block 'inst_rd_address_decoder_1/inst_simple_dual_port_ram_00/ram__D$d12'. (/home/steve/video_streaming_10g_demo_v1.4.1_2026.1_imx900_rpi/rtl/lib/common/simple_dual_port_ram.sv:32)
[EFX-0656 WARNING] Optimizing into logic zero initialized read-only memory block 'inst_rd_address_decoder_1/inst_simple_dual_port_ram_00/ram__D$e12'. (/home/steve/video_streaming_10g_demo_v1.4.1_2026.1_imx900_rpi/rtl/lib/common/simple_dual_port_ram.sv:32)
[EFX-0656 WARNING] Optimizing into logic zero initialized read-only memory block 'inst_rd_address_decoder_1/inst_simple_dual_port_ram_00/ram__D$f12'. (/home/steve/video_streaming_10g_demo_v1.4.1_2026.1_imx900_rpi/rtl/lib/common/simple_dual_port_ram.sv:32)
[EFX-0656 WARNING] Optimizing into logic zero initialized read-only memory block 'inst_rd_address_decoder_1/inst_simple_dual_port_ram_00/ram__D$g12'. (/home/steve/video_streaming_10g_demo_v1.4.1_2026.1_imx900_rpi/rtl/lib/common/simple_dual_port_ram.sv:32)
[EFX-0656 WARNING] Optimizing into logic zero initialized read-only memory block 'inst_rd_address_decoder_1/inst_simple_dual_port_ram_00/ram__D$h12'. (/home/steve/video_streaming_10g_demo_v1.4.1_2026.1_imx900_rpi/rtl/lib/common/simple_dual_port_ram.sv:32)
[EFX-0656 WARNING] Optimizing into logic zero initialized read-only memory block 'inst_rd_address_decoder_1/inst_simple_dual_port_ram_00/ram__D$i12'. (/home/steve/video_streaming_10g_demo_v1.4.1_2026.1_imx900_rpi/rtl/lib/common/simple_dual_port_ram.sv:32)
[EFX-0656 WARNING] Optimizing into logic zero initialized read-only memory block 'inst_rd_address_decoder_1/inst_simple_dual_port_ram_00/ram__D$j12'. (/home/steve/video_streaming_10g_demo_v1.4.1_2026.1_imx900_rpi/rtl/lib/common/simple_dual_port_ram.sv:32)
[EFX-0656 WARNING] Optimizing into logic zero initialized read-only memory block 'inst_rd_address_decoder_1/inst_simple_dual_port_ram_00/ram__D$k12'. (/home/steve/video_streaming_10g_demo_v1.4.1_2026.1_imx900_rpi/rtl/lib/common/simple_dual_port_ram.sv:32)
[EFX-0656 WARNING] Optimizing into logic zero initialized read-only memory block 'inst_rd_address_decoder_1/inst_simple_dual_port_ram_00/ram__D$l12'. (/home/steve/video_streaming_10g_demo_v1.4.1_2026.1_imx900_rpi/rtl/lib/common/simple_dual_port_ram.sv:32)
[EFX-0656 WARNING] Optimizing into logic zero initialized read-only memory block 'inst_rd_address_decoder_1/inst_simple_dual_port_ram_00/ram__D$m12'. (/home/steve/video_streaming_10g_demo_v1.4.1_2026.1_imx900_rpi/rtl/lib/common/simple_dual_port_ram.sv:32)
[EFX-0656 WARNING] Optimizing into logic zero initialized read-only memory block 'inst_rd_address_decoder_1/inst_simple_dual_port_ram_00/ram__D$n12'. (/home/steve/video_streaming_10g_demo_v1.4.1_2026.1_imx900_rpi/rtl/lib/common/simple_dual_port_ram.sv:32)
[EFX-0656 WARNING] Optimizing into logic zero initialized read-only memory block 'inst_rd_address_decoder_1/inst_simple_dual_port_ram_00/ram__D$o12'. (/home/steve/video_streaming_10g_demo_v1.4.1_2026.1_imx900_rpi/rtl/lib/common/simple_dual_port_ram.sv:32)
[EFX-0656 WARNING] Optimizing into logic zero initialized read-only memory block 'inst_rd_address_decoder_1/inst_simple_dual_port_ram_00/ram__D$p12'. (/home/steve/video_streaming_10g_demo_v1.4.1_2026.1_imx900_rpi/rtl/lib/common/simple_dual_port_ram.sv:32)
[EFX-0656 WARNING] Optimizing into logic zero initialized read-only memory block 'inst_rd_address_decoder_1/inst_simple_dual_port_ram_00/ram__D$q12'. (/home/steve/video_streaming_10g_demo_v1.4.1_2026.1_imx900_rpi/rtl/lib/common/simple_dual_port_ram.sv:32)
[EFX-0656 WARNING] Optimizing into logic zero initialized read-only memory block 'inst_rd_address_decoder_1/inst_simple_dual_port_ram_00/ram__D$r12'. (/home/steve/video_streaming_10g_demo_v1.4.1_2026.1_imx900_rpi/rtl/lib/common/simple_dual_port_ram.sv:32)
[EFX-0656 WARNING] Optimizing into logic zero initialized read-only memory block 'inst_rd_address_decoder_1/inst_simple_dual_port_ram_00/ram__D$s12'. (/home/steve/video_streaming_10g_demo_v1.4.1_2026.1_imx900_rpi/rtl/lib/common/simple_dual_port_ram.sv:32)
[EFX-0656 WARNING] Optimizing into logic zero initialized read-only memory block 'inst_rd_address_decoder_1/inst_simple_dual_port_ram_00/ram__D$t12'. (/home/steve/video_streaming_10g_demo_v1.4.1_2026.1_imx900_rpi/rtl/lib/common/simple_dual_port_ram.sv:32)
[EFX-0656 WARNING] Optimizing into logic zero initialized read-only memory block 'inst_rd_address_decoder_1/inst_simple_dual_port_ram_00/ram__D$u12'. (/home/steve/video_streaming_10g_demo_v1.4.1_2026.1_imx900_rpi/rtl/lib/common/simple_dual_port_ram.sv:32)
[EFX-0656 WARNING] Optimizing into logic zero initialized read-only memory block 'inst_rd_address_decoder_1/inst_simple_dual_port_ram_00/ram__D$v12'. (/home/steve/video_streaming_10g_demo_v1.4.1_2026.1_imx900_rpi/rtl/lib/common/simple_dual_port_ram.sv:32)
[EFX-0656 WARNING] Optimizing into logic zero initialized read-only memory block 'inst_rd_address_decoder_1/inst_simple_dual_port_ram_00/ram__D$w12'. (/home/steve/video_streaming_10g_demo_v1.4.1_2026.1_imx900_rpi/rtl/lib/common/simple_dual_port_ram.sv:32)
[EFX-0656 WARNING] Optimizing into logic zero initialized read-only memory block 'inst_rd_address_decoder_1/inst_simple_dual_port_ram_00/ram__D$x12'. (/home/steve/video_streaming_10g_demo_v1.4.1_2026.1_imx900_rpi/rtl/lib/common/simple_dual_port_ram.sv:32)
[EFX-0656 WARNING] Optimizing into logic zero initialized read-only memory block 'inst_rd_address_decoder_1/inst_simple_dual_port_ram_00/ram__D$y1'. (/home/steve/video_streaming_10g_demo_v1.4.1_2026.1_imx900_rpi/rtl/lib/common/simple_dual_port_ram.sv:32)
[EFX-0656 WARNING] Optimizing into logic zero initialized read-only memory block 'inst_frame_buffer_512/inst_wr_address_decoder_1/genblk1[15].inst_pclk_to_axi_buffer/ram__D$1'. (/home/steve/video_streaming_10g_demo_v1.4.1_2026.1_imx900_rpi/rtl/lib/common/simple_dual_port_ram.sv:32)
[EFX-0656 WARNING] Optimizing into logic zero initialized read-only memory block 'inst_frame_buffer_512/inst_wr_address_decoder_1/genblk1[15].inst_pclk_to_axi_buffer/ram__D$2'. (/home/steve/video_streaming_10g_demo_v1.4.1_2026.1_imx900_rpi/rtl/lib/common/simple_dual_port_ram.sv:32)
[EFX-0656 WARNING] Optimizing into logic zero initialized read-only memory block 'inst_frame_buffer_512/inst_wr_address_decoder_1/genblk1[14].inst_pclk_to_axi_buffer/ram__D$1'. (/home/steve/video_streaming_10g_demo_v1.4.1_2026.1_imx900_rpi/rtl/lib/common/simple_dual_port_ram.sv:32)
[EFX-0656 WARNING] Optimizing into logic zero initialized read-only memory block 'inst_frame_buffer_512/inst_wr_address_decoder_1/genblk1[14].inst_pclk_to_axi_buffer/ram__D$2'. (/home/steve/video_streaming_10g_demo_v1.4.1_2026.1_imx900_rpi/rtl/lib/common/simple_dual_port_ram.sv:32)
[EFX-0656 WARNING] Optimizing into logic zero initialized read-only memory block 'inst_frame_buffer_512/inst_wr_address_decoder_1/genblk1[13].inst_pclk_to_axi_buffer/ram__D$1'. (/home/steve/video_streaming_10g_demo_v1.4.1_2026.1_imx900_rpi/rtl/lib/common/simple_dual_port_ram.sv:32)
[EFX-0656 WARNING] Optimizing into logic zero initialized read-only memory block 'inst_frame_buffer_512/inst_wr_address_decoder_1/genblk1[13].inst_pclk_to_axi_buffer/ram__D$2'. (/home/steve/video_streaming_10g_demo_v1.4.1_2026.1_imx900_rpi/rtl/lib/common/simple_dual_port_ram.sv:32)
[EFX-0656 WARNING] Optimizing into logic zero initialized read-only memory block 'inst_frame_buffer_512/inst_wr_address_decoder_1/genblk1[12].inst_pclk_to_axi_buffer/ram__D$1'. (/home/steve/video_streaming_10g_demo_v1.4.1_2026.1_imx900_rpi/rtl/lib/common/simple_dual_port_ram.sv:32)
[EFX-0656 WARNING] Optimizing into logic zero initialized read-only memory block 'inst_frame_buffer_512/inst_wr_address_decoder_1/genblk1[12].inst_pclk_to_axi_buffer/ram__D$2'. (/home/steve/video_streaming_10g_demo_v1.4.1_2026.1_imx900_rpi/rtl/lib/common/simple_dual_port_ram.sv:32)
[EFX-0656 WARNING] Optimizing into logic zero initialized read-only memory block 'inst_frame_buffer_512/inst_wr_address_decoder_1/genblk1[11].inst_pclk_to_axi_buffer/ram__D$1'. (/home/steve/video_streaming_10g_demo_v1.4.1_2026.1_imx900_rpi/rtl/lib/common/simple_dual_port_ram.sv:32)
[EFX-0656 WARNING] Optimizing into logic zero initialized read-only memory block 'inst_frame_buffer_512/inst_wr_address_decoder_1/genblk1[11].inst_pclk_to_axi_buffer/ram__D$2'. (/home/steve/video_streaming_10g_demo_v1.4.1_2026.1_imx900_rpi/rtl/lib/common/simple_dual_port_ram.sv:32)
[EFX-0656 WARNING] Optimizing into logic zero initialized read-only memory block 'inst_frame_buffer_512/inst_wr_address_decoder_1/genblk1[10].inst_pclk_to_axi_buffer/ram__D$1'. (/home/steve/video_streaming_10g_demo_v1.4.1_2026.1_imx900_rpi/rtl/lib/common/simple_dual_port_ram.sv:32)
[EFX-0656 WARNING] Optimizing into logic zero initialized read-only memory block 'inst_frame_buffer_512/inst_wr_address_decoder_1/genblk1[10].inst_pclk_to_axi_buffer/ram__D$2'. (/home/steve/video_streaming_10g_demo_v1.4.1_2026.1_imx900_rpi/rtl/lib/common/simple_dual_port_ram.sv:32)
[EFX-0656 WARNING] Optimizing into logic zero initialized read-only memory block 'inst_frame_buffer_512/inst_wr_address_decoder_1/genblk1[9].inst_pclk_to_axi_buffer/ram__D$1'. (/home/steve/video_streaming_10g_demo_v1.4.1_2026.1_imx900_rpi/rtl/lib/common/simple_dual_port_ram.sv:32)
[EFX-0656 WARNING] Optimizing into logic zero initialized read-only memory block 'inst_frame_buffer_512/inst_wr_address_decoder_1/genblk1[9].inst_pclk_to_axi_buffer/ram__D$2'. (/home/steve/video_streaming_10g_demo_v1.4.1_2026.1_imx900_rpi/rtl/lib/common/simple_dual_port_ram.sv:32)
[EFX-0656 WARNING] Optimizing into logic zero initialized read-only memory block 'inst_frame_buffer_512/inst_wr_address_decoder_1/genblk1[8].inst_pclk_to_axi_buffer/ram__D$1'. (/home/steve/video_streaming_10g_demo_v1.4.1_2026.1_imx900_rpi/rtl/lib/common/simple_dual_port_ram.sv:32)
[EFX-0656 WARNING] Optimizing into logic zero initialized read-only memory block 'inst_frame_buffer_512/inst_wr_address_decoder_1/genblk1[8].inst_pclk_to_axi_buffer/ram__D$2'. (/home/steve/video_streaming_10g_demo_v1.4.1_2026.1_imx900_rpi/rtl/lib/common/simple_dual_port_ram.sv:32)
[EFX-0656 WARNING] Optimizing into logic zero initialized read-only memory block 'inst_frame_buffer_512/inst_wr_address_decoder_1/genblk1[7].inst_pclk_to_axi_buffer/ram__D$1'. (/home/steve/video_streaming_10g_demo_v1.4.1_2026.1_imx900_rpi/rtl/lib/common/simple_dual_port_ram.sv:32)
[EFX-0656 WARNING] Optimizing into logic zero initialized read-only memory block 'inst_frame_buffer_512/inst_wr_address_decoder_1/genblk1[7].inst_pclk_to_axi_buffer/ram__D$2'. (/home/steve/video_streaming_10g_demo_v1.4.1_2026.1_imx900_rpi/rtl/lib/common/simple_dual_port_ram.sv:32)
[EFX-0656 WARNING] Optimizing into logic zero initialized read-only memory block 'inst_frame_buffer_512/inst_wr_address_decoder_1/genblk1[6].inst_pclk_to_axi_buffer/ram__D$1'. (/home/steve/video_streaming_10g_demo_v1.4.1_2026.1_imx900_rpi/rtl/lib/common/simple_dual_port_ram.sv:32)
[EFX-0656 WARNING] Optimizing into logic zero initialized read-only memory block 'inst_frame_buffer_512/inst_wr_address_decoder_1/genblk1[6].inst_pclk_to_axi_buffer/ram__D$2'. (/home/steve/video_streaming_10g_demo_v1.4.1_2026.1_imx900_rpi/rtl/lib/common/simple_dual_port_ram.sv:32)
[EFX-0656 WARNING] Optimizing into logic zero initialized read-only memory block 'inst_frame_buffer_512/inst_wr_address_decoder_1/genblk1[5].inst_pclk_to_axi_buffer/ram__D$1'. (/home/steve/video_streaming_10g_demo_v1.4.1_2026.1_imx900_rpi/rtl/lib/common/simple_dual_port_ram.sv:32)
[EFX-0656 WARNING] Optimizing into logic zero initialized read-only memory block 'inst_frame_buffer_512/inst_wr_address_decoder_1/genblk1[5].inst_pclk_to_axi_buffer/ram__D$2'. (/home/steve/video_streaming_10g_demo_v1.4.1_2026.1_imx900_rpi/rtl/lib/common/simple_dual_port_ram.sv:32)
[EFX-0656 WARNING] Optimizing into logic zero initialized read-only memory block 'inst_frame_buffer_512/inst_wr_address_decoder_1/genblk1[4].inst_pclk_to_axi_buffer/ram__D$1'. (/home/steve/video_streaming_10g_demo_v1.4.1_2026.1_imx900_rpi/rtl/lib/common/simple_dual_port_ram.sv:32)
[EFX-0656 WARNING] Optimizing into logic zero initialized read-only memory block 'inst_frame_buffer_512/inst_wr_address_decoder_1/genblk1[4].inst_pclk_to_axi_buffer/ram__D$2'. (/home/steve/video_streaming_10g_demo_v1.4.1_2026.1_imx900_rpi/rtl/lib/common/simple_dual_port_ram.sv:32)
[EFX-0656 WARNING] Optimizing into logic zero initialized read-only memory block 'inst_frame_buffer_512/inst_wr_address_decoder_1/genblk1[3].inst_pclk_to_axi_buffer/ram__D$1'. (/home/steve/video_streaming_10g_demo_v1.4.1_2026.1_imx900_rpi/rtl/lib/common/simple_dual_port_ram.sv:32)
[EFX-0656 WARNING] Optimizing into logic zero initialized read-only memory block 'inst_frame_buffer_512/inst_wr_address_decoder_1/genblk1[3].inst_pclk_to_axi_buffer/ram__D$2'. (/home/steve/video_streaming_10g_demo_v1.4.1_2026.1_imx900_rpi/rtl/lib/common/simple_dual_port_ram.sv:32)
[EFX-0656 WARNING] Optimizing into logic zero initialized read-only memory block 'inst_frame_buffer_512/inst_wr_address_decoder_1/genblk1[2].inst_pclk_to_axi_buffer/ram__D$1'. (/home/steve/video_streaming_10g_demo_v1.4.1_2026.1_imx900_rpi/rtl/lib/common/simple_dual_port_ram.sv:32)
[EFX-0656 WARNING] Optimizing into logic zero initialized read-only memory block 'inst_frame_buffer_512/inst_wr_address_decoder_1/genblk1[2].inst_pclk_to_axi_buffer/ram__D$2'. (/home/steve/video_streaming_10g_demo_v1.4.1_2026.1_imx900_rpi/rtl/lib/common/simple_dual_port_ram.sv:32)
[EFX-0656 WARNING] Optimizing into logic zero initialized read-only memory block 'inst_frame_buffer_512/inst_wr_address_decoder_1/genblk1[1].inst_pclk_to_axi_buffer/ram__D$1'. (/home/steve/video_streaming_10g_demo_v1.4.1_2026.1_imx900_rpi/rtl/lib/common/simple_dual_port_ram.sv:32)
[EFX-0656 WARNING] Optimizing into logic zero initialized read-only memory block 'inst_frame_buffer_512/inst_wr_address_decoder_1/genblk1[1].inst_pclk_to_axi_buffer/ram__D$2'. (/home/steve/video_streaming_10g_demo_v1.4.1_2026.1_imx900_rpi/rtl/lib/common/simple_dual_port_ram.sv:32)
[EFX-0656 WARNING] Optimizing into logic zero initialized read-only memory block 'inst_frame_buffer_512/inst_wr_address_decoder_1/genblk1[0].inst_pclk_to_axi_buffer/ram__D$1'. (/home/steve/video_streaming_10g_demo_v1.4.1_2026.1_imx900_rpi/rtl/lib/common/simple_dual_port_ram.sv:32)
[EFX-0656 WARNING] Optimizing into logic zero initialized read-only memory block 'inst_frame_buffer_512/inst_wr_address_decoder_1/genblk1[0].inst_pclk_to_axi_buffer/ram__D$2'. (/home/steve/video_streaming_10g_demo_v1.4.1_2026.1_imx900_rpi/rtl/lib/common/simple_dual_port_ram.sv:32)
[EFX-0657 WARNING] Mapping into logic memory block 'q1_apb_master/rom_mif' (1060 bits) (/home/steve/video_streaming_10g_demo_v1.4.1_2026.1_imx900_rpi/rtl/apb_master.sv:49) because read port is not synchronous.

///////////////////////////////////
// Efinity Synthesis Started 
// Oct 03, 2026 18:51:31
///////////////////////////////////

[EFX-0011 VERI-WARNING] port 'probe7' remains unconnected for this instance (VERI-1927) (/home/steve/video_streaming_10g_demo_v1.4.1_2026.1_imx900_rpi/fpga/Ti375N1156-DK/work_dbg/debug_top.v:138)
[EFX-0011 VERI-WARNING] input port 'probe7[0]' remains unconnected for this instance (VDB-1053) (/home/steve/video_streaming_10g_demo_v1.4.1_2026.1_imx900_rpi/fpga/Ti375N1156-DK/work_dbg/debug_top.v:110)
[EFX-0200 WARNING] Removing redundant signal : compared_in[0]. (/home/steve/video_streaming_10g_demo_v1.4.1_2026.1_imx900_rpi/fpga/Ti375N1156-DK/work_dbg/debug_top.v:5540)
[EFX-0200 WARNING] Removing redundant signal : mask_in[0]. (/home/steve/video_streaming_10g_demo_v1.4.1_2026.1_imx900_rpi/fpga/Ti375N1156-DK/work_dbg/debug_top.v:5541)
[EFX-0200 WARNING] Removing redundant signal : trigger_in. (/home/steve/video_streaming_10g_demo_v1.4.1_2026.1_imx900_rpi/fpga/Ti375N1156-DK/work_dbg/debug_top.v:5751)
[EFX-0200 WARNING] Removing redundant signal : clk. (/home/steve/video_streaming_10g_demo_v1.4.1_2026.1_imx900_rpi/fpga/Ti375N1156-DK/work_dbg/debug_top.v:4574)
[EFX-0200 WARNING] Removing redundant signal : full. (/home/steve/video_streaming_10g_demo_v1.4.1_2026.1_imx900_rpi/fpga/Ti375N1156-DK/work_dbg/debug_top.v:4628)
[EFX-0200 WARNING] Removing redundant signal : shift_i. (/home/steve/video_streaming_10g_demo_v1.4.1_2026.1_imx900_rpi/fpga/Ti375N1156-DK/work_dbg/debug_top.v:4898)
[EFX-0200 WARNING] Removing redundant signal : trig_out. (/home/steve/video_streaming_10g_demo_v1.4.1_2026.1_imx900_rpi/fpga/Ti375N1156-DK/work_dbg/debug_top.v:4915)
[EFX-0200 WARNING] Removing redundant signal : trig_out_ack. (/home/steve/video_streaming_10g_demo_v1.4.1_2026.1_imx900_rpi/fpga/Ti375N1156-DK/work_dbg/debug_top.v:4916)
[EFX-0200 WARNING] Removing redundant signal : bscan_DRCK. (/home/steve/video_streaming_10g_demo_v1.4.1_2026.1_imx900_rpi/fpga/Ti375N1156-DK/work_dbg/debug_top.v:1057)
[EFX-0200 WARNING] Removing redundant signal : bscan_RESET. (/home/steve/video_streaming_10g_demo_v1.4.1_2026.1_imx900_rpi/fpga/Ti375N1156-DK/work_dbg/debug_top.v:1058)
[EFX-0200 WARNING] Removing redundant signal : bscan_RUNTEST. (/home/steve/video_streaming_10g_demo_v1.4.1_2026.1_imx900_rpi/fpga/Ti375N1156-DK/work_dbg/debug_top.v:1059)
[EFX-0200 WARNING] Removing redundant signal : bscan_SEL. (/home/steve/video_streaming_10g_demo_v1.4.1_2026.1_imx900_rpi/fpga/Ti375N1156-DK/work_dbg/debug_top.v:1060)
[EFX-0200 WARNING] Removing redundant signal : bscan_TMS. (/home/steve/video_streaming_10g_demo_v1.4.1_2026.1_imx900_rpi/fpga/Ti375N1156-DK/work_dbg/debug_top.v:1064)
[EFX-0200 WARNING] Removing redundant signal : trig_in_ack. (/home/steve/video_streaming_10g_demo_v1.4.1_2026.1_imx900_rpi/fpga/Ti375N1156-DK/work_dbg/debug_top.v:1076)
[EFX-0200 WARNING] Removing redundant signal : mux_capture_cmp[6:0]. (/home/steve/video_streaming_10g_demo_v1.4.1_2026.1_imx900_rpi/fpga/Ti375N1156-DK/work_dbg/debug_top.v:3495)
[EFX-0200 WARNING] Removing redundant signal : bscan_CAPTURE. (/home/steve/video_streaming_10g_demo_v1.4.1_2026.1_imx900_rpi/fpga/Ti375N1156-DK/work_dbg/debug_top.v:296)
[EFX-0200 WARNING] Removing redundant signal : bscan_DRCK. (/home/steve/video_streaming_10g_demo_v1.4.1_2026.1_imx900_rpi/fpga/Ti375N1156-DK/work_dbg/debug_top.v:297)
[EFX-0200 WARNING] Removing redundant signal : bscan_RUNTEST. (/home/steve/video_streaming_10g_demo_v1.4.1_2026.1_imx900_rpi/fpga/Ti375N1156-DK/work_dbg/debug_top.v:299)
[EFX-0200 WARNING] Removing redundant signal : bscan_TMS. (/home/steve/video_streaming_10g_demo_v1.4.1_2026.1_imx900_rpi/fpga/Ti375N1156-DK/work_dbg/debug_top.v:304)
[EFX-0201 WARNING] Re-wiring to GND non-driven net/port 'probe7[0]' in module 'edb_la_top_7f1f49e4795244fab99fb246b5f3df2b(NUM_PROBES=7,DATA_DEPTH=65536,INPUT_PIPE_STAGES=1,UUID=128'b0110110000101110110101000100100011101001100111101000110001011111000101011100011101001101010110101001010011010111101001010111110,PROBE0_TYPE=1,PROBE1_TYPE=1,PROBE2_TYPE=1,PROBE3_TYPE=1,PROBE4_TYPE=1,PROBE5_TYPE=1,PROBE6_TYPE=1)'. (/home/steve/video_streaming_10g_demo_v1.4.1_2026.1_imx900_rpi/fpga/Ti375N1156-DK/work_dbg/debug_top.v:110)
[EFX-0201 WARNING] Re-wiring to GND non-driven net/port 'probe8[0]' in module 'edb_la_top_7f1f49e4795244fab99fb246b5f3df2b(NUM_PROBES=7,DATA_DEPTH=65536,INPUT_PIPE_STAGES=1,UUID=128'b0110110000101110110101000100100011101001100111101000110001011111000101011100011101001101010110101001010011010111101001010111110,PROBE0_TYPE=1,PROBE1_TYPE=1,PROBE2_TYPE=1,PROBE3_TYPE=1,PROBE4_TYPE=1,PROBE5_TYPE=1,PROBE6_TYPE=1)'. (/home/steve/video_streaming_10g_demo_v1.4.1_2026.1_imx900_rpi/fpga/Ti375N1156-DK/work_dbg/debug_top.v:110)
[EFX-0201 WARNING] Re-wiring to GND non-driven net/port 'probe9[0]' in module 'edb_la_top_7f1f49e4795244fab99fb246b5f3df2b(NUM_PROBES=7,DATA_DEPTH=65536,INPUT_PIPE_STAGES=1,UUID=128'b0110110000101110110101000100100011101001100111101000110001011111000101011100011101001101010110101001010011010111101001010111110,PROBE0_TYPE=1,PROBE1_TYPE=1,PROBE2_TYPE=1,PROBE3_TYPE=1,PROBE4_TYPE=1,PROBE5_TYPE=1,PROBE6_TYPE=1)'. (/home/steve/video_streaming_10g_demo_v1.4.1_2026.1_imx900_rpi/fpga/Ti375N1156-DK/work_dbg/debug_top.v:110)
[EFX-0201 WARNING] Re-wiring to GND non-driven net/port 'probe10[0]' in module 'edb_la_top_7f1f49e4795244fab99fb246b5f3df2b(NUM_PROBES=7,DATA_DEPTH=65536,INPUT_PIPE_STAGES=1,UUID=128'b0110110000101110110101000100100011101001100111101000110001011111000101011100011101001101010110101001010011010111101001010111110,PROBE0_TYPE=1,PROBE1_TYPE=1,PROBE2_TYPE=1,PROBE3_TYPE=1,PROBE4_TYPE=1,PROBE5_TYPE=1,PROBE6_TYPE=1)'. (/home/steve/video_streaming_10g_demo_v1.4.1_2026.1_imx900_rpi/fpga/Ti375N1156-DK/work_dbg/debug_top.v:110)
[EFX-0201 WARNING] Re-wiring to GND non-driven net/port 'probe11[0]' in module 'edb_la_top_7f1f49e4795244fab99fb246b5f3df2b(NUM_PROBES=7,DATA_DEPTH=65536,INPUT_PIPE_STAGES=1,UUID=128'b0110110000101110110101000100100011101001100111101000110001011111000101011100011101001101010110101001010011010111101001010111110,PROBE0_TYPE=1,PROBE1_TYPE=1,PROBE2_TYPE=1,PROBE3_TYPE=1,PROBE4_TYPE=1,PROBE5_TYPE=1,PROBE6_TYPE=1)'. (/home/steve/video_streaming_10g_demo_v1.4.1_2026.1_imx900_rpi/fpga/Ti375N1156-DK/work_dbg/debug_top.v:110)
[EFX-0201 WARNING] Re-wiring to GND non-driven net/port 'probe12[0]' in module 'edb_la_top_7f1f49e4795244fab99fb246b5f3df2b(NUM_PROBES=7,DATA_DEPTH=65536,INPUT_PIPE_STAGES=1,UUID=128'b0110110000101110110101000100100011101001100111101000110001011111000101011100011101001101010110101001010011010111101001010111110,PROBE0_TYPE=1,PROBE1_TYPE=1,PROBE2_TYPE=1,PROBE3_TYPE=1,PROBE4_TYPE=1,PROBE5_TYPE=1,PROBE6_TYPE=1)'. (/home/steve/video_streaming_10g_demo_v1.4.1_2026.1_imx900_rpi/fpga/Ti375N1156-DK/work_dbg/debug_top.v:110)
[EFX-0201 WARNING] Re-wiring to GND non-driven net/port 'probe13[0]' in module 'edb_la_top_7f1f49e4795244fab99fb246b5f3df2b(NUM_PROBES=7,DATA_DEPTH=65536,INPUT_PIPE_STAGES=1,UUID=128'b0110110000101110110101000100100011101001100111101000110001011111000101011100011101001101010110101001010011010111101001010111110,PROBE0_TYPE=1,PROBE1_TYPE=1,PROBE2_TYPE=1,PROBE3_TYPE=1,PROBE4_TYPE=1,PROBE5_TYPE=1,PROBE6_TYPE=1)'. (/home/steve/video_streaming_10g_demo_v1.4.1_2026.1_imx900_rpi/fpga/Ti375N1156-DK/work_dbg/debug_top.v:110)
[EFX-0201 WARNING] Re-wiring to GND non-driven net/port 'probe14[0]' in module 'edb_la_top_7f1f49e4795244fab99fb246b5f3df2b(NUM_PROBES=7,DATA_DEPTH=65536,INPUT_PIPE_STAGES=1,UUID=128'b0110110000101110110101000100100011101001100111101000110001011111000101011100011101001101010110101001010011010111101001010111110,PROBE0_TYPE=1,PROBE1_TYPE=1,PROBE2_TYPE=1,PROBE3_TYPE=1,PROBE4_TYPE=1,PROBE5_TYPE=1,PROBE6_TYPE=1)'. (/home/steve/video_streaming_10g_demo_v1.4.1_2026.1_imx900_rpi/fpga/Ti375N1156-DK/work_dbg/debug_top.v:110)
[EFX-0201 WARNING] Re-wiring to GND non-driven net/port 'probe15[0]' in module 'edb_la_top_7f1f49e4795244fab99fb246b5f3df2b(NUM_PROBES=7,DATA_DEPTH=65536,INPUT_PIPE_STAGES=1,UUID=128'b0110110000101110110101000100100011101001100111101000110001011111000101011100011101001101010110101001010011010111101001010111110,PROBE0_TYPE=1,PROBE1_TYPE=1,PROBE2_TYPE=1,PROBE3_TYPE=1,PROBE4_TYPE=1,PROBE5_TYPE=1,PROBE6_TYPE=1)'. (/home/steve/video_streaming_10g_demo_v1.4.1_2026.1_imx900_rpi/fpga/Ti375N1156-DK/work_dbg/debug_top.v:110)
[EFX-0201 WARNING] Re-wiring to GND non-driven net/port 'probe16[0]' in module 'edb_la_top_7f1f49e4795244fab99fb246b5f3df2b(NUM_PROBES=7,DATA_DEPTH=65536,INPUT_PIPE_STAGES=1,UUID=128'b0110110000101110110101000100100011101001100111101000110001011111000101011100011101001101010110101001010011010111101001010111110,PROBE0_TYPE=1,PROBE1_TYPE=1,PROBE2_TYPE=1,PROBE3_TYPE=1,PROBE4_TYPE=1,PROBE5_TYPE=1,PROBE6_TYPE=1)'. (/home/steve/video_streaming_10g_demo_v1.4.1_2026.1_imx900_rpi/fpga/Ti375N1156-DK/work_dbg/debug_top.v:110)
[EFX-0011 VERI-WARNING] Input/inout port bscan_DRCK is unconnected. Place and route may remove this unconnected port. (VDB-8003) (/home/steve/video_streaming_10g_demo_v1.4.1_2026.1_imx900_rpi/fpga/Ti375N1156-DK/work_dbg/debug_top.v:17)
[EFX-0011 VERI-WARNING] Input/inout port bscan_RUNTEST is unconnected. Place and route may remove this unconnected port. (VDB-8003) (/home/steve/video_streaming_10g_demo_v1.4.1_2026.1_imx900_rpi/fpga/Ti375N1156-DK/work_dbg/debug_top.v:19)
[EFX-0011 VERI-WARNING] Input/inout port bscan_TMS is unconnected. Place and route may remove this unconnected port. (VDB-8003) (/home/steve/video_streaming_10g_demo_v1.4.1_2026.1_imx900_rpi/fpga/Ti375N1156-DK/work_dbg/debug_top.v:24)
[EFX-0011 VERI-WARNING] Found 3 warnings in the post-synthesis netlist. 

///////////////////////////////////
// Efinity Synthesis Started 
// Oct 03, 2026 18:51:44
///////////////////////////////////

[EFX-0256 WARNING] The primary output port 'sfp0_PMA_TX_ELEC_IDLE' wire 'sfp0_PMA_TX_ELEC_IDLE' is not driven.
[EFX-0256 WARNING] The primary output port 'sfp0_ETH_EEE_ALERT_EN' wire 'sfp0_ETH_EEE_ALERT_EN' is not driven.
[EFX-0200 WARNING] Removing redundant signal : k[31:0]. (/home/steve/video_streaming_10g_demo_v1.4.1_2026.1_imx900_rpi/rtl/debounce_switch.v:56)
[EFX-0200 WARNING] Removing redundant signal : rom_read. (/home/steve/video_streaming_10g_demo_v1.4.1_2026.1_imx900_rpi/rtl/apb_master.sv:48)
[EFX-0200 WARNING] Removing redundant signal : j[31:0]. (/home/steve/video_streaming_10g_demo_v1.4.1_2026.1_imx900_rpi/rtl/apb_master.sv:212)
[EFX-0200 WARNING] Removing redundant signal : q[31:0]. (/home/steve/video_streaming_10g_demo_v1.4.1_2026.1_imx900_rpi/rtl/apb_master.sv:212)
[EFX-0200 WARNING] Removing redundant signal : PADDR[19:10]. (/home/steve/video_streaming_10g_demo_v1.4.1_2026.1_imx900_rpi/rtl/apb3_slave.sv:45)
[EFX-0200 WARNING] Removing redundant signal : PADDR[1:0]. (/home/steve/video_streaming_10g_demo_v1.4.1_2026.1_imx900_rpi/rtl/apb3_slave.sv:45)
[EFX-0200 WARNING] Removing redundant signal : byteIndex[31:0]. (/home/steve/video_streaming_10g_demo_v1.4.1_2026.1_imx900_rpi/rtl/apb3_slave.sv:69)
[EFX-0200 WARNING] Removing redundant signal : io_cpu_prefetch_isValid. (/home/steve/video_streaming_10g_demo_v1.4.1_2026.1_imx900_rpi/fpga/Ti375N1156-DK/ip/sapphire_gen/sapphire_gen.v:18748)
[EFX-0200 WARNING] Removing redundant signal : io_cpu_fetch_isRemoved. (/home/steve/video_streaming_10g_demo_v1.4.1_2026.1_imx900_rpi/fpga/Ti375N1156-DK/ip/sapphire_gen/sapphire_gen.v:18753)
[EFX-0200 WARNING] Removing redundant signal : io_cpu_decode_isValid. (/home/steve/video_streaming_10g_demo_v1.4.1_2026.1_imx900_rpi/fpga/Ti375N1156-DK/ip/sapphire_gen/sapphire_gen.v:18766)
[EFX-0200 WARNING] Removing redundant signal : io_cpu_decode_isUser. (/home/steve/video_streaming_10g_demo_v1.4.1_2026.1_imx900_rpi/fpga/Ti375N1156-DK/ip/sapphire_gen/sapphire_gen.v:18775)
[EFX-0200 WARNING] Removing redundant signal : io_cpu_prefetch_pc[31:12]. (/home/steve/video_streaming_10g_demo_v1.4.1_2026.1_imx900_rpi/fpga/Ti375N1156-DK/ip/sapphire_gen/sapphire_gen.v:18750)
[EFX-0200 WARNING] Removing redundant signal : io_cpu_prefetch_pc[1:0]. (/home/steve/video_streaming_10g_demo_v1.4.1_2026.1_imx900_rpi/fpga/Ti375N1156-DK/ip/sapphire_gen/sapphire_gen.v:18750)
[EFX-0200 WARNING] Removing redundant signal : io_cpu_fetch_pc[31:0]. (/home/steve/video_streaming_10g_demo_v1.4.1_2026.1_imx900_rpi/fpga/Ti375N1156-DK/ip/sapphire_gen/sapphire_gen.v:18754)
[EFX-0200 WARNING] Removing redundant signal : io_cpu_decode_pc[31:0]. (/home/steve/video_streaming_10g_demo_v1.4.1_2026.1_imx900_rpi/fpga/Ti375N1156-DK/ip/sapphire_gen/sapphire_gen.v:18768)
[EFX-0200 WARNING] Removing redundant signal : io_cpu_writeBack_isFiring. (/home/steve/video_streaming_10g_demo_v1.4.1_2026.1_imx900_rpi/fpga/Ti375N1156-DK/ip/sapphire_gen/sapphire_gen.v:17915)
[EFX-0200 WARNING] Removing redundant signal : io_cpu_writeBack_isUser. (/home/steve/video_streaming_10g_demo_v1.4.1_2026.1_imx900_rpi/fpga/Ti375N1156-DK/ip/sapphire_gen/sapphire_gen.v:17916)
[EFX-0200 WARNING] Removing redundant signal : io_cpu_writeBack_fence_SW. (/home/steve/video_streaming_10g_demo_v1.4.1_2026.1_imx900_rpi/fpga/Ti375N1156-DK/ip/sapphire_gen/sapphire_gen.v:17926)
[EFX-0200 WARNING] Removing redundant signal : io_cpu_writeBack_fence_SR. (/home/steve/video_streaming_10g_demo_v1.4.1_2026.1_imx900_rpi/fpga/Ti375N1156-DK/ip/sapphire_gen/sapphire_gen.v:17927)
[EFX-0200 WARNING] Removing redundant signal : io_cpu_writeBack_fence_SO. (/home/steve/video_streaming_10g_demo_v1.4.1_2026.1_imx900_rpi/fpga/Ti375N1156-DK/ip/sapphire_gen/sapphire_gen.v:17928)
[EFX-0201 WARNING] Re-wiring to GND non-driven net/port 'IBusCachedPlugin_cache_io_cpu_fetch_isRemoved' in module 'VexRiscv_6da3aa8a00f24008ad95d1e51c813f5a'. (/home/steve/video_streaming_10g_demo_v1.4.1_2026.1_imx900_rpi/fpga/Ti375N1156-DK/ip/sapphire_gen/sapphire_gen.v:10450)
[EFX-0201 WARNING] Re-wiring to GND non-driven net/port 'dataCache_1_io_cpu_writeBack_fence_SW' in module 'VexRiscv_6da3aa8a00f24008ad95d1e51c813f5a'. (/home/steve/video_streaming_10g_demo_v1.4.1_2026.1_imx900_rpi/fpga/Ti375N1156-DK/ip/sapphire_gen/sapphire_gen.v:10463)
[EFX-0201 WARNING] Re-wiring to GND non-driven net/port 'dataCache_1_io_cpu_writeBack_fence_SR' in module 'VexRiscv_6da3aa8a00f24008ad95d1e51c813f5a'. (/home/steve/video_streaming_10g_demo_v1.4.1_2026.1_imx900_rpi/fpga/Ti375N1156-DK/ip/sapphire_gen/sapphire_gen.v:10464)
[EFX-0201 WARNING] Re-wiring to GND non-driven net/port 'dataCache_1_io_cpu_writeBack_fence_SO' in module 'VexRiscv_6da3aa8a00f24008ad95d1e51c813f5a'. (/home/steve/video_streaming_10g_demo_v1.4.1_2026.1_imx900_rpi/fpga/Ti375N1156-DK/ip/sapphire_gen/sapphire_gen.v:10465)
[EFX-0201 WARNING] Re-wiring to GND non-driven net/port 'dataCache_1_io_cpu_writeBack_fence_SI' in module 'VexRiscv_6da3aa8a00f24008ad95d1e51c813f5a'. (/home/steve/video_streaming_10g_demo_v1.4.1_2026.1_imx900_rpi/fpga/Ti375N1156-DK/ip/sapphire_gen/sapphire_gen.v:10466)
[EFX-0201 WARNING] Re-wiring to GND non-driven net/port 'dataCache_1_io_cpu_writeBack_fence_PW' in module 'VexRiscv_6da3aa8a00f24008ad95d1e51c813f5a'. (/home/steve/video_streaming_10g_demo_v1.4.1_2026.1_imx900_rpi/fpga/Ti375N1156-DK/ip/sapphire_gen/sapphire_gen.v:10467)
[EFX-0201 WARNING] Re-wiring to GND non-driven net/port 'dataCache_1_io_cpu_writeBack_fence_PR' in module 'VexRiscv_6da3aa8a00f24008ad95d1e51c813f5a'. (/home/steve/video_streaming_10g_demo_v1.4.1_2026.1_imx900_rpi/fpga/Ti375N1156-DK/ip/sapphire_gen/sapphire_gen.v:10468)
[EFX-0201 WARNING] Re-wiring to GND non-driven net/port 'dataCache_1_io_cpu_writeBack_fence_PO' in module 'VexRiscv_6da3aa8a00f24008ad95d1e51c813f5a'. (/home/steve/video_streaming_10g_demo_v1.4.1_2026.1_imx900_rpi/fpga/Ti375N1156-DK/ip/sapphire_gen/sapphire_gen.v:10469)
[EFX-0201 WARNING] Re-wiring to GND non-driven net/port 'dataCache_1_io_cpu_writeBack_fence_PI' in module 'VexRiscv_6da3aa8a00f24008ad95d1e51c813f5a'. (/home/steve/video_streaming_10g_demo_v1.4.1_2026.1_imx900_rpi/fpga/Ti375N1156-DK/ip/sapphire_gen/sapphire_gen.v:10470)
[EFX-0201 WARNING] Re-wiring to GND non-driven net/port 'dataCache_1_io_cpu_writeBack_fence_FM[3]' in module 'VexRiscv_6da3aa8a00f24008ad95d1e51c813f5a'. (/home/steve/video_streaming_10g_demo_v1.4.1_2026.1_imx900_rpi/fpga/Ti375N1156-DK/ip/sapphire_gen/sapphire_gen.v:10471)
[EFX-0657 WARNING] Mapping into logic memory block 'debounce_reg' (16 bits) (/home/steve/video_streaming_10g_demo_v1.4.1_2026.1_imx900_rpi/rtl/debounce_switch.v:47) because size is too small (<=64)
[EFX-0657 WARNING] Mapping into logic memory block 'logic_progbufX_mem' (64 bits) (/home/steve/video_streaming_10g_demo_v1.4.1_2026.1_imx900_rpi/fpga/Ti375N1156-DK/ip/sapphire_gen/sapphire_gen.v:9567) because size is too small (<=64)
[EFX-0657 WARNING] Mapping into logic memory block 'ram' (4 bits) (/home/steve/video_streaming_10g_demo_v1.4.1_2026.1_imx900_rpi/rtl/lib/common/frame_buffer_512/Axi4_2x512_1x512.v:1671) because size is too small (<=64)
[EFX-0656 WARNING] Optimizing into logic zero initialized read-only memory block 'inst_rd_address_decoder_1/inst_simple_dual_port_ram_00/ram__D$12'. (/home/steve/video_streaming_10g_demo_v1.4.1_2026.1_imx900_rpi/rtl/lib/common/simple_dual_port_ram.sv:32)
[EFX-0656 WARNING] Optimizing into logic zero initialized read-only memory block 'inst_rd_address_decoder_1/inst_simple_dual_port_ram_00/ram__D$2'. (/home/steve/video_streaming_10g_demo_v1.4.1_2026.1_imx900_rpi/rtl/lib/common/simple_dual_port_ram.sv:32)
[EFX-0656 WARNING] Optimizing into logic zero initialized read-only memory block 'inst_rd_address_decoder_1/inst_simple_dual_port_ram_00/ram__D$b12'. (/home/steve/video_streaming_10g_demo_v1.4.1_2026.1_imx900_rpi/rtl/lib/common/simple_dual_port_ram.sv:32)
[EFX-0656 WARNING] Optimizing into logic zero initialized read-only memory block 'inst_rd_address_decoder_1/inst_simple_dual_port_ram_00/ram__D$c12'. (/home/steve/video_streaming_10g_demo_v1.4.1_2026.1_imx900_rpi/rtl/lib/common/simple_dual_port_ram.sv:32)
[EFX-0656 WARNING] Optimizing into logic zero initialized read-only memory block 'inst_rd_address_decoder_1/inst_simple_dual_port_ram_00/ram__D$d12'. (/home/steve/video_streaming_10g_demo_v1.4.1_2026.1_imx900_rpi/rtl/lib/common/simple_dual_port_ram.sv:32)
[EFX-0656 WARNING] Optimizing into logic zero initialized read-only memory block 'inst_rd_address_decoder_1/inst_simple_dual_port_ram_00/ram__D$e12'. (/home/steve/video_streaming_10g_demo_v1.4.1_2026.1_imx900_rpi/rtl/lib/common/simple_dual_port_ram.sv:32)
[EFX-0656 WARNING] Optimizing into logic zero initialized read-only memory block 'inst_rd_address_decoder_1/inst_simple_dual_port_ram_00/ram__D$f12'. (/home/steve/video_streaming_10g_demo_v1.4.1_2026.1_imx900_rpi/rtl/lib/common/simple_dual_port_ram.sv:32)
[EFX-0656 WARNING] Optimizing into logic zero initialized read-only memory block 'inst_rd_address_decoder_1/inst_simple_dual_port_ram_00/ram__D$g12'. (/home/steve/video_streaming_10g_demo_v1.4.1_2026.1_imx900_rpi/rtl/lib/common/simple_dual_port_ram.sv:32)
[EFX-0656 WARNING] Optimizing into logic zero initialized read-only memory block 'inst_rd_address_decoder_1/inst_simple_dual_port_ram_00/ram__D$h12'. (/home/steve/video_streaming_10g_demo_v1.4.1_2026.1_imx900_rpi/rtl/lib/common/simple_dual_port_ram.sv:32)
[EFX-0656 WARNING] Optimizing into logic zero initialized read-only memory block 'inst_rd_address_decoder_1/inst_simple_dual_port_ram_00/ram__D$i12'. (/home/steve/video_streaming_10g_demo_v1.4.1_2026.1_imx900_rpi/rtl/lib/common/simple_dual_port_ram.sv:32)
[EFX-0656 WARNING] Optimizing into logic zero initialized read-only memory block 'inst_rd_address_decoder_1/inst_simple_dual_port_ram_00/ram__D$j12'. (/home/steve/video_streaming_10g_demo_v1.4.1_2026.1_imx900_rpi/rtl/lib/common/simple_dual_port_ram.sv:32)
[EFX-0656 WARNING] Optimizing into logic zero initialized read-only memory block 'inst_rd_address_decoder_1/inst_simple_dual_port_ram_00/ram__D$k12'. (/home/steve/video_streaming_10g_demo_v1.4.1_2026.1_imx900_rpi/rtl/lib/common/simple_dual_port_ram.sv:32)
[EFX-0656 WARNING] Optimizing into logic zero initialized read-only memory block 'inst_rd_address_decoder_1/inst_simple_dual_port_ram_00/ram__D$l12'. (/home/steve/video_streaming_10g_demo_v1.4.1_2026.1_imx900_rpi/rtl/lib/common/simple_dual_port_ram.sv:32)
[EFX-0656 WARNING] Optimizing into logic zero initialized read-only memory block 'inst_rd_address_decoder_1/inst_simple_dual_port_ram_00/ram__D$m12'. (/home/steve/video_streaming_10g_demo_v1.4.1_2026.1_imx900_rpi/rtl/lib/common/simple_dual_port_ram.sv:32)
[EFX-0656 WARNING] Optimizing into logic zero initialized read-only memory block 'inst_rd_address_decoder_1/inst_simple_dual_port_ram_00/ram__D$n12'. (/home/steve/video_streaming_10g_demo_v1.4.1_2026.1_imx900_rpi/rtl/lib/common/simple_dual_port_ram.sv:32)
[EFX-0656 WARNING] Optimizing into logic zero initialized read-only memory block 'inst_rd_address_decoder_1/inst_simple_dual_port_ram_00/ram__D$o12'. (/home/steve/video_streaming_10g_demo_v1.4.1_2026.1_imx900_rpi/rtl/lib/common/simple_dual_port_ram.sv:32)
[EFX-0656 WARNING] Optimizing into logic zero initialized read-only memory block 'inst_rd_address_decoder_1/inst_simple_dual_port_ram_00/ram__D$p12'. (/home/steve/video_streaming_10g_demo_v1.4.1_2026.1_imx900_rpi/rtl/lib/common/simple_dual_port_ram.sv:32)
[EFX-0656 WARNING] Optimizing into logic zero initialized read-only memory block 'inst_rd_address_decoder_1/inst_simple_dual_port_ram_00/ram__D$q12'. (/home/steve/video_streaming_10g_demo_v1.4.1_2026.1_imx900_rpi/rtl/lib/common/simple_dual_port_ram.sv:32)
[EFX-0656 WARNING] Optimizing into logic zero initialized read-only memory block 'inst_rd_address_decoder_1/inst_simple_dual_port_ram_00/ram__D$r12'. (/home/steve/video_streaming_10g_demo_v1.4.1_2026.1_imx900_rpi/rtl/lib/common/simple_dual_port_ram.sv:32)
[EFX-0656 WARNING] Optimizing into logic zero initialized read-only memory block 'inst_rd_address_decoder_1/inst_simple_dual_port_ram_00/ram__D$s12'. (/home/steve/video_streaming_10g_demo_v1.4.1_2026.1_imx900_rpi/rtl/lib/common/simple_dual_port_ram.sv:32)
[EFX-0656 WARNING] Optimizing into logic zero initialized read-only memory block 'inst_rd_address_decoder_1/inst_simple_dual_port_ram_00/ram__D$t12'. (/home/steve/video_streaming_10g_demo_v1.4.1_2026.1_imx900_rpi/rtl/lib/common/simple_dual_port_ram.sv:32)
[EFX-0656 WARNING] Optimizing into logic zero initialized read-only memory block 'inst_rd_address_decoder_1/inst_simple_dual_port_ram_00/ram__D$u12'. (/home/steve/video_streaming_10g_demo_v1.4.1_2026.1_imx900_rpi/rtl/lib/common/simple_dual_port_ram.sv:32)
[EFX-0656 WARNING] Optimizing into logic zero initialized read-only memory block 'inst_rd_address_decoder_1/inst_simple_dual_port_ram_00/ram__D$v12'. (/home/steve/video_streaming_10g_demo_v1.4.1_2026.1_imx900_rpi/rtl/lib/common/simple_dual_port_ram.sv:32)
[EFX-0656 WARNING] Optimizing into logic zero initialized read-only memory block 'inst_rd_address_decoder_1/inst_simple_dual_port_ram_00/ram__D$w12'. (/home/steve/video_streaming_10g_demo_v1.4.1_2026.1_imx900_rpi/rtl/lib/common/simple_dual_port_ram.sv:32)
[EFX-0656 WARNING] Optimizing into logic zero initialized read-only memory block 'inst_rd_address_decoder_1/inst_simple_dual_port_ram_00/ram__D$x12'. (/home/steve/video_streaming_10g_demo_v1.4.1_2026.1_imx900_rpi/rtl/lib/common/simple_dual_port_ram.sv:32)
[EFX-0656 WARNING] Optimizing into logic zero initialized read-only memory block 'inst_rd_address_decoder_1/inst_simple_dual_port_ram_00/ram__D$y1'. (/home/steve/video_streaming_10g_demo_v1.4.1_2026.1_imx900_rpi/rtl/lib/common/simple_dual_port_ram.sv:32)
[EFX-0656 WARNING] Optimizing into logic zero initialized read-only memory block 'inst_frame_buffer_512/inst_wr_address_decoder_1/genblk1[15].inst_pclk_to_axi_buffer/ram__D$1'. (/home/steve/video_streaming_10g_demo_v1.4.1_2026.1_imx900_rpi/rtl/lib/common/simple_dual_port_ram.sv:32)
[EFX-0656 WARNING] Optimizing into logic zero initialized read-only memory block 'inst_frame_buffer_512/inst_wr_address_decoder_1/genblk1[15].inst_pclk_to_axi_buffer/ram__D$2'. (/home/steve/video_streaming_10g_demo_v1.4.1_2026.1_imx900_rpi/rtl/lib/common/simple_dual_port_ram.sv:32)
[EFX-0656 WARNING] Optimizing into logic zero initialized read-only memory block 'inst_frame_buffer_512/inst_wr_address_decoder_1/genblk1[14].inst_pclk_to_axi_buffer/ram__D$1'. (/home/steve/video_streaming_10g_demo_v1.4.1_2026.1_imx900_rpi/rtl/lib/common/simple_dual_port_ram.sv:32)
[EFX-0656 WARNING] Optimizing into logic zero initialized read-only memory block 'inst_frame_buffer_512/inst_wr_address_decoder_1/genblk1[14].inst_pclk_to_axi_buffer/ram__D$2'. (/home/steve/video_streaming_10g_demo_v1.4.1_2026.1_imx900_rpi/rtl/lib/common/simple_dual_port_ram.sv:32)
[EFX-0656 WARNING] Optimizing into logic zero initialized read-only memory block 'inst_frame_buffer_512/inst_wr_address_decoder_1/genblk1[13].inst_pclk_to_axi_buffer/ram__D$1'. (/home/steve/video_streaming_10g_demo_v1.4.1_2026.1_imx900_rpi/rtl/lib/common/simple_dual_port_ram.sv:32)
[EFX-0656 WARNING] Optimizing into logic zero initialized read-only memory block 'inst_frame_buffer_512/inst_wr_address_decoder_1/genblk1[13].inst_pclk_to_axi_buffer/ram__D$2'. (/home/steve/video_streaming_10g_demo_v1.4.1_2026.1_imx900_rpi/rtl/lib/common/simple_dual_port_ram.sv:32)
[EFX-0656 WARNING] Optimizing into logic zero initialized read-only memory block 'inst_frame_buffer_512/inst_wr_address_decoder_1/genblk1[12].inst_pclk_to_axi_buffer/ram__D$1'. (/home/steve/video_streaming_10g_demo_v1.4.1_2026.1_imx900_rpi/rtl/lib/common/simple_dual_port_ram.sv:32)
[EFX-0656 WARNING] Optimizing into logic zero initialized read-only memory block 'inst_frame_buffer_512/inst_wr_address_decoder_1/genblk1[12].inst_pclk_to_axi_buffer/ram__D$2'. (/home/steve/video_streaming_10g_demo_v1.4.1_2026.1_imx900_rpi/rtl/lib/common/simple_dual_port_ram.sv:32)
[EFX-0656 WARNING] Optimizing into logic zero initialized read-only memory block 'inst_frame_buffer_512/inst_wr_address_decoder_1/genblk1[11].inst_pclk_to_axi_buffer/ram__D$1'. (/home/steve/video_streaming_10g_demo_v1.4.1_2026.1_imx900_rpi/rtl/lib/common/simple_dual_port_ram.sv:32)
[EFX-0656 WARNING] Optimizing into logic zero initialized read-only memory block 'inst_frame_buffer_512/inst_wr_address_decoder_1/genblk1[11].inst_pclk_to_axi_buffer/ram__D$2'. (/home/steve/video_streaming_10g_demo_v1.4.1_2026.1_imx900_rpi/rtl/lib/common/simple_dual_port_ram.sv:32)
[EFX-0656 WARNING] Optimizing into logic zero initialized read-only memory block 'inst_frame_buffer_512/inst_wr_address_decoder_1/genblk1[10].inst_pclk_to_axi_buffer/ram__D$1'. (/home/steve/video_streaming_10g_demo_v1.4.1_2026.1_imx900_rpi/rtl/lib/common/simple_dual_port_ram.sv:32)
[EFX-0656 WARNING] Optimizing into logic zero initialized read-only memory block 'inst_frame_buffer_512/inst_wr_address_decoder_1/genblk1[10].inst_pclk_to_axi_buffer/ram__D$2'. (/home/steve/video_streaming_10g_demo_v1.4.1_2026.1_imx900_rpi/rtl/lib/common/simple_dual_port_ram.sv:32)
[EFX-0656 WARNING] Optimizing into logic zero initialized read-only memory block 'inst_frame_buffer_512/inst_wr_address_decoder_1/genblk1[9].inst_pclk_to_axi_buffer/ram__D$1'. (/home/steve/video_streaming_10g_demo_v1.4.1_2026.1_imx900_rpi/rtl/lib/common/simple_dual_port_ram.sv:32)
[EFX-0656 WARNING] Optimizing into logic zero initialized read-only memory block 'inst_frame_buffer_512/inst_wr_address_decoder_1/genblk1[9].inst_pclk_to_axi_buffer/ram__D$2'. (/home/steve/video_streaming_10g_demo_v1.4.1_2026.1_imx900_rpi/rtl/lib/common/simple_dual_port_ram.sv:32)
[EFX-0656 WARNING] Optimizing into logic zero initialized read-only memory block 'inst_frame_buffer_512/inst_wr_address_decoder_1/genblk1[8].inst_pclk_to_axi_buffer/ram__D$1'. (/home/steve/video_streaming_10g_demo_v1.4.1_2026.1_imx900_rpi/rtl/lib/common/simple_dual_port_ram.sv:32)
[EFX-0656 WARNING] Optimizing into logic zero initialized read-only memory block 'inst_frame_buffer_512/inst_wr_address_decoder_1/genblk1[8].inst_pclk_to_axi_buffer/ram__D$2'. (/home/steve/video_streaming_10g_demo_v1.4.1_2026.1_imx900_rpi/rtl/lib/common/simple_dual_port_ram.sv:32)
[EFX-0656 WARNING] Optimizing into logic zero initialized read-only memory block 'inst_frame_buffer_512/inst_wr_address_decoder_1/genblk1[7].inst_pclk_to_axi_buffer/ram__D$1'. (/home/steve/video_streaming_10g_demo_v1.4.1_2026.1_imx900_rpi/rtl/lib/common/simple_dual_port_ram.sv:32)
[EFX-0656 WARNING] Optimizing into logic zero initialized read-only memory block 'inst_frame_buffer_512/inst_wr_address_decoder_1/genblk1[7].inst_pclk_to_axi_buffer/ram__D$2'. (/home/steve/video_streaming_10g_demo_v1.4.1_2026.1_imx900_rpi/rtl/lib/common/simple_dual_port_ram.sv:32)
[EFX-0656 WARNING] Optimizing into logic zero initialized read-only memory block 'inst_frame_buffer_512/inst_wr_address_decoder_1/genblk1[6].inst_pclk_to_axi_buffer/ram__D$1'. (/home/steve/video_streaming_10g_demo_v1.4.1_2026.1_imx900_rpi/rtl/lib/common/simple_dual_port_ram.sv:32)
[EFX-0656 WARNING] Optimizing into logic zero initialized read-only memory block 'inst_frame_buffer_512/inst_wr_address_decoder_1/genblk1[6].inst_pclk_to_axi_buffer/ram__D$2'. (/home/steve/video_streaming_10g_demo_v1.4.1_2026.1_imx900_rpi/rtl/lib/common/simple_dual_port_ram.sv:32)
[EFX-0656 WARNING] Optimizing into logic zero initialized read-only memory block 'inst_frame_buffer_512/inst_wr_address_decoder_1/genblk1[5].inst_pclk_to_axi_buffer/ram__D$1'. (/home/steve/video_streaming_10g_demo_v1.4.1_2026.1_imx900_rpi/rtl/lib/common/simple_dual_port_ram.sv:32)
[EFX-0656 WARNING] Optimizing into logic zero initialized read-only memory block 'inst_frame_buffer_512/inst_wr_address_decoder_1/genblk1[5].inst_pclk_to_axi_buffer/ram__D$2'. (/home/steve/video_streaming_10g_demo_v1.4.1_2026.1_imx900_rpi/rtl/lib/common/simple_dual_port_ram.sv:32)
[EFX-0656 WARNING] Optimizing into logic zero initialized read-only memory block 'inst_frame_buffer_512/inst_wr_address_decoder_1/genblk1[4].inst_pclk_to_axi_buffer/ram__D$1'. (/home/steve/video_streaming_10g_demo_v1.4.1_2026.1_imx900_rpi/rtl/lib/common/simple_dual_port_ram.sv:32)
[EFX-0656 WARNING] Optimizing into logic zero initialized read-only memory block 'inst_frame_buffer_512/inst_wr_address_decoder_1/genblk1[4].inst_pclk_to_axi_buffer/ram__D$2'. (/home/steve/video_streaming_10g_demo_v1.4.1_2026.1_imx900_rpi/rtl/lib/common/simple_dual_port_ram.sv:32)
[EFX-0656 WARNING] Optimizing into logic zero initialized read-only memory block 'inst_frame_buffer_512/inst_wr_address_decoder_1/genblk1[3].inst_pclk_to_axi_buffer/ram__D$1'. (/home/steve/video_streaming_10g_demo_v1.4.1_2026.1_imx900_rpi/rtl/lib/common/simple_dual_port_ram.sv:32)
[EFX-0656 WARNING] Optimizing into logic zero initialized read-only memory block 'inst_frame_buffer_512/inst_wr_address_decoder_1/genblk1[3].inst_pclk_to_axi_buffer/ram__D$2'. (/home/steve/video_streaming_10g_demo_v1.4.1_2026.1_imx900_rpi/rtl/lib/common/simple_dual_port_ram.sv:32)
[EFX-0656 WARNING] Optimizing into logic zero initialized read-only memory block 'inst_frame_buffer_512/inst_wr_address_decoder_1/genblk1[2].inst_pclk_to_axi_buffer/ram__D$1'. (/home/steve/video_streaming_10g_demo_v1.4.1_2026.1_imx900_rpi/rtl/lib/common/simple_dual_port_ram.sv:32)
[EFX-0656 WARNING] Optimizing into logic zero initialized read-only memory block 'inst_frame_buffer_512/inst_wr_address_decoder_1/genblk1[2].inst_pclk_to_axi_buffer/ram__D$2'. (/home/steve/video_streaming_10g_demo_v1.4.1_2026.1_imx900_rpi/rtl/lib/common/simple_dual_port_ram.sv:32)
[EFX-0656 WARNING] Optimizing into logic zero initialized read-only memory block 'inst_frame_buffer_512/inst_wr_address_decoder_1/genblk1[1].inst_pclk_to_axi_buffer/ram__D$1'. (/home/steve/video_streaming_10g_demo_v1.4.1_2026.1_imx900_rpi/rtl/lib/common/simple_dual_port_ram.sv:32)
[EFX-0656 WARNING] Optimizing into logic zero initialized read-only memory block 'inst_frame_buffer_512/inst_wr_address_decoder_1/genblk1[1].inst_pclk_to_axi_buffer/ram__D$2'. (/home/steve/video_streaming_10g_demo_v1.4.1_2026.1_imx900_rpi/rtl/lib/common/simple_dual_port_ram.sv:32)
[EFX-0656 WARNING] Optimizing into logic zero initialized read-only memory block 'inst_frame_buffer_512/inst_wr_address_decoder_1/genblk1[0].inst_pclk_to_axi_buffer/ram__D$1'. (/home/steve/video_streaming_10g_demo_v1.4.1_2026.1_imx900_rpi/rtl/lib/common/simple_dual_port_ram.sv:32)
[EFX-0656 WARNING] Optimizing into logic zero initialized read-only memory block 'inst_frame_buffer_512/inst_wr_address_decoder_1/genblk1[0].inst_pclk_to_axi_buffer/ram__D$2'. (/home/steve/video_streaming_10g_demo_v1.4.1_2026.1_imx900_rpi/rtl/lib/common/simple_dual_port_ram.sv:32)
[EFX-0657 WARNING] Mapping into logic memory block 'q1_apb_master/rom_mif' (1060 bits) (/home/steve/video_streaming_10g_demo_v1.4.1_2026.1_imx900_rpi/rtl/apb_master.sv:49) because read port is not synchronous.
