INFO     : Efinix FPGA Synthesis.
INFO     : Version: 2026.1.132.4.5
INFO     : Compiled: Aug 31 2026.
INFO     : 
INFO     : Copyright (C) 2013 - 2026 Efinix, Inc. All rights reserved.

INFO     : Reading project database "/home/steve/video_streaming_10g_demo_v1.4.1_2026.1_imx900_rpi/fpga/Ti375N1156-DK/videostream.xml" [FlowMsg::ProjectDatabaseReading]
INFO     : Maximum concurrency has been set to 12 [FlowMsg::MaxThreads]
INFO     : Reading project database "/home/steve/video_streaming_10g_demo_v1.4.1_2026.1_imx900_rpi/fpga/Ti375N1156-DK/videostream.xml" [FlowMsg::ProjectDatabaseReading]
INFO     : ***** Beginning Analysis ... *****
INFO     : Parsing command file /home/steve/video_streaming_10g_demo_v1.4.1_2026.1_imx900_rpi/rtl/filelist.f [VERI-1482]
INFO     : Parsing command file /home/steve/video_streaming_10g_demo_v1.4.1_2026.1_imx900_rpi/rtl/lib/common/frame_buffer_512/frame_buffer.f [VERI-1482]
INFO     : default VHDL library search path is now "/home/steve/efinity/2026.1/sim_models/vhdl/packages/vhdl_2008" [VHDL-1504]
INFO     : Restoring all Verilog modules from file '/home/steve/efinity/2026.1/sim_models/maplib/perilib_efxlib_parsetree.vdb' [VERI-2484]
INFO     : Restoring all Verilog modules from file '/home/steve/efinity/2026.1/sim_models/maplib/maplib_efxlib_parsetree.vdb' [VERI-2484]
INFO     : Analyzing Verilog file '/home/steve/efinity/2026.1/sim_models/maplib/efinix_maplib.v' [VERI-1482]
INFO     : Analyzing Verilog file '/home/steve/efinity/2026.1/sim_models/maplib/efinix_peri_lib.v' [VERI-1482]
INFO     : Analyzing Verilog file '/home/steve/video_streaming_10g_demo_v1.4.1_2026.1_imx900_rpi/rtl/fpga.sv' [VERI-1482]
WARNING  : /home/steve/video_streaming_10g_demo_v1.4.1_2026.1_imx900_rpi/rtl/fpga.sv(342): data object 'p2_apb3_paddr' is already declared [VERI-2170]
INFO     : /home/steve/video_streaming_10g_demo_v1.4.1_2026.1_imx900_rpi/rtl/fpga.sv(188): previous declaration of 'p2_apb3_paddr' is from here [VERI-1967]
WARNING  : /home/steve/video_streaming_10g_demo_v1.4.1_2026.1_imx900_rpi/rtl/fpga.sv(342): second declaration of 'p2_apb3_paddr' is ignored [VERI-1329]
WARNING  : /home/steve/video_streaming_10g_demo_v1.4.1_2026.1_imx900_rpi/rtl/fpga.sv(343): data object 'p2_apb3_psel' is already declared [VERI-2170]
INFO     : /home/steve/video_streaming_10g_demo_v1.4.1_2026.1_imx900_rpi/rtl/fpga.sv(191): previous declaration of 'p2_apb3_psel' is from here [VERI-1967]
WARNING  : /home/steve/video_streaming_10g_demo_v1.4.1_2026.1_imx900_rpi/rtl/fpga.sv(343): second declaration of 'p2_apb3_psel' is ignored [VERI-1329]
WARNING  : /home/steve/video_streaming_10g_demo_v1.4.1_2026.1_imx900_rpi/rtl/fpga.sv(344): data object 'p2_apb3_penable' is already declared [VERI-2170]
INFO     : /home/steve/video_streaming_10g_demo_v1.4.1_2026.1_imx900_rpi/rtl/fpga.sv(192): previous declaration of 'p2_apb3_penable' is from here [VERI-1967]
WARNING  : /home/steve/video_streaming_10g_demo_v1.4.1_2026.1_imx900_rpi/rtl/fpga.sv(344): second declaration of 'p2_apb3_penable' is ignored [VERI-1329]
WARNING  : /home/steve/video_streaming_10g_demo_v1.4.1_2026.1_imx900_rpi/rtl/fpga.sv(345): data object 'p2_apb3_pready' is already declared [VERI-2170]
INFO     : /home/steve/video_streaming_10g_demo_v1.4.1_2026.1_imx900_rpi/rtl/fpga.sv(187): previous declaration of 'p2_apb3_pready' is from here [VERI-1967]
WARNING  : /home/steve/video_streaming_10g_demo_v1.4.1_2026.1_imx900_rpi/rtl/fpga.sv(345): second declaration of 'p2_apb3_pready' is ignored [VERI-1329]
WARNING  : /home/steve/video_streaming_10g_demo_v1.4.1_2026.1_imx900_rpi/rtl/fpga.sv(346): data object 'p2_apb3_pwrite' is already declared [VERI-2170]
INFO     : /home/steve/video_streaming_10g_demo_v1.4.1_2026.1_imx900_rpi/rtl/fpga.sv(190): previous declaration of 'p2_apb3_pwrite' is from here [VERI-1967]
WARNING  : /home/steve/video_streaming_10g_demo_v1.4.1_2026.1_imx900_rpi/rtl/fpga.sv(346): second declaration of 'p2_apb3_pwrite' is ignored [VERI-1329]
WARNING  : /home/steve/video_streaming_10g_demo_v1.4.1_2026.1_imx900_rpi/rtl/fpga.sv(347): data object 'p2_apb3_pwdata' is already declared [VERI-2170]
INFO     : /home/steve/video_streaming_10g_demo_v1.4.1_2026.1_imx900_rpi/rtl/fpga.sv(189): previous declaration of 'p2_apb3_pwdata' is from here [VERI-1967]
WARNING  : /home/steve/video_streaming_10g_demo_v1.4.1_2026.1_imx900_rpi/rtl/fpga.sv(347): second declaration of 'p2_apb3_pwdata' is ignored [VERI-1329]
WARNING  : /home/steve/video_streaming_10g_demo_v1.4.1_2026.1_imx900_rpi/rtl/fpga.sv(348): data object 'p2_apb3_prdata' is already declared [VERI-2170]
INFO     : /home/steve/video_streaming_10g_demo_v1.4.1_2026.1_imx900_rpi/rtl/fpga.sv(186): previous declaration of 'p2_apb3_prdata' is from here [VERI-1967]
WARNING  : /home/steve/video_streaming_10g_demo_v1.4.1_2026.1_imx900_rpi/rtl/fpga.sv(348): second declaration of 'p2_apb3_prdata' is ignored [VERI-1329]
INFO     : /home/steve/video_streaming_10g_demo_v1.4.1_2026.1_imx900_rpi/rtl/fpga.sv(361): undeclared symbol 'sfp0_KR_TRAINING_FAILURE', assumed default net type 'wire' [VERI-2561]
INFO     : /home/steve/video_streaming_10g_demo_v1.4.1_2026.1_imx900_rpi/rtl/fpga.sv(364): undeclared symbol 'sfp0_KR_FRAME_LOCK', assumed default net type 'wire' [VERI-2561]
INFO     : Analyzing Verilog file '/home/steve/video_streaming_10g_demo_v1.4.1_2026.1_imx900_rpi/rtl/udp_video_generator.sv' [VERI-1482]
INFO     : /home/steve/video_streaming_10g_demo_v1.4.1_2026.1_imx900_rpi/rtl/udp_video_generator.sv(345): undeclared symbol 'reset_mipi_n', assumed default net type 'wire' [VERI-2561]
INFO     : /home/steve/video_streaming_10g_demo_v1.4.1_2026.1_imx900_rpi/rtl/udp_video_generator.sv(346): undeclared symbol 'rx_axi_awaddr', assumed default net type 'wire' [VERI-2561]
INFO     : /home/steve/video_streaming_10g_demo_v1.4.1_2026.1_imx900_rpi/rtl/udp_video_generator.sv(347): undeclared symbol 'rx_axi_awvalid', assumed default net type 'wire' [VERI-2561]
INFO     : /home/steve/video_streaming_10g_demo_v1.4.1_2026.1_imx900_rpi/rtl/udp_video_generator.sv(348): undeclared symbol 'rx_axi_awready', assumed default net type 'wire' [VERI-2561]
INFO     : /home/steve/video_streaming_10g_demo_v1.4.1_2026.1_imx900_rpi/rtl/udp_video_generator.sv(349): undeclared symbol 'rx_axi_wdata', assumed default net type 'wire' [VERI-2561]
INFO     : /home/steve/video_streaming_10g_demo_v1.4.1_2026.1_imx900_rpi/rtl/udp_video_generator.sv(350): undeclared symbol 'rx_axi_wvalid', assumed default net type 'wire' [VERI-2561]
INFO     : /home/steve/video_streaming_10g_demo_v1.4.1_2026.1_imx900_rpi/rtl/udp_video_generator.sv(351): undeclared symbol 'rx_axi_wready', assumed default net type 'wire' [VERI-2561]
INFO     : /home/steve/video_streaming_10g_demo_v1.4.1_2026.1_imx900_rpi/rtl/udp_video_generator.sv(352): undeclared symbol 'rx_axi_bvalid', assumed default net type 'wire' [VERI-2561]
INFO     : /home/steve/video_streaming_10g_demo_v1.4.1_2026.1_imx900_rpi/rtl/udp_video_generator.sv(353): undeclared symbol 'rx_axi_bready', assumed default net type 'wire' [VERI-2561]
INFO     : /home/steve/video_streaming_10g_demo_v1.4.1_2026.1_imx900_rpi/rtl/udp_video_generator.sv(354): undeclared symbol 'rx_axi_araddr', assumed default net type 'wire' [VERI-2561]
INFO     : /home/steve/video_streaming_10g_demo_v1.4.1_2026.1_imx900_rpi/rtl/udp_video_generator.sv(355): undeclared symbol 'rx_axi_arvalid', assumed default net type 'wire' [VERI-2561]
INFO     : /home/steve/video_streaming_10g_demo_v1.4.1_2026.1_imx900_rpi/rtl/udp_video_generator.sv(356): undeclared symbol 'rx_axi_arready', assumed default net type 'wire' [VERI-2561]
INFO     : /home/steve/video_streaming_10g_demo_v1.4.1_2026.1_imx900_rpi/rtl/udp_video_generator.sv(357): undeclared symbol 'rx_axi_rdata', assumed default net type 'wire' [VERI-2561]
INFO     : /home/steve/video_streaming_10g_demo_v1.4.1_2026.1_imx900_rpi/rtl/udp_video_generator.sv(358): undeclared symbol 'rx_axi_rvalid', assumed default net type 'wire' [VERI-2561]
INFO     : /home/steve/video_streaming_10g_demo_v1.4.1_2026.1_imx900_rpi/rtl/udp_video_generator.sv(359): undeclared symbol 'rx_axi_rready', assumed default net type 'wire' [VERI-2561]
INFO     : Analyzing Verilog file '/home/steve/video_streaming_10g_demo_v1.4.1_2026.1_imx900_rpi/rtl/ethernet_core.sv' [VERI-1482]
INFO     : /home/steve/video_streaming_10g_demo_v1.4.1_2026.1_imx900_rpi/rtl/ethernet_core.sv(585): undeclared symbol 'phy_init_done', assumed default net type 'wire' [VERI-2561]
INFO     : /home/steve/video_streaming_10g_demo_v1.4.1_2026.1_imx900_rpi/rtl/ethernet_core.sv(842): undeclared symbol 'udp_tx_error_payload_early_termination', assumed default net type 'wire' [VERI-2561]
INFO     : Analyzing Verilog file '/home/steve/video_streaming_10g_demo_v1.4.1_2026.1_imx900_rpi/rtl/debounce_switch.v' [VERI-1482]
INFO     : Analyzing Verilog file '/home/steve/video_streaming_10g_demo_v1.4.1_2026.1_imx900_rpi/rtl/apb_master.sv' [VERI-1482]
INFO     : Analyzing Verilog file '/home/steve/video_streaming_10g_demo_v1.4.1_2026.1_imx900_rpi/rtl/apb3_slave.sv' [VERI-1482]
INFO     : Analyzing Verilog file '/home/steve/video_streaming_10g_demo_v1.4.1_2026.1_imx900_rpi/rtl/apb3_slave_video.sv' [VERI-1482]
INFO     : Analyzing Verilog file '/home/steve/video_streaming_10g_demo_v1.4.1_2026.1_imx900_rpi/rtl/line_to_packets.sv' [VERI-1482]
INFO     : Analyzing Verilog file '/home/steve/video_streaming_10g_demo_v1.4.1_2026.1_imx900_rpi/rtl/cfg_fsm.sv' [VERI-1482]
WARNING  : /home/steve/video_streaming_10g_demo_v1.4.1_2026.1_imx900_rpi/rtl/cfg_fsm.sv(17): non-net output port 'training_duration' cannot be initialized at declaration in SystemVerilog mode [VERI-2522]
INFO     : Analyzing Verilog file '/home/steve/video_streaming_10g_demo_v1.4.1_2026.1_imx900_rpi/rtl/efx_fifo_top_custom.v' [VERI-1482]
INFO     : Analyzing Verilog file '/home/steve/video_streaming_10g_demo_v1.4.1_2026.1_imx900_rpi/rtl/lib/common/raw2rgb.sv' [VERI-1482]
INFO     : Analyzing Verilog file '/home/steve/video_streaming_10g_demo_v1.4.1_2026.1_imx900_rpi/rtl/lib/common/vga_gen_dynamic.v' [VERI-1482]
INFO     : Analyzing Verilog file '/home/steve/video_streaming_10g_demo_v1.4.1_2026.1_imx900_rpi/rtl/lib/common/simple_dual_port_ram.sv' [VERI-1482]
INFO     : Analyzing Verilog file '/home/steve/video_streaming_10g_demo_v1.4.1_2026.1_imx900_rpi/rtl/lib/common/simple_dual_port_ram_asym.sv' [VERI-1482]
INFO     : Analyzing Verilog file '/home/steve/video_streaming_10g_demo_v1.4.1_2026.1_imx900_rpi/rtl/lib/common/shift_reg.v' [VERI-1482]
INFO     : Analyzing Verilog file '/home/steve/video_streaming_10g_demo_v1.4.1_2026.1_imx900_rpi/rtl/lib/common/reset.v' [VERI-1482]
INFO     : Analyzing Verilog file '/home/steve/video_streaming_10g_demo_v1.4.1_2026.1_imx900_rpi/rtl/lib/common/gain.sv' [VERI-1482]
INFO     : Analyzing Verilog file '/home/steve/video_streaming_10g_demo_v1.4.1_2026.1_imx900_rpi/rtl/lib/common/mipi/DphyRx4LaneIface.sv' [VERI-1482]
INFO     : Analyzing Verilog file '/home/steve/video_streaming_10g_demo_v1.4.1_2026.1_imx900_rpi/rtl/lib/axis/rtl/axis_fifo_adapter.v' [VERI-1482]
INFO     : Analyzing Verilog file '/home/steve/video_streaming_10g_demo_v1.4.1_2026.1_imx900_rpi/rtl/lib/axis/rtl/axis_adapter.v' [VERI-1482]
INFO     : Analyzing Verilog file '/home/steve/video_streaming_10g_demo_v1.4.1_2026.1_imx900_rpi/rtl/lib/axis/rtl/arbiter.v' [VERI-1482]
INFO     : Analyzing Verilog file '/home/steve/video_streaming_10g_demo_v1.4.1_2026.1_imx900_rpi/rtl/lib/axis/rtl/priority_encoder.v' [VERI-1482]
WARNING  : /home/steve/video_streaming_10g_demo_v1.4.1_2026.1_imx900_rpi/rtl/lib/axis/rtl/priority_encoder.v(47): parameter 'LEVELS' becomes localparam in 'priority_encoder' with formal parameter declaration list [VERI-1199]
WARNING  : /home/steve/video_streaming_10g_demo_v1.4.1_2026.1_imx900_rpi/rtl/lib/axis/rtl/priority_encoder.v(48): parameter 'W' becomes localparam in 'priority_encoder' with formal parameter declaration list [VERI-1199]
INFO     : Analyzing Verilog file '/home/steve/video_streaming_10g_demo_v1.4.1_2026.1_imx900_rpi/rtl/lib/axis/rtl/axis_fifo.v' [VERI-1482]
WARNING  : /home/steve/video_streaming_10g_demo_v1.4.1_2026.1_imx900_rpi/rtl/lib/axis/rtl/axis_fifo.v(137): parameter 'ADDR_WIDTH' becomes localparam in 'axis_fifo' with formal parameter declaration list [VERI-1199]
WARNING  : /home/steve/video_streaming_10g_demo_v1.4.1_2026.1_imx900_rpi/rtl/lib/axis/rtl/axis_fifo.v(139): parameter 'OUTPUT_FIFO_ADDR_WIDTH' becomes localparam in 'axis_fifo' with formal parameter declaration list [VERI-1199]
INFO     : Analyzing Verilog file '/home/steve/video_streaming_10g_demo_v1.4.1_2026.1_imx900_rpi/rtl/lib/axis/rtl/axis_async_fifo.v' [VERI-1482]
WARNING  : /home/steve/video_streaming_10g_demo_v1.4.1_2026.1_imx900_rpi/rtl/lib/axis/rtl/axis_async_fifo.v(145): parameter 'ADDR_WIDTH' becomes localparam in 'axis_async_fifo' with formal parameter declaration list [VERI-1199]
WARNING  : /home/steve/video_streaming_10g_demo_v1.4.1_2026.1_imx900_rpi/rtl/lib/axis/rtl/axis_async_fifo.v(147): parameter 'OUTPUT_FIFO_ADDR_WIDTH' becomes localparam in 'axis_async_fifo' with formal parameter declaration list [VERI-1199]
INFO     : Analyzing Verilog file '/home/steve/video_streaming_10g_demo_v1.4.1_2026.1_imx900_rpi/rtl/lib/axis/rtl/axis_async_fifo_adapter.v' [VERI-1482]
INFO     : Analyzing Verilog file '/home/steve/video_streaming_10g_demo_v1.4.1_2026.1_imx900_rpi/rtl/lib/axis/rtl/sync_reset.v' [VERI-1482]
INFO     : Analyzing Verilog file '/home/steve/video_streaming_10g_demo_v1.4.1_2026.1_imx900_rpi/rtl/lib/verilog-ethernet/rtl/lfsr.v' [VERI-1482]
WARNING  : /home/steve/video_streaming_10g_demo_v1.4.1_2026.1_imx900_rpi/rtl/lib/verilog-ethernet/rtl/lfsr.v(355): parameter 'STYLE_INT' becomes localparam in 'lfsr' with formal parameter declaration list [VERI-1199]
INFO     : Analyzing Verilog file '/home/steve/video_streaming_10g_demo_v1.4.1_2026.1_imx900_rpi/rtl/lib/verilog-ethernet/rtl/eth_axis_rx.v' [VERI-1482]
WARNING  : /home/steve/video_streaming_10g_demo_v1.4.1_2026.1_imx900_rpi/rtl/lib/verilog-ethernet/rtl/eth_axis_rx.v(80): parameter 'BYTE_LANES' becomes localparam in 'eth_axis_rx' with formal parameter declaration list [VERI-1199]
WARNING  : /home/steve/video_streaming_10g_demo_v1.4.1_2026.1_imx900_rpi/rtl/lib/verilog-ethernet/rtl/eth_axis_rx.v(82): parameter 'HDR_SIZE' becomes localparam in 'eth_axis_rx' with formal parameter declaration list [VERI-1199]
WARNING  : /home/steve/video_streaming_10g_demo_v1.4.1_2026.1_imx900_rpi/rtl/lib/verilog-ethernet/rtl/eth_axis_rx.v(84): parameter 'CYCLE_COUNT' becomes localparam in 'eth_axis_rx' with formal parameter declaration list [VERI-1199]
WARNING  : /home/steve/video_streaming_10g_demo_v1.4.1_2026.1_imx900_rpi/rtl/lib/verilog-ethernet/rtl/eth_axis_rx.v(86): parameter 'PTR_WIDTH' becomes localparam in 'eth_axis_rx' with formal parameter declaration list [VERI-1199]
WARNING  : /home/steve/video_streaming_10g_demo_v1.4.1_2026.1_imx900_rpi/rtl/lib/verilog-ethernet/rtl/eth_axis_rx.v(88): parameter 'OFFSET' becomes localparam in 'eth_axis_rx' with formal parameter declaration list [VERI-1199]
INFO     : Analyzing Verilog file '/home/steve/video_streaming_10g_demo_v1.4.1_2026.1_imx900_rpi/rtl/lib/verilog-ethernet/rtl/eth_axis_tx.v' [VERI-1482]
WARNING  : /home/steve/video_streaming_10g_demo_v1.4.1_2026.1_imx900_rpi/rtl/lib/verilog-ethernet/rtl/eth_axis_tx.v(79): parameter 'BYTE_LANES' becomes localparam in 'eth_axis_tx' with formal parameter declaration list [VERI-1199]
WARNING  : /home/steve/video_streaming_10g_demo_v1.4.1_2026.1_imx900_rpi/rtl/lib/verilog-ethernet/rtl/eth_axis_tx.v(81): parameter 'HDR_SIZE' becomes localparam in 'eth_axis_tx' with formal parameter declaration list [VERI-1199]
WARNING  : /home/steve/video_streaming_10g_demo_v1.4.1_2026.1_imx900_rpi/rtl/lib/verilog-ethernet/rtl/eth_axis_tx.v(83): parameter 'CYCLE_COUNT' becomes localparam in 'eth_axis_tx' with formal parameter declaration list [VERI-1199]
WARNING  : /home/steve/video_streaming_10g_demo_v1.4.1_2026.1_imx900_rpi/rtl/lib/verilog-ethernet/rtl/eth_axis_tx.v(85): parameter 'PTR_WIDTH' becomes localparam in 'eth_axis_tx' with formal parameter declaration list [VERI-1199]
WARNING  : /home/steve/video_streaming_10g_demo_v1.4.1_2026.1_imx900_rpi/rtl/lib/verilog-ethernet/rtl/eth_axis_tx.v(87): parameter 'OFFSET' becomes localparam in 'eth_axis_tx' with formal parameter declaration list [VERI-1199]
INFO     : Analyzing Verilog file '/home/steve/video_streaming_10g_demo_v1.4.1_2026.1_imx900_rpi/rtl/lib/verilog-ethernet/rtl/udp_complete_64.v' [VERI-1482]
INFO     : Analyzing Verilog file '/home/steve/video_streaming_10g_demo_v1.4.1_2026.1_imx900_rpi/rtl/lib/verilog-ethernet/rtl/udp_checksum_gen_64.v' [VERI-1482]
WARNING  : /home/steve/video_streaming_10g_demo_v1.4.1_2026.1_imx900_rpi/rtl/lib/verilog-ethernet/rtl/udp_checksum_gen_64.v(145): parameter 'HEADER_FIFO_ADDR_WIDTH' becomes localparam in 'udp_checksum_gen_64' with formal parameter declaration list [VERI-1199]
INFO     : Analyzing Verilog file '/home/steve/video_streaming_10g_demo_v1.4.1_2026.1_imx900_rpi/rtl/lib/verilog-ethernet/rtl/udp_64.v' [VERI-1482]
INFO     : Analyzing Verilog file '/home/steve/video_streaming_10g_demo_v1.4.1_2026.1_imx900_rpi/rtl/lib/verilog-ethernet/rtl/udp_ip_rx_64.v' [VERI-1482]
INFO     : Analyzing Verilog file '/home/steve/video_streaming_10g_demo_v1.4.1_2026.1_imx900_rpi/rtl/lib/verilog-ethernet/rtl/udp_ip_tx_64.v' [VERI-1482]
INFO     : Analyzing Verilog file '/home/steve/video_streaming_10g_demo_v1.4.1_2026.1_imx900_rpi/rtl/lib/verilog-ethernet/rtl/ip_complete_64.v' [VERI-1482]
INFO     : Analyzing Verilog file '/home/steve/video_streaming_10g_demo_v1.4.1_2026.1_imx900_rpi/rtl/lib/verilog-ethernet/rtl/ip_64.v' [VERI-1482]
INFO     : Analyzing Verilog file '/home/steve/video_streaming_10g_demo_v1.4.1_2026.1_imx900_rpi/rtl/lib/verilog-ethernet/rtl/ip_eth_rx_64.v' [VERI-1482]
INFO     : Analyzing Verilog file '/home/steve/video_streaming_10g_demo_v1.4.1_2026.1_imx900_rpi/rtl/lib/verilog-ethernet/rtl/ip_eth_tx_64.v' [VERI-1482]
INFO     : Analyzing Verilog file '/home/steve/video_streaming_10g_demo_v1.4.1_2026.1_imx900_rpi/rtl/lib/verilog-ethernet/rtl/ip_arb_mux.v' [VERI-1482]
WARNING  : /home/steve/video_streaming_10g_demo_v1.4.1_2026.1_imx900_rpi/rtl/lib/verilog-ethernet/rtl/ip_arb_mux.v(116): parameter 'CL_S_COUNT' becomes localparam in 'ip_arb_mux' with formal parameter declaration list [VERI-1199]
INFO     : Analyzing Verilog file '/home/steve/video_streaming_10g_demo_v1.4.1_2026.1_imx900_rpi/rtl/lib/verilog-ethernet/rtl/arp.v' [VERI-1482]
INFO     : Analyzing Verilog file '/home/steve/video_streaming_10g_demo_v1.4.1_2026.1_imx900_rpi/rtl/lib/verilog-ethernet/rtl/arp_cache.v' [VERI-1482]
INFO     : Analyzing Verilog file '/home/steve/video_streaming_10g_demo_v1.4.1_2026.1_imx900_rpi/rtl/lib/verilog-ethernet/rtl/arp_eth_rx.v' [VERI-1482]
WARNING  : /home/steve/video_streaming_10g_demo_v1.4.1_2026.1_imx900_rpi/rtl/lib/verilog-ethernet/rtl/arp_eth_rx.v(89): parameter 'BYTE_LANES' becomes localparam in 'arp_eth_rx' with formal parameter declaration list [VERI-1199]
WARNING  : /home/steve/video_streaming_10g_demo_v1.4.1_2026.1_imx900_rpi/rtl/lib/verilog-ethernet/rtl/arp_eth_rx.v(91): parameter 'HDR_SIZE' becomes localparam in 'arp_eth_rx' with formal parameter declaration list [VERI-1199]
WARNING  : /home/steve/video_streaming_10g_demo_v1.4.1_2026.1_imx900_rpi/rtl/lib/verilog-ethernet/rtl/arp_eth_rx.v(93): parameter 'CYCLE_COUNT' becomes localparam in 'arp_eth_rx' with formal parameter declaration list [VERI-1199]
WARNING  : /home/steve/video_streaming_10g_demo_v1.4.1_2026.1_imx900_rpi/rtl/lib/verilog-ethernet/rtl/arp_eth_rx.v(95): parameter 'PTR_WIDTH' becomes localparam in 'arp_eth_rx' with formal parameter declaration list [VERI-1199]
WARNING  : /home/steve/video_streaming_10g_demo_v1.4.1_2026.1_imx900_rpi/rtl/lib/verilog-ethernet/rtl/arp_eth_rx.v(97): parameter 'OFFSET' becomes localparam in 'arp_eth_rx' with formal parameter declaration list [VERI-1199]
INFO     : Analyzing Verilog file '/home/steve/video_streaming_10g_demo_v1.4.1_2026.1_imx900_rpi/rtl/lib/verilog-ethernet/rtl/arp_eth_tx.v' [VERI-1482]
WARNING  : /home/steve/video_streaming_10g_demo_v1.4.1_2026.1_imx900_rpi/rtl/lib/verilog-ethernet/rtl/arp_eth_tx.v(85): parameter 'BYTE_LANES' becomes localparam in 'arp_eth_tx' with formal parameter declaration list [VERI-1199]
WARNING  : /home/steve/video_streaming_10g_demo_v1.4.1_2026.1_imx900_rpi/rtl/lib/verilog-ethernet/rtl/arp_eth_tx.v(87): parameter 'HDR_SIZE' becomes localparam in 'arp_eth_tx' with formal parameter declaration list [VERI-1199]
WARNING  : /home/steve/video_streaming_10g_demo_v1.4.1_2026.1_imx900_rpi/rtl/lib/verilog-ethernet/rtl/arp_eth_tx.v(89): parameter 'CYCLE_COUNT' becomes localparam in 'arp_eth_tx' with formal parameter declaration list [VERI-1199]
WARNING  : /home/steve/video_streaming_10g_demo_v1.4.1_2026.1_imx900_rpi/rtl/lib/verilog-ethernet/rtl/arp_eth_tx.v(91): parameter 'PTR_WIDTH' becomes localparam in 'arp_eth_tx' with formal parameter declaration list [VERI-1199]
WARNING  : /home/steve/video_streaming_10g_demo_v1.4.1_2026.1_imx900_rpi/rtl/lib/verilog-ethernet/rtl/arp_eth_tx.v(93): parameter 'OFFSET' becomes localparam in 'arp_eth_tx' with formal parameter declaration list [VERI-1199]
INFO     : Analyzing Verilog file '/home/steve/video_streaming_10g_demo_v1.4.1_2026.1_imx900_rpi/rtl/lib/verilog-ethernet/rtl/eth_arb_mux.v' [VERI-1482]
WARNING  : /home/steve/video_streaming_10g_demo_v1.4.1_2026.1_imx900_rpi/rtl/lib/verilog-ethernet/rtl/eth_arb_mux.v(90): parameter 'CL_S_COUNT' becomes localparam in 'eth_arb_mux' with formal parameter declaration list [VERI-1199]
INFO     : Analyzing Verilog file '/home/steve/video_streaming_10g_demo_v1.4.1_2026.1_imx900_rpi/rtl/lib/common/frame_buffer_512/Axi4_2x512_1x512.v' [VERI-1482]
INFO     : Analyzing Verilog file '/home/steve/video_streaming_10g_demo_v1.4.1_2026.1_imx900_rpi/rtl/lib/common/frame_buffer_512/frame_buffer_512.v' [VERI-1482]
WARNING  : /home/steve/video_streaming_10g_demo_v1.4.1_2026.1_imx900_rpi/rtl/lib/common/frame_buffer_512/frame_buffer_512.v(3): empty parameter declaration is only allowed in SystemVerilog mode [VERI-2223]
INFO     : Analyzing Verilog file '/home/steve/video_streaming_10g_demo_v1.4.1_2026.1_imx900_rpi/rtl/lib/common/frame_buffer_512/rd_address_decoder_512.sv' [VERI-1482]
INFO     : Analyzing Verilog file '/home/steve/video_streaming_10g_demo_v1.4.1_2026.1_imx900_rpi/rtl/lib/common/frame_buffer_512/wr_address_decoder_512.sv' [VERI-1482]
INFO     : Analyzing Verilog file '/home/steve/video_streaming_10g_demo_v1.4.1_2026.1_imx900_rpi/rtl/lib/common/frame_buffer_512/frame_buffer_sel.sv' [VERI-1482]
INFO     : Analyzing Verilog file '/home/steve/video_streaming_10g_demo_v1.4.1_2026.1_imx900_rpi/rtl/lib/common/frame_buffer_512/vga_buffer.v' [VERI-1482]
INFO     : Analyzing Verilog file '/home/steve/video_streaming_10g_demo_v1.4.1_2026.1_imx900_rpi/rtl/lib/common/frame_buffer_512/fifo.v' [VERI-1482]
INFO     : Analyzing Verilog file '/home/steve/video_streaming_10g_demo_v1.4.1_2026.1_imx900_rpi/fpga/Ti375N1156-DK/ip/sapphire_gen/sapphire_gen.v' [VERI-1482]
INFO     : Analyzing Verilog file '/home/steve/video_streaming_10g_demo_v1.4.1_2026.1_imx900_rpi/fpga/Ti375N1156-DK/ip/efx_csi2_rx_top_rx/efx_csi2_rx_top_rx.sv' [VERI-1482]
INFO     : Analyzing Verilog file '/home/steve/video_streaming_10g_demo_v1.4.1_2026.1_imx900_rpi/fpga/Ti375N1156-DK/ip/mac10gbe/mac10gbe.sv' [VERI-1482]
INFO     : Analysis took 0.791262878 seconds [FlowMsg::StageDuration]
INFO     :     Analysis took 0.77 seconds (approximately) in total CPU time [FlowMsg::StageDuration::CPUTime]
INFO     : Analysis virtual memory usage: begin = 151.468 MB, end = 162.732 MB, delta = 11.264 MB [FlowMsg::VMUsage]
INFO     : Analysis resident set memory usage: begin = 82.528 MB, end = 97.248 MB, delta = 14.72 MB [FlowMsg::RSSUsage]
INFO     :     Analysis peak resident set memory usage = 227.224 MB [FlowMsg::RSSUsage::Peak]
INFO     : ***** Ending Analysis ... *****
INFO     : ***** Beginning Elaboration ... *****
WARNING  : /home/steve/video_streaming_10g_demo_v1.4.1_2026.1_imx900_rpi/rtl/fpga.sv(446): port 'system_spi_0_io_data_2_read' is not connected on this instance [VERI-2435]
WARNING  : /home/steve/video_streaming_10g_demo_v1.4.1_2026.1_imx900_rpi/rtl/fpga.sv(446): port 'system_spi_0_io_data_2_write' remains unconnected for this instance [VERI-1927]
INFO     : /home/steve/video_streaming_10g_demo_v1.4.1_2026.1_imx900_rpi/rtl/fpga.sv(2): compiling module 'fpga' [VERI-1018]
INFO     : /home/steve/video_streaming_10g_demo_v1.4.1_2026.1_imx900_rpi/rtl/lib/common/reset.v(1): compiling module 'reset(OUT_RST_ACTIVE="LOW",CYCLE=2)' [VERI-1018]
INFO     : /home/steve/video_streaming_10g_demo_v1.4.1_2026.1_imx900_rpi/rtl/debounce_switch.v(34): compiling module 'debounce_switch(WIDTH=2,N=8,RATE=156000)' [VERI-1018]
INFO     : /home/steve/video_streaming_10g_demo_v1.4.1_2026.1_imx900_rpi/rtl/debounce_switch.v(47): extracting RAM for identifier 'debounce_reg' [VERI-2571]
INFO     : /home/steve/video_streaming_10g_demo_v1.4.1_2026.1_imx900_rpi/rtl/lib/common/reset.v(1): compiling module 'reset(CYCLE=4)' [VERI-1018]
INFO     : /home/steve/video_streaming_10g_demo_v1.4.1_2026.1_imx900_rpi/rtl/apb_master.sv(1): compiling module 'apb_master(ROM_MIF="efx_rom_mif.mem",ROM_DEPTH=20)' [VERI-1018]
INFO     : /home/steve/video_streaming_10g_demo_v1.4.1_2026.1_imx900_rpi/rtl/apb_master.sv(49): extracting RAM for identifier 'rom_mif' [VERI-2571]
INFO     : /home/steve/video_streaming_10g_demo_v1.4.1_2026.1_imx900_rpi/rtl/apb_master.sv(209): extracting RAM for identifier 'ram_data_d' [VERI-2571]
INFO     : /home/steve/video_streaming_10g_demo_v1.4.1_2026.1_imx900_rpi/rtl/apb_master.sv(210): extracting RAM for identifier 'ram_data_a' [VERI-2571]
INFO     : /home/steve/video_streaming_10g_demo_v1.4.1_2026.1_imx900_rpi/rtl/apb_master.sv(51): readmemh: reading from file 'efx_rom_mif.mem' [VERI-2855]
WARNING  : efx_rom_mif.mem(1): entry size 56 at efx_rom_mif.mem:1 does not match memory width 53 [VERI-2474]
WARNING  : efx_rom_mif.mem(2): entry size 56 at efx_rom_mif.mem:2 does not match memory width 53 [VERI-2474]
WARNING  : efx_rom_mif.mem(3): entry size 56 at efx_rom_mif.mem:3 does not match memory width 53 [VERI-2474]
WARNING  : efx_rom_mif.mem(4): entry size 56 at efx_rom_mif.mem:4 does not match memory width 53 [VERI-2474]
WARNING  : efx_rom_mif.mem(5): entry size 56 at efx_rom_mif.mem:5 does not match memory width 53 [VERI-2474]
WARNING  : efx_rom_mif.mem(6): entry size 56 at efx_rom_mif.mem:6 does not match memory width 53 [VERI-2474]
WARNING  : efx_rom_mif.mem(7): entry size 56 at efx_rom_mif.mem:7 does not match memory width 53 [VERI-2474]
WARNING  : efx_rom_mif.mem(8): entry size 56 at efx_rom_mif.mem:8 does not match memory width 53 [VERI-2474]
WARNING  : efx_rom_mif.mem(9): entry size 56 at efx_rom_mif.mem:9 does not match memory width 53 [VERI-2474]
WARNING  : efx_rom_mif.mem(10): entry size 56 at efx_rom_mif.mem:10 does not match memory width 53 [VERI-2474]
WARNING  : efx_rom_mif.mem(11): entry size 56 at efx_rom_mif.mem:11 does not match memory width 53 [VERI-2474]
WARNING  : efx_rom_mif.mem(12): entry size 56 at efx_rom_mif.mem:12 does not match memory width 53 [VERI-2474]
WARNING  : efx_rom_mif.mem(13): entry size 56 at efx_rom_mif.mem:13 does not match memory width 53 [VERI-2474]
WARNING  : efx_rom_mif.mem(14): entry size 56 at efx_rom_mif.mem:14 does not match memory width 53 [VERI-2474]
WARNING  : efx_rom_mif.mem(15): entry size 56 at efx_rom_mif.mem:15 does not match memory width 53 [VERI-2474]
WARNING  : efx_rom_mif.mem(16): entry size 56 at efx_rom_mif.mem:16 does not match memory width 53 [VERI-2474]
WARNING  : efx_rom_mif.mem(17): entry size 56 at efx_rom_mif.mem:17 does not match memory width 53 [VERI-2474]
WARNING  : efx_rom_mif.mem(18): entry size 56 at efx_rom_mif.mem:18 does not match memory width 53 [VERI-2474]
WARNING  : efx_rom_mif.mem(19): entry size 56 at efx_rom_mif.mem:19 does not match memory width 53 [VERI-2474]
WARNING  : efx_rom_mif.mem(20): entry size 56 at efx_rom_mif.mem:20 does not match memory width 53 [VERI-2474]
WARNING  : /home/steve/video_streaming_10g_demo_v1.4.1_2026.1_imx900_rpi/rtl/apb_master.sv(49): net 'rom_mif' does not have a driver [VDB-1002]
WARNING  : /home/steve/video_streaming_10g_demo_v1.4.1_2026.1_imx900_rpi/rtl/fpga.sv(293): actual bit length 32 differs from formal bit length 1 for port 'apb_halt_i' [VERI-1330]
WARNING  : /home/steve/video_streaming_10g_demo_v1.4.1_2026.1_imx900_rpi/rtl/fpga.sv(312): actual bit length 16 differs from formal bit length 19 for port 'PADDR' [VERI-1330]
WARNING  : /home/steve/video_streaming_10g_demo_v1.4.1_2026.1_imx900_rpi/rtl/fpga.sv(316): actual bit length 32 differs from formal bit length 1 for port 'PSLVERR' [VERI-1330]
INFO     : /home/steve/video_streaming_10g_demo_v1.4.1_2026.1_imx900_rpi/rtl/apb3_slave.sv(27): compiling module 'apb3_slave(ADDR_WIDTH=20)' [VERI-1018]
WARNING  : /home/steve/video_streaming_10g_demo_v1.4.1_2026.1_imx900_rpi/rtl/apb3_slave.sv(157): expression size 32 truncated to fit in target size 1 [VERI-1209]
WARNING  : /home/steve/video_streaming_10g_demo_v1.4.1_2026.1_imx900_rpi/rtl/apb3_slave.sv(158): expression size 32 truncated to fit in target size 1 [VERI-1209]
WARNING  : /home/steve/video_streaming_10g_demo_v1.4.1_2026.1_imx900_rpi/rtl/fpga.sv(362): actual bit length 32 differs from formal bit length 1 for port 'init_done' [VERI-1330]
INFO     : /home/steve/video_streaming_10g_demo_v1.4.1_2026.1_imx900_rpi/fpga/Ti375N1156-DK/ip/sapphire_gen/sapphire_gen.v(49): compiling module 'sapphire_gen' [VERI-1018]
INFO     : /home/steve/video_streaming_10g_demo_v1.4.1_2026.1_imx900_rpi/fpga/Ti375N1156-DK/ip/sapphire_gen/sapphire_gen.v(196): compiling module 'EfxSapphireSoc_6da3aa8a00f24008ad95d1e51c813f5a' [VERI-1018]
INFO     : /home/steve/video_streaming_10g_demo_v1.4.1_2026.1_imx900_rpi/fpga/Ti375N1156-DK/ip/sapphire_gen/sapphire_gen.v(10362): compiling module 'VexRiscv_6da3aa8a00f24008ad95d1e51c813f5a' [VERI-1018]
INFO     : /home/steve/video_streaming_10g_demo_v1.4.1_2026.1_imx900_rpi/fpga/Ti375N1156-DK/ip/sapphire_gen/sapphire_gen.v(11773): extracting RAM for identifier 'RegFilePlugin_regFile' [VERI-2571]
INFO     : /home/steve/video_streaming_10g_demo_v1.4.1_2026.1_imx900_rpi/fpga/Ti375N1156-DK/ip/sapphire_gen/sapphire_gen.v(18746): compiling module 'InstructionCache_6da3aa8a00f24008ad95d1e51c813f5a' [VERI-1018]
INFO     : /home/steve/video_streaming_10g_demo_v1.4.1_2026.1_imx900_rpi/fpga/Ti375N1156-DK/ip/sapphire_gen/sapphire_gen.v(18852): extracting RAM for identifier 'banks_0' [VERI-2571]
INFO     : /home/steve/video_streaming_10g_demo_v1.4.1_2026.1_imx900_rpi/fpga/Ti375N1156-DK/ip/sapphire_gen/sapphire_gen.v(18853): extracting RAM for identifier 'ways_0_tags' [VERI-2571]
INFO     : /home/steve/video_streaming_10g_demo_v1.4.1_2026.1_imx900_rpi/fpga/Ti375N1156-DK/ip/sapphire_gen/sapphire_gen.v(17892): compiling module 'DataCache_6da3aa8a00f24008ad95d1e51c813f5a' [VERI-1018]
INFO     : /home/steve/video_streaming_10g_demo_v1.4.1_2026.1_imx900_rpi/fpga/Ti375N1156-DK/ip/sapphire_gen/sapphire_gen.v(18106): extracting RAM for identifier 'ways_0_tags' [VERI-2571]
INFO     : /home/steve/video_streaming_10g_demo_v1.4.1_2026.1_imx900_rpi/fpga/Ti375N1156-DK/ip/sapphire_gen/sapphire_gen.v(18107): extracting RAM for identifier 'ways_0_data_symbol0' [VERI-2571]
INFO     : /home/steve/video_streaming_10g_demo_v1.4.1_2026.1_imx900_rpi/fpga/Ti375N1156-DK/ip/sapphire_gen/sapphire_gen.v(18108): extracting RAM for identifier 'ways_0_data_symbol1' [VERI-2571]
INFO     : /home/steve/video_streaming_10g_demo_v1.4.1_2026.1_imx900_rpi/fpga/Ti375N1156-DK/ip/sapphire_gen/sapphire_gen.v(18109): extracting RAM for identifier 'ways_0_data_symbol2' [VERI-2571]
INFO     : /home/steve/video_streaming_10g_demo_v1.4.1_2026.1_imx900_rpi/fpga/Ti375N1156-DK/ip/sapphire_gen/sapphire_gen.v(18110): extracting RAM for identifier 'ways_0_data_symbol3' [VERI-2571]
WARNING  : /home/steve/video_streaming_10g_demo_v1.4.1_2026.1_imx900_rpi/fpga/Ti375N1156-DK/ip/sapphire_gen/sapphire_gen.v(18718): system task 'display' is ignored for synthesis [VERI-1142]
INFO     : /home/steve/video_streaming_10g_demo_v1.4.1_2026.1_imx900_rpi/fpga/Ti375N1156-DK/ip/sapphire_gen/sapphire_gen.v(17873): compiling module 'BufferCC_6da3aa8a00f24008ad95d1e51c813f5a' [VERI-1018]
INFO     : /home/steve/video_streaming_10g_demo_v1.4.1_2026.1_imx900_rpi/fpga/Ti375N1156-DK/ip/sapphire_gen/sapphire_gen.v(19702): compiling module 'EfxCPUSp1_6da3aa8a00f24008ad95d1e51c813f5a' [VERI-1018]
INFO     : /home/steve/video_streaming_10g_demo_v1.4.1_2026.1_imx900_rpi/fpga/Ti375N1156-DK/ip/sapphire_gen/sapphire_gen.v(19773): compiling module 'EfxCPUSp2_6da3aa8a00f24008ad95d1e51c813f5a' [VERI-1018]
WARNING  : /home/steve/video_streaming_10g_demo_v1.4.1_2026.1_imx900_rpi/fpga/Ti375N1156-DK/ip/sapphire_gen/sapphire_gen.v(10450): net 'IBusCachedPlugin_cache_io_cpu_fetch_isRemoved' does not have a driver [VDB-1002]
WARNING  : /home/steve/video_streaming_10g_demo_v1.4.1_2026.1_imx900_rpi/fpga/Ti375N1156-DK/ip/sapphire_gen/sapphire_gen.v(10463): net 'dataCache_1_io_cpu_writeBack_fence_SW' does not have a driver [VDB-1002]
WARNING  : /home/steve/video_streaming_10g_demo_v1.4.1_2026.1_imx900_rpi/fpga/Ti375N1156-DK/ip/sapphire_gen/sapphire_gen.v(10464): net 'dataCache_1_io_cpu_writeBack_fence_SR' does not have a driver [VDB-1002]
WARNING  : /home/steve/video_streaming_10g_demo_v1.4.1_2026.1_imx900_rpi/fpga/Ti375N1156-DK/ip/sapphire_gen/sapphire_gen.v(10465): net 'dataCache_1_io_cpu_writeBack_fence_SO' does not have a driver [VDB-1002]
WARNING  : /home/steve/video_streaming_10g_demo_v1.4.1_2026.1_imx900_rpi/fpga/Ti375N1156-DK/ip/sapphire_gen/sapphire_gen.v(10466): net 'dataCache_1_io_cpu_writeBack_fence_SI' does not have a driver [VDB-1002]
WARNING  : /home/steve/video_streaming_10g_demo_v1.4.1_2026.1_imx900_rpi/fpga/Ti375N1156-DK/ip/sapphire_gen/sapphire_gen.v(10467): net 'dataCache_1_io_cpu_writeBack_fence_PW' does not have a driver [VDB-1002]
WARNING  : /home/steve/video_streaming_10g_demo_v1.4.1_2026.1_imx900_rpi/fpga/Ti375N1156-DK/ip/sapphire_gen/sapphire_gen.v(10468): net 'dataCache_1_io_cpu_writeBack_fence_PR' does not have a driver [VDB-1002]
WARNING  : /home/steve/video_streaming_10g_demo_v1.4.1_2026.1_imx900_rpi/fpga/Ti375N1156-DK/ip/sapphire_gen/sapphire_gen.v(10469): net 'dataCache_1_io_cpu_writeBack_fence_PO' does not have a driver [VDB-1002]
WARNING  : /home/steve/video_streaming_10g_demo_v1.4.1_2026.1_imx900_rpi/fpga/Ti375N1156-DK/ip/sapphire_gen/sapphire_gen.v(10470): net 'dataCache_1_io_cpu_writeBack_fence_PI' does not have a driver [VDB-1002]
WARNING  : /home/steve/video_streaming_10g_demo_v1.4.1_2026.1_imx900_rpi/fpga/Ti375N1156-DK/ip/sapphire_gen/sapphire_gen.v(10471): net 'dataCache_1_io_cpu_writeBack_fence_FM[3]' does not have a driver [VDB-1002]
WARNING  : /home/steve/video_streaming_10g_demo_v1.4.1_2026.1_imx900_rpi/fpga/Ti375N1156-DK/ip/sapphire_gen/sapphire_gen.v(10978): net 'IBusCachedPlugin_mmuBus_rsp_bypassTranslation' does not have a driver [VDB-1002]
WARNING  : /home/steve/video_streaming_10g_demo_v1.4.1_2026.1_imx900_rpi/fpga/Ti375N1156-DK/ip/sapphire_gen/sapphire_gen.v(11004): net 'DBusCachedPlugin_mmuBus_rsp_bypassTranslation' does not have a driver [VDB-1002]
WARNING  : /home/steve/video_streaming_10g_demo_v1.4.1_2026.1_imx900_rpi/fpga/Ti375N1156-DK/ip/sapphire_gen/sapphire_gen.v(11112): net 'IBusCachedPlugin_iBusRsp_output_payload_rsp_error' does not have a driver [VDB-1002]
WARNING  : /home/steve/video_streaming_10g_demo_v1.4.1_2026.1_imx900_rpi/fpga/Ti375N1156-DK/ip/sapphire_gen/sapphire_gen.v(11114): net 'IBusCachedPlugin_iBusRsp_output_payload_isRvc' does not have a driver [VDB-1002]
WARNING  : /home/steve/video_streaming_10g_demo_v1.4.1_2026.1_imx900_rpi/fpga/Ti375N1156-DK/ip/sapphire_gen/sapphire_gen.v(11348): net 'CsrPlugin_mtvec_mode[1]' does not have a driver [VDB-1002]
INFO     : /home/steve/video_streaming_10g_demo_v1.4.1_2026.1_imx900_rpi/fpga/Ti375N1156-DK/ip/sapphire_gen/sapphire_gen.v(9361): compiling module 'DebugModule_6da3aa8a00f24008ad95d1e51c813f5a' [VERI-1018]
INFO     : /home/steve/video_streaming_10g_demo_v1.4.1_2026.1_imx900_rpi/fpga/Ti375N1156-DK/ip/sapphire_gen/sapphire_gen.v(9567): extracting RAM for identifier 'logic_progbufX_mem' [VERI-2571]
INFO     : /home/steve/video_streaming_10g_demo_v1.4.1_2026.1_imx900_rpi/fpga/Ti375N1156-DK/ip/sapphire_gen/sapphire_gen.v(9337): compiling module 'BufferCC_7_6da3aa8a00f24008ad95d1e51c813f5a' [VERI-1018]
INFO     : /home/steve/video_streaming_10g_demo_v1.4.1_2026.1_imx900_rpi/fpga/Ti375N1156-DK/ip/sapphire_gen/sapphire_gen.v(9313): compiling module 'BufferCC_8_6da3aa8a00f24008ad95d1e51c813f5a' [VERI-1018]
INFO     : /home/steve/video_streaming_10g_demo_v1.4.1_2026.1_imx900_rpi/fpga/Ti375N1156-DK/ip/sapphire_gen/sapphire_gen.v(9285): compiling module 'BufferCC_11_6da3aa8a00f24008ad95d1e51c813f5a' [VERI-1018]
INFO     : /home/steve/video_streaming_10g_demo_v1.4.1_2026.1_imx900_rpi/fpga/Ti375N1156-DK/ip/sapphire_gen/sapphire_gen.v(8812): compiling module 'DebugTransportModuleTunneled_6da3aa8a00f24008ad95d1e51c813f5a' [VERI-1018]
INFO     : /home/steve/video_streaming_10g_demo_v1.4.1_2026.1_imx900_rpi/fpga/Ti375N1156-DK/ip/sapphire_gen/sapphire_gen.v(17809): compiling module 'FlowCCByToggle_6da3aa8a00f24008ad95d1e51c813f5a' [VERI-1018]
WARNING  : /home/steve/video_streaming_10g_demo_v1.4.1_2026.1_imx900_rpi/fpga/Ti375N1156-DK/ip/sapphire_gen/sapphire_gen.v(17843): system function call 'urandom' is not supported [VERI-1141]
WARNING  : /home/steve/video_streaming_10g_demo_v1.4.1_2026.1_imx900_rpi/fpga/Ti375N1156-DK/ip/sapphire_gen/sapphire_gen.v(17844): system function call 'urandom' is not supported [VERI-1141]
INFO     : /home/steve/video_streaming_10g_demo_v1.4.1_2026.1_imx900_rpi/fpga/Ti375N1156-DK/ip/sapphire_gen/sapphire_gen.v(19652): compiling module 'BufferCC_1_6da3aa8a00f24008ad95d1e51c813f5a' [VERI-1018]
WARNING  : /home/steve/video_streaming_10g_demo_v1.4.1_2026.1_imx900_rpi/fpga/Ti375N1156-DK/ip/sapphire_gen/sapphire_gen.v(19664): system function call 'urandom' is not supported [VERI-1141]
WARNING  : /home/steve/video_streaming_10g_demo_v1.4.1_2026.1_imx900_rpi/fpga/Ti375N1156-DK/ip/sapphire_gen/sapphire_gen.v(19665): system function call 'urandom' is not supported [VERI-1141]
INFO     : /home/steve/video_streaming_10g_demo_v1.4.1_2026.1_imx900_rpi/fpga/Ti375N1156-DK/ip/sapphire_gen/sapphire_gen.v(17723): compiling module 'FlowCCByToggle_1_6da3aa8a00f24008ad95d1e51c813f5a' [VERI-1018]
INFO     : /home/steve/video_streaming_10g_demo_v1.4.1_2026.1_imx900_rpi/fpga/Ti375N1156-DK/ip/sapphire_gen/sapphire_gen.v(19628): compiling module 'BufferCC_2_6da3aa8a00f24008ad95d1e51c813f5a' [VERI-1018]
INFO     : /home/steve/video_streaming_10g_demo_v1.4.1_2026.1_imx900_rpi/fpga/Ti375N1156-DK/ip/sapphire_gen/sapphire_gen.v(19604): compiling module 'BufferCC_3_6da3aa8a00f24008ad95d1e51c813f5a' [VERI-1018]
INFO     : /home/steve/video_streaming_10g_demo_v1.4.1_2026.1_imx900_rpi/fpga/Ti375N1156-DK/ip/sapphire_gen/sapphire_gen.v(8772): compiling module 'BmbDecoder_6da3aa8a00f24008ad95d1e51c813f5a' [VERI-1018]
INFO     : /home/steve/video_streaming_10g_demo_v1.4.1_2026.1_imx900_rpi/fpga/Ti375N1156-DK/ip/sapphire_gen/sapphire_gen.v(8636): compiling module 'BmbArbiter_6da3aa8a00f24008ad95d1e51c813f5a' [VERI-1018]
INFO     : /home/steve/video_streaming_10g_demo_v1.4.1_2026.1_imx900_rpi/fpga/Ti375N1156-DK/ip/sapphire_gen/sapphire_gen.v(17619): compiling module 'StreamArbiter_6da3aa8a00f24008ad95d1e51c813f5a' [VERI-1018]
INFO     : /home/steve/video_streaming_10g_demo_v1.4.1_2026.1_imx900_rpi/fpga/Ti375N1156-DK/ip/sapphire_gen/sapphire_gen.v(8364): compiling module 'BmbDecoder_1_6da3aa8a00f24008ad95d1e51c813f5a' [VERI-1018]
INFO     : /home/steve/video_streaming_10g_demo_v1.4.1_2026.1_imx900_rpi/fpga/Ti375N1156-DK/ip/sapphire_gen/sapphire_gen.v(8256): compiling module 'BmbOnChipRam_6da3aa8a00f24008ad95d1e51c813f5a' [VERI-1018]
INFO     : /home/steve/video_streaming_10g_demo_v1.4.1_2026.1_imx900_rpi/fpga/Ti375N1156-DK/ip/sapphire_gen/sapphire_gen.v(8288): extracting RAM for identifier 'ram_symbol0' [VERI-2571]
INFO     : /home/steve/video_streaming_10g_demo_v1.4.1_2026.1_imx900_rpi/fpga/Ti375N1156-DK/ip/sapphire_gen/sapphire_gen.v(8289): extracting RAM for identifier 'ram_symbol1' [VERI-2571]
INFO     : /home/steve/video_streaming_10g_demo_v1.4.1_2026.1_imx900_rpi/fpga/Ti375N1156-DK/ip/sapphire_gen/sapphire_gen.v(8290): extracting RAM for identifier 'ram_symbol2' [VERI-2571]
INFO     : /home/steve/video_streaming_10g_demo_v1.4.1_2026.1_imx900_rpi/fpga/Ti375N1156-DK/ip/sapphire_gen/sapphire_gen.v(8291): extracting RAM for identifier 'ram_symbol3' [VERI-2571]
INFO     : /home/steve/video_streaming_10g_demo_v1.4.1_2026.1_imx900_rpi/fpga/Ti375N1156-DK/ip/sapphire_gen/sapphire_gen.v(8298): readmemb: reading from file '/home/steve/video_streaming_10g_demo_v1.4.1_2026.1_imx900_rpi/fpga/Ti375N1156-DK/ip/sapphire_gen/EfxSapphireSoc.v_toplevel_system_ramA_logic_ram_symbol0.bin' [VERI-2855]
INFO     : /home/steve/video_streaming_10g_demo_v1.4.1_2026.1_imx900_rpi/fpga/Ti375N1156-DK/ip/sapphire_gen/sapphire_gen.v(8299): readmemb: reading from file '/home/steve/video_streaming_10g_demo_v1.4.1_2026.1_imx900_rpi/fpga/Ti375N1156-DK/ip/sapphire_gen/EfxSapphireSoc.v_toplevel_system_ramA_logic_ram_symbol1.bin' [VERI-2855]
INFO     : /home/steve/video_streaming_10g_demo_v1.4.1_2026.1_imx900_rpi/fpga/Ti375N1156-DK/ip/sapphire_gen/sapphire_gen.v(8300): readmemb: reading from file '/home/steve/video_streaming_10g_demo_v1.4.1_2026.1_imx900_rpi/fpga/Ti375N1156-DK/ip/sapphire_gen/EfxSapphireSoc.v_toplevel_system_ramA_logic_ram_symbol2.bin' [VERI-2855]
INFO     : /home/steve/video_streaming_10g_demo_v1.4.1_2026.1_imx900_rpi/fpga/Ti375N1156-DK/ip/sapphire_gen/sapphire_gen.v(8301): readmemb: reading from file '/home/steve/video_streaming_10g_demo_v1.4.1_2026.1_imx900_rpi/fpga/Ti375N1156-DK/ip/sapphire_gen/EfxSapphireSoc.v_toplevel_system_ramA_logic_ram_symbol3.bin' [VERI-2855]
INFO     : /home/steve/video_streaming_10g_demo_v1.4.1_2026.1_imx900_rpi/fpga/Ti375N1156-DK/ip/sapphire_gen/sapphire_gen.v(8030): compiling module 'BmbUnburstify_6da3aa8a00f24008ad95d1e51c813f5a' [VERI-1018]
INFO     : /home/steve/video_streaming_10g_demo_v1.4.1_2026.1_imx900_rpi/fpga/Ti375N1156-DK/ip/sapphire_gen/sapphire_gen.v(7335): compiling module 'BmbDecoder_2_6da3aa8a00f24008ad95d1e51c813f5a' [VERI-1018]
INFO     : /home/steve/video_streaming_10g_demo_v1.4.1_2026.1_imx900_rpi/fpga/Ti375N1156-DK/ip/sapphire_gen/sapphire_gen.v(7151): compiling module 'BmbClint_6da3aa8a00f24008ad95d1e51c813f5a' [VERI-1018]
INFO     : /home/steve/video_streaming_10g_demo_v1.4.1_2026.1_imx900_rpi/fpga/Ti375N1156-DK/ip/sapphire_gen/sapphire_gen.v(6659): compiling module 'BmbUartCtrl_6da3aa8a00f24008ad95d1e51c813f5a' [VERI-1018]
INFO     : /home/steve/video_streaming_10g_demo_v1.4.1_2026.1_imx900_rpi/fpga/Ti375N1156-DK/ip/sapphire_gen/sapphire_gen.v(17490): compiling module 'UartCtrl_6da3aa8a00f24008ad95d1e51c813f5a' [VERI-1018]
INFO     : /home/steve/video_streaming_10g_demo_v1.4.1_2026.1_imx900_rpi/fpga/Ti375N1156-DK/ip/sapphire_gen/sapphire_gen.v(19364): compiling module 'UartCtrlTx_6da3aa8a00f24008ad95d1e51c813f5a' [VERI-1018]
INFO     : /home/steve/video_streaming_10g_demo_v1.4.1_2026.1_imx900_rpi/fpga/Ti375N1156-DK/ip/sapphire_gen/sapphire_gen.v(19070): compiling module 'UartCtrlRx_6da3aa8a00f24008ad95d1e51c813f5a' [VERI-1018]
INFO     : /home/steve/video_streaming_10g_demo_v1.4.1_2026.1_imx900_rpi/fpga/Ti375N1156-DK/ip/sapphire_gen/sapphire_gen.v(19678): compiling module 'BufferCC_4_6da3aa8a00f24008ad95d1e51c813f5a' [VERI-1018]
INFO     : /home/steve/video_streaming_10g_demo_v1.4.1_2026.1_imx900_rpi/fpga/Ti375N1156-DK/ip/sapphire_gen/sapphire_gen.v(17336): compiling module 'StreamFifo_6da3aa8a00f24008ad95d1e51c813f5a' [VERI-1018]
INFO     : /home/steve/video_streaming_10g_demo_v1.4.1_2026.1_imx900_rpi/fpga/Ti375N1156-DK/ip/sapphire_gen/sapphire_gen.v(17384): extracting RAM for identifier 'logic_ram' [VERI-2571]
INFO     : /home/steve/video_streaming_10g_demo_v1.4.1_2026.1_imx900_rpi/fpga/Ti375N1156-DK/ip/sapphire_gen/sapphire_gen.v(6180): compiling module 'BmbSpiXdrMasterCtrl_6da3aa8a00f24008ad95d1e51c813f5a' [VERI-1018]
INFO     : /home/steve/video_streaming_10g_demo_v1.4.1_2026.1_imx900_rpi/fpga/Ti375N1156-DK/ip/sapphire_gen/sapphire_gen.v(16687): compiling module 'TopLevel_6da3aa8a00f24008ad95d1e51c813f5a' [VERI-1018]
INFO     : /home/steve/video_streaming_10g_demo_v1.4.1_2026.1_imx900_rpi/fpga/Ti375N1156-DK/ip/sapphire_gen/sapphire_gen.v(16502): compiling module 'StreamFifo_2_6da3aa8a00f24008ad95d1e51c813f5a' [VERI-1018]
INFO     : /home/steve/video_streaming_10g_demo_v1.4.1_2026.1_imx900_rpi/fpga/Ti375N1156-DK/ip/sapphire_gen/sapphire_gen.v(16567): extracting RAM for identifier 'logic_ram' [VERI-2571]
INFO     : /home/steve/video_streaming_10g_demo_v1.4.1_2026.1_imx900_rpi/fpga/Ti375N1156-DK/ip/sapphire_gen/sapphire_gen.v(16348): compiling module 'StreamFifo_3_6da3aa8a00f24008ad95d1e51c813f5a' [VERI-1018]
INFO     : /home/steve/video_streaming_10g_demo_v1.4.1_2026.1_imx900_rpi/fpga/Ti375N1156-DK/ip/sapphire_gen/sapphire_gen.v(16396): extracting RAM for identifier 'logic_ram' [VERI-2571]
INFO     : /home/steve/video_streaming_10g_demo_v1.4.1_2026.1_imx900_rpi/fpga/Ti375N1156-DK/ip/sapphire_gen/sapphire_gen.v(4530): compiling module 'BmbI2cCtrl_6da3aa8a00f24008ad95d1e51c813f5a' [VERI-1018]
WARNING  : /home/steve/video_streaming_10g_demo_v1.4.1_2026.1_imx900_rpi/fpga/Ti375N1156-DK/ip/sapphire_gen/sapphire_gen.v(4852): system function call 'urandom' is not supported [VERI-1141]
WARNING  : /home/steve/video_streaming_10g_demo_v1.4.1_2026.1_imx900_rpi/fpga/Ti375N1156-DK/ip/sapphire_gen/sapphire_gen.v(4853): system function call 'urandom' is not supported [VERI-1141]
INFO     : /home/steve/video_streaming_10g_demo_v1.4.1_2026.1_imx900_rpi/fpga/Ti375N1156-DK/ip/sapphire_gen/sapphire_gen.v(16002): compiling module 'I2cSlave_6da3aa8a00f24008ad95d1e51c813f5a' [VERI-1018]
INFO     : /home/steve/video_streaming_10g_demo_v1.4.1_2026.1_imx900_rpi/fpga/Ti375N1156-DK/ip/sapphire_gen/sapphire_gen.v(19046): compiling module 'BufferCC_5_6da3aa8a00f24008ad95d1e51c813f5a' [VERI-1018]
INFO     : /home/steve/video_streaming_10g_demo_v1.4.1_2026.1_imx900_rpi/fpga/Ti375N1156-DK/ip/sapphire_gen/sapphire_gen.v(4290): compiling module 'EfxTimerCtrl_6da3aa8a00f24008ad95d1e51c813f5a' [VERI-1018]
INFO     : /home/steve/video_streaming_10g_demo_v1.4.1_2026.1_imx900_rpi/fpga/Ti375N1156-DK/ip/sapphire_gen/sapphire_gen.v(15979): compiling module 'Prescaler_6da3aa8a00f24008ad95d1e51c813f5a' [VERI-1018]
INFO     : /home/steve/video_streaming_10g_demo_v1.4.1_2026.1_imx900_rpi/fpga/Ti375N1156-DK/ip/sapphire_gen/sapphire_gen.v(15933): compiling module 'Timer_6da3aa8a00f24008ad95d1e51c813f5a' [VERI-1018]
INFO     : /home/steve/video_streaming_10g_demo_v1.4.1_2026.1_imx900_rpi/fpga/Ti375N1156-DK/ip/sapphire_gen/sapphire_gen.v(3996): compiling module 'BmbGpio2_6da3aa8a00f24008ad95d1e51c813f5a' [VERI-1018]
INFO     : /home/steve/video_streaming_10g_demo_v1.4.1_2026.1_imx900_rpi/fpga/Ti375N1156-DK/ip/sapphire_gen/sapphire_gen.v(3845): compiling module 'BmbToApb3Bridge_6da3aa8a00f24008ad95d1e51c813f5a' [VERI-1018]
WARNING  : /home/steve/video_streaming_10g_demo_v1.4.1_2026.1_imx900_rpi/rtl/udp_video_generator.sv(374): port 'vsync_vc1' remains unconnected for this instance [VERI-1927]
INFO     : /home/steve/video_streaming_10g_demo_v1.4.1_2026.1_imx900_rpi/rtl/udp_video_generator.sv(3): compiling module 'udp_video_generator(dphy_rx=DphyRx4LaneIface_slv)' [VERI-1018]
INFO     : /home/steve/video_streaming_10g_demo_v1.4.1_2026.1_imx900_rpi/rtl/cfg_fsm.sv(2): compiling module 'cfg_fsm' [VERI-1018]
WARNING  : /home/steve/video_streaming_10g_demo_v1.4.1_2026.1_imx900_rpi/rtl/udp_video_generator.sv(230): actual bit length 32 differs from formal bit length 1 for port 'cfg_sel_override' [VERI-1330]
WARNING  : /home/steve/video_streaming_10g_demo_v1.4.1_2026.1_imx900_rpi/rtl/udp_video_generator.sv(231): actual bit length 32 differs from formal bit length 1 for port 'cfg_reset_override' [VERI-1330]
INFO     : /home/steve/video_streaming_10g_demo_v1.4.1_2026.1_imx900_rpi/fpga/Ti375N1156-DK/ip/efx_csi2_rx_top_rx/efx_csi2_rx_top_rx.sv(49): compiling module 'efx_csi2_rx_top_rx' [VERI-1018]
INFO     : /home/steve/video_streaming_10g_demo_v1.4.1_2026.1_imx900_rpi/fpga/Ti375N1156-DK/ip/efx_csi2_rx_top_rx/efx_csi2_rx_top_rx.sv(4965): compiling module '**' [VERI-1018]
INFO     : /home/steve/video_streaming_10g_demo_v1.4.1_2026.1_imx900_rpi/fpga/Ti375N1156-DK/ip/efx_csi2_rx_top_rx/efx_csi2_rx_top_rx.sv(255): compiling module 'efx_asyncreg_2989775a3f8f4efd968dc3c318e2a14a(WIDTH=1)' [VERI-1018]
INFO     : /home/steve/video_streaming_10g_demo_v1.4.1_2026.1_imx900_rpi/fpga/Ti375N1156-DK/ip/efx_csi2_rx_top_rx/efx_csi2_rx_top_rx.sv(255): compiling module 'efx_asyncreg_2989775a3f8f4efd968dc3c318e2a14a(WIDTH=2)' [VERI-1018]
INFO     : /home/steve/video_streaming_10g_demo_v1.4.1_2026.1_imx900_rpi/fpga/Ti375N1156-DK/ip/efx_csi2_rx_top_rx/efx_csi2_rx_top_rx.sv(255): compiling module 'efx_asyncreg_2989775a3f8f4efd968dc3c318e2a14a' [VERI-1018]
INFO     : /home/steve/video_streaming_10g_demo_v1.4.1_2026.1_imx900_rpi/fpga/Ti375N1156-DK/ip/efx_csi2_rx_top_rx/efx_csi2_rx_top_rx.sv(5588): compiling module '**' [VERI-1018]
INFO     : /home/steve/video_streaming_10g_demo_v1.4.1_2026.1_imx900_rpi/fpga/Ti375N1156-DK/ip/efx_csi2_rx_top_rx/efx_csi2_rx_top_rx.sv(4163): compiling module '**' [VERI-1018]
WARNING  : /home/steve/video_streaming_10g_demo_v1.4.1_2026.1_imx900_rpi/fpga/Ti375N1156-DK/ip/efx_csi2_rx_top_rx/efx_csi2_rx_top_rx.sv(4163): expression size ** truncated to fit in target size ** [VERI-1209]
INFO     : /home/steve/video_streaming_10g_demo_v1.4.1_2026.1_imx900_rpi/fpga/Ti375N1156-DK/ip/efx_csi2_rx_top_rx/efx_csi2_rx_top_rx.sv(4389): compiling module '**' [VERI-1018]
INFO     : /home/steve/video_streaming_10g_demo_v1.4.1_2026.1_imx900_rpi/fpga/Ti375N1156-DK/ip/efx_csi2_rx_top_rx/efx_csi2_rx_top_rx.sv(1740): compiling module '**' [VERI-1018]
WARNING  : /home/steve/video_streaming_10g_demo_v1.4.1_2026.1_imx900_rpi/fpga/Ti375N1156-DK/ip/efx_csi2_rx_top_rx/efx_csi2_rx_top_rx.sv(1740): assignment and/or driver for '**' inside static function '**' is not preserved [VERI-2457]
INFO     : /home/steve/video_streaming_10g_demo_v1.4.1_2026.1_imx900_rpi/fpga/Ti375N1156-DK/ip/efx_csi2_rx_top_rx/efx_csi2_rx_top_rx.sv(5690): compiling module '**' [VERI-1018]
INFO     : /home/steve/video_streaming_10g_demo_v1.4.1_2026.1_imx900_rpi/fpga/Ti375N1156-DK/ip/efx_csi2_rx_top_rx/efx_csi2_rx_top_rx.sv(5711): compiling module 'efx_fifo_top_2989775a3f8f4efd968dc3c318e2a14a(SYNC_CLK=1,MODE="FWFT",DEPTH=16,DATA_WIDTH=8,OPTIONAL_FLAGS=0,PROGRAMMABLE_FULL="NONE",PROG_FULL_ASSERT=16,PROG_FULL_NEGATE=16,PROGRAMMABLE_EMPTY="NONE",PROG_EMPTY_ASSERT=0,PROG_EMPTY_NEGATE=0)' [VERI-1018]
INFO     : /home/steve/video_streaming_10g_demo_v1.4.1_2026.1_imx900_rpi/fpga/Ti375N1156-DK/ip/efx_csi2_rx_top_rx/efx_csi2_rx_top_rx.sv(6500): compiling module 'efx_resetsync_2989775a3f8f4efd968dc3c318e2a14a(ACTIVE_LOW=0)' [VERI-1018]
INFO     : /home/steve/video_streaming_10g_demo_v1.4.1_2026.1_imx900_rpi/fpga/Ti375N1156-DK/ip/efx_csi2_rx_top_rx/efx_csi2_rx_top_rx.sv(255): compiling module 'efx_asyncreg_2989775a3f8f4efd968dc3c318e2a14a(WIDTH=1,ACTIVE_LOW=0,RST_VALUE=1)' [VERI-1018]
INFO     : /home/steve/video_streaming_10g_demo_v1.4.1_2026.1_imx900_rpi/fpga/Ti375N1156-DK/ip/efx_csi2_rx_top_rx/efx_csi2_rx_top_rx.sv(6031): compiling module 'efx_fifo_ram_2989775a3f8f4efd968dc3c318e2a14a(WR_DEPTH=16,RD_DEPTH=16,WADDR_WIDTH=4,RADDR_WIDTH=4,OUTPUT_REG=0,RAM_MUX_RATIO=1)' [VERI-1018]
INFO     : /home/steve/video_streaming_10g_demo_v1.4.1_2026.1_imx900_rpi/fpga/Ti375N1156-DK/ip/efx_csi2_rx_top_rx/efx_csi2_rx_top_rx.sv(6068): extracting RAM for identifier 'ram' [VERI-2571]
INFO     : /home/steve/video_streaming_10g_demo_v1.4.1_2026.1_imx900_rpi/fpga/Ti375N1156-DK/ip/efx_csi2_rx_top_rx/efx_csi2_rx_top_rx.sv(6556): compiling module 'efx_fifo_ctl_2989775a3f8f4efd968dc3c318e2a14a(MODE="FWFT",WR_DEPTH=16,WADDR_WIDTH=4,RADDR_WIDTH=4,ALMOST_FLAG=0,PROG_FULL_ASSERT=16,PROG_FULL_NEGATE=16,HANDSHAKE_FLAG=0,OVERFLOW_PROTECT=1,UNDERFLOW_PROTECT=1)' [VERI-1018]
WARNING  : /home/steve/video_streaming_10g_demo_v1.4.1_2026.1_imx900_rpi/fpga/Ti375N1156-DK/ip/efx_csi2_rx_top_rx/efx_csi2_rx_top_rx.sv(1270): port '**' remains unconnected for this instance [VERI-1927]
INFO     : /home/steve/video_streaming_10g_demo_v1.4.1_2026.1_imx900_rpi/fpga/Ti375N1156-DK/ip/efx_csi2_rx_top_rx/efx_csi2_rx_top_rx.sv(1270): compiling module '**' [VERI-1018]
INFO     : /home/steve/video_streaming_10g_demo_v1.4.1_2026.1_imx900_rpi/fpga/Ti375N1156-DK/ip/efx_csi2_rx_top_rx/efx_csi2_rx_top_rx.sv(255): compiling module 'efx_asyncreg_2989775a3f8f4efd968dc3c318e2a14a(WIDTH=16)' [VERI-1018]
WARNING  : /home/steve/video_streaming_10g_demo_v1.4.1_2026.1_imx900_rpi/fpga/Ti375N1156-DK/ip/efx_csi2_rx_top_rx/efx_csi2_rx_top_rx.sv(1270): expression size ** truncated to fit in target size ** [VERI-1209]
INFO     : /home/steve/video_streaming_10g_demo_v1.4.1_2026.1_imx900_rpi/fpga/Ti375N1156-DK/ip/efx_csi2_rx_top_rx/efx_csi2_rx_top_rx.sv(2586): compiling module '**' [VERI-1018]
INFO     : /home/steve/video_streaming_10g_demo_v1.4.1_2026.1_imx900_rpi/fpga/Ti375N1156-DK/ip/efx_csi2_rx_top_rx/efx_csi2_rx_top_rx.sv(2717): compiling module '**' [VERI-1018]
WARNING  : /home/steve/video_streaming_10g_demo_v1.4.1_2026.1_imx900_rpi/fpga/Ti375N1156-DK/ip/efx_csi2_rx_top_rx/efx_csi2_rx_top_rx.sv(2717): expression size ** truncated to fit in target size ** [VERI-1209]
INFO     : /home/steve/video_streaming_10g_demo_v1.4.1_2026.1_imx900_rpi/fpga/Ti375N1156-DK/ip/efx_csi2_rx_top_rx/efx_csi2_rx_top_rx.sv(2875): compiling module '**' [VERI-1018]
WARNING  : /home/steve/video_streaming_10g_demo_v1.4.1_2026.1_imx900_rpi/fpga/Ti375N1156-DK/ip/efx_csi2_rx_top_rx/efx_csi2_rx_top_rx.sv(2875): expression size ** truncated to fit in target size ** [VERI-1209]
INFO     : /home/steve/video_streaming_10g_demo_v1.4.1_2026.1_imx900_rpi/fpga/Ti375N1156-DK/ip/efx_csi2_rx_top_rx/efx_csi2_rx_top_rx.sv(2954): compiling module '**' [VERI-1018]
WARNING  : /home/steve/video_streaming_10g_demo_v1.4.1_2026.1_imx900_rpi/fpga/Ti375N1156-DK/ip/efx_csi2_rx_top_rx/efx_csi2_rx_top_rx.sv(1270): expression size ** truncated to fit in target size ** [VERI-1209]
INFO     : /home/steve/video_streaming_10g_demo_v1.4.1_2026.1_imx900_rpi/fpga/Ti375N1156-DK/ip/efx_csi2_rx_top_rx/efx_csi2_rx_top_rx.sv(5711): compiling module 'efx_fifo_top_2989775a3f8f4efd968dc3c318e2a14a(MODE="FWFT",DEPTH=8192,DATA_WIDTH=64,OPTIONAL_FLAGS=0,PROGRAMMABLE_FULL="NONE",PROG_FULL_ASSERT=8192,PROG_FULL_NEGATE=8192,PROG_EMPTY_ASSERT=1,PROG_EMPTY_NEGATE=1)' [VERI-1018]
INFO     : /home/steve/video_streaming_10g_demo_v1.4.1_2026.1_imx900_rpi/fpga/Ti375N1156-DK/ip/efx_csi2_rx_top_rx/efx_csi2_rx_top_rx.sv(6031): compiling module 'efx_fifo_ram_2989775a3f8f4efd968dc3c318e2a14a(WR_DEPTH=8192,RD_DEPTH=8192,WDATA_WIDTH=64,RDATA_WIDTH=64,WADDR_WIDTH=13,RADDR_WIDTH=13,OUTPUT_REG=0,RAM_MUX_RATIO=1)' [VERI-1018]
INFO     : /home/steve/video_streaming_10g_demo_v1.4.1_2026.1_imx900_rpi/fpga/Ti375N1156-DK/ip/efx_csi2_rx_top_rx/efx_csi2_rx_top_rx.sv(6068): extracting RAM for identifier 'ram' [VERI-2571]
INFO     : /home/steve/video_streaming_10g_demo_v1.4.1_2026.1_imx900_rpi/fpga/Ti375N1156-DK/ip/efx_csi2_rx_top_rx/efx_csi2_rx_top_rx.sv(6556): compiling module 'efx_fifo_ctl_2989775a3f8f4efd968dc3c318e2a14a(SYNC_CLK=0,MODE="FWFT",WR_DEPTH=8192,WADDR_WIDTH=13,RADDR_WIDTH=13,ALMOST_FLAG=0,PROG_FULL_ASSERT=8192,PROG_FULL_NEGATE=8192,PROGRAMMABLE_EMPTY="STATIC_DUAL",PROG_EMPTY_ASSERT=1,PROG_EMPTY_NEGATE=1,HANDSHAKE_FLAG=0,OVERFLOW_PROTECT=1,UNDERFLOW_PROTECT=1)' [VERI-1018]
INFO     : /home/steve/video_streaming_10g_demo_v1.4.1_2026.1_imx900_rpi/fpga/Ti375N1156-DK/ip/efx_csi2_rx_top_rx/efx_csi2_rx_top_rx.sv(6999): compiling module 'efx_fifo_bin2gray_2989775a3f8f4efd968dc3c318e2a14a(WIDTH=14)' [VERI-1018]
INFO     : /home/steve/video_streaming_10g_demo_v1.4.1_2026.1_imx900_rpi/fpga/Ti375N1156-DK/ip/efx_csi2_rx_top_rx/efx_csi2_rx_top_rx.sv(255): compiling module 'efx_asyncreg_2989775a3f8f4efd968dc3c318e2a14a(WIDTH=14,ACTIVE_LOW=0,OFF_ASSERTION=1)' [VERI-1018]
INFO     : /home/steve/video_streaming_10g_demo_v1.4.1_2026.1_imx900_rpi/fpga/Ti375N1156-DK/ip/efx_csi2_rx_top_rx/efx_csi2_rx_top_rx.sv(6347): compiling module 'efx_fifo_gray2bin_2989775a3f8f4efd968dc3c318e2a14a(WIDTH=14)' [VERI-1018]
INFO     : /home/steve/video_streaming_10g_demo_v1.4.1_2026.1_imx900_rpi/fpga/Ti375N1156-DK/ip/efx_csi2_rx_top_rx/efx_csi2_rx_top_rx.sv(6347): compiling module 'efx_fifo_gray2bin_2989775a3f8f4efd968dc3c318e2a14a(WIDTH=13)' [VERI-1018]
INFO     : /home/steve/video_streaming_10g_demo_v1.4.1_2026.1_imx900_rpi/fpga/Ti375N1156-DK/ip/efx_csi2_rx_top_rx/efx_csi2_rx_top_rx.sv(6347): compiling module 'efx_fifo_gray2bin_2989775a3f8f4efd968dc3c318e2a14a(WIDTH=12)' [VERI-1018]
INFO     : /home/steve/video_streaming_10g_demo_v1.4.1_2026.1_imx900_rpi/fpga/Ti375N1156-DK/ip/efx_csi2_rx_top_rx/efx_csi2_rx_top_rx.sv(6347): compiling module 'efx_fifo_gray2bin_2989775a3f8f4efd968dc3c318e2a14a(WIDTH=11)' [VERI-1018]
INFO     : /home/steve/video_streaming_10g_demo_v1.4.1_2026.1_imx900_rpi/fpga/Ti375N1156-DK/ip/efx_csi2_rx_top_rx/efx_csi2_rx_top_rx.sv(6347): compiling module 'efx_fifo_gray2bin_2989775a3f8f4efd968dc3c318e2a14a(WIDTH=10)' [VERI-1018]
INFO     : /home/steve/video_streaming_10g_demo_v1.4.1_2026.1_imx900_rpi/fpga/Ti375N1156-DK/ip/efx_csi2_rx_top_rx/efx_csi2_rx_top_rx.sv(6347): compiling module 'efx_fifo_gray2bin_2989775a3f8f4efd968dc3c318e2a14a(WIDTH=9)' [VERI-1018]
INFO     : /home/steve/video_streaming_10g_demo_v1.4.1_2026.1_imx900_rpi/fpga/Ti375N1156-DK/ip/efx_csi2_rx_top_rx/efx_csi2_rx_top_rx.sv(6347): compiling module 'efx_fifo_gray2bin_2989775a3f8f4efd968dc3c318e2a14a(WIDTH=8)' [VERI-1018]
INFO     : /home/steve/video_streaming_10g_demo_v1.4.1_2026.1_imx900_rpi/fpga/Ti375N1156-DK/ip/efx_csi2_rx_top_rx/efx_csi2_rx_top_rx.sv(6347): compiling module 'efx_fifo_gray2bin_2989775a3f8f4efd968dc3c318e2a14a(WIDTH=7)' [VERI-1018]
INFO     : /home/steve/video_streaming_10g_demo_v1.4.1_2026.1_imx900_rpi/fpga/Ti375N1156-DK/ip/efx_csi2_rx_top_rx/efx_csi2_rx_top_rx.sv(6347): compiling module 'efx_fifo_gray2bin_2989775a3f8f4efd968dc3c318e2a14a(WIDTH=6)' [VERI-1018]
INFO     : /home/steve/video_streaming_10g_demo_v1.4.1_2026.1_imx900_rpi/fpga/Ti375N1156-DK/ip/efx_csi2_rx_top_rx/efx_csi2_rx_top_rx.sv(6347): compiling module 'efx_fifo_gray2bin_2989775a3f8f4efd968dc3c318e2a14a' [VERI-1018]
INFO     : /home/steve/video_streaming_10g_demo_v1.4.1_2026.1_imx900_rpi/fpga/Ti375N1156-DK/ip/efx_csi2_rx_top_rx/efx_csi2_rx_top_rx.sv(6347): compiling module 'efx_fifo_gray2bin_2989775a3f8f4efd968dc3c318e2a14a(WIDTH=4)' [VERI-1018]
INFO     : /home/steve/video_streaming_10g_demo_v1.4.1_2026.1_imx900_rpi/fpga/Ti375N1156-DK/ip/efx_csi2_rx_top_rx/efx_csi2_rx_top_rx.sv(6347): compiling module 'efx_fifo_gray2bin_2989775a3f8f4efd968dc3c318e2a14a(WIDTH=3)' [VERI-1018]
INFO     : /home/steve/video_streaming_10g_demo_v1.4.1_2026.1_imx900_rpi/fpga/Ti375N1156-DK/ip/efx_csi2_rx_top_rx/efx_csi2_rx_top_rx.sv(6347): compiling module 'efx_fifo_gray2bin_2989775a3f8f4efd968dc3c318e2a14a(WIDTH=2)' [VERI-1018]
WARNING  : /home/steve/video_streaming_10g_demo_v1.4.1_2026.1_imx900_rpi/rtl/udp_video_generator.sv(316): actual bit length 4 differs from formal bit length 2 for port 'RxClkEsc' [VERI-1330]
WARNING  : /home/steve/video_streaming_10g_demo_v1.4.1_2026.1_imx900_rpi/rtl/udp_video_generator.sv(319): actual bit length 4 differs from formal bit length 2 for port 'RxErrEsc' [VERI-1330]
WARNING  : /home/steve/video_streaming_10g_demo_v1.4.1_2026.1_imx900_rpi/rtl/udp_video_generator.sv(320): actual bit length 4 differs from formal bit length 2 for port 'RxErrControl' [VERI-1330]
WARNING  : /home/steve/video_streaming_10g_demo_v1.4.1_2026.1_imx900_rpi/rtl/udp_video_generator.sv(321): actual bit length 4 differs from formal bit length 2 for port 'RxErrSotSyncHS' [VERI-1330]
WARNING  : /home/steve/video_streaming_10g_demo_v1.4.1_2026.1_imx900_rpi/rtl/udp_video_generator.sv(322): actual bit length 4 differs from formal bit length 2 for port 'RxUlpsEsc' [VERI-1330]
WARNING  : /home/steve/video_streaming_10g_demo_v1.4.1_2026.1_imx900_rpi/rtl/udp_video_generator.sv(323): actual bit length 4 differs from formal bit length 2 for port 'RxUlpsActiveNot' [VERI-1330]
WARNING  : /home/steve/video_streaming_10g_demo_v1.4.1_2026.1_imx900_rpi/rtl/udp_video_generator.sv(324): actual bit length 4 differs from formal bit length 2 for port 'RxSkewCalHS' [VERI-1330]
WARNING  : /home/steve/video_streaming_10g_demo_v1.4.1_2026.1_imx900_rpi/rtl/udp_video_generator.sv(325): actual bit length 4 differs from formal bit length 2 for port 'RxStopState' [VERI-1330]
WARNING  : /home/steve/video_streaming_10g_demo_v1.4.1_2026.1_imx900_rpi/rtl/udp_video_generator.sv(326): actual bit length 4 differs from formal bit length 2 for port 'RxSyncHS' [VERI-1330]
WARNING  : /home/steve/video_streaming_10g_demo_v1.4.1_2026.1_imx900_rpi/rtl/udp_video_generator.sv(346): actual bit length 1 differs from formal bit length 6 for port 'axi_awaddr' [VERI-1330]
WARNING  : /home/steve/video_streaming_10g_demo_v1.4.1_2026.1_imx900_rpi/rtl/udp_video_generator.sv(349): actual bit length 1 differs from formal bit length 32 for port 'axi_wdata' [VERI-1330]
WARNING  : /home/steve/video_streaming_10g_demo_v1.4.1_2026.1_imx900_rpi/rtl/udp_video_generator.sv(354): actual bit length 1 differs from formal bit length 6 for port 'axi_araddr' [VERI-1330]
WARNING  : /home/steve/video_streaming_10g_demo_v1.4.1_2026.1_imx900_rpi/rtl/udp_video_generator.sv(357): actual bit length 1 differs from formal bit length 32 for port 'axi_rdata' [VERI-1330]
WARNING  : /home/steve/video_streaming_10g_demo_v1.4.1_2026.1_imx900_rpi/rtl/udp_video_generator.sv(415): expression size 14 truncated to fit in target size 13 [VERI-1209]
INFO     : /home/steve/video_streaming_10g_demo_v1.4.1_2026.1_imx900_rpi/rtl/lib/common/vga_gen_dynamic.v(1): compiling module 'vga_gen_dynamic(PW=16)' [VERI-1018]
WARNING  : /home/steve/video_streaming_10g_demo_v1.4.1_2026.1_imx900_rpi/rtl/lib/common/vga_gen_dynamic.v(148): expression size 16 truncated to fit in target size 3 [VERI-1209]
WARNING  : /home/steve/video_streaming_10g_demo_v1.4.1_2026.1_imx900_rpi/rtl/udp_video_generator.sv(468): actual bit length 32 differs from formal bit length 16 for port 'start_delay' [VERI-1330]
INFO     : /home/steve/video_streaming_10g_demo_v1.4.1_2026.1_imx900_rpi/rtl/lib/common/frame_buffer_512/frame_buffer_512.v(2): compiling module 'frame_buffer_512' [VERI-1018]
INFO     : /home/steve/video_streaming_10g_demo_v1.4.1_2026.1_imx900_rpi/rtl/lib/common/frame_buffer_512/frame_buffer_sel.sv(2): compiling module 'frame_buffer_sel' [VERI-1018]
WARNING  : /home/steve/video_streaming_10g_demo_v1.4.1_2026.1_imx900_rpi/rtl/lib/common/frame_buffer_512/frame_buffer_sel.sv(52): expression size 3 truncated to fit in target size 2 [VERI-1209]
WARNING  : /home/steve/video_streaming_10g_demo_v1.4.1_2026.1_imx900_rpi/rtl/lib/common/frame_buffer_512/frame_buffer_sel.sv(80): expression size 17 truncated to fit in target size 16 [VERI-1209]
WARNING  : /home/steve/video_streaming_10g_demo_v1.4.1_2026.1_imx900_rpi/rtl/lib/common/frame_buffer_512/frame_buffer_sel.sv(85): expression size 17 truncated to fit in target size 16 [VERI-1209]
WARNING  : /home/steve/video_streaming_10g_demo_v1.4.1_2026.1_imx900_rpi/rtl/lib/common/frame_buffer_512/frame_buffer_sel.sv(95): expression size 17 truncated to fit in target size 16 [VERI-1209]
WARNING  : /home/steve/video_streaming_10g_demo_v1.4.1_2026.1_imx900_rpi/rtl/lib/common/frame_buffer_512/rd_address_decoder_512.sv(281): port 'empty' remains unconnected for this instance [VERI-1927]
INFO     : /home/steve/video_streaming_10g_demo_v1.4.1_2026.1_imx900_rpi/rtl/lib/common/frame_buffer_512/rd_address_decoder_512.sv(1): compiling module 'rd_address_decoder_512' [VERI-1018]
INFO     : /home/steve/video_streaming_10g_demo_v1.4.1_2026.1_imx900_rpi/rtl/lib/common/simple_dual_port_ram.sv(14): compiling module 'simple_dual_port_ram(DATA_WIDTH=512,ADDR_WIDTH=8)' [VERI-1018]
INFO     : /home/steve/video_streaming_10g_demo_v1.4.1_2026.1_imx900_rpi/rtl/lib/common/simple_dual_port_ram.sv(32): extracting RAM for identifier 'ram' [VERI-2571]
INFO     : /home/steve/video_streaming_10g_demo_v1.4.1_2026.1_imx900_rpi/rtl/lib/common/shift_reg.v(1): compiling module 'shift_reg(D_WIDTH=4,TAPE=4)' [VERI-1018]
INFO     : /home/steve/video_streaming_10g_demo_v1.4.1_2026.1_imx900_rpi/rtl/lib/common/frame_buffer_512/fifo.v(6): compiling module 'fifo(DATA_WIDTH=4,ADDR_WIDTH=14)' [VERI-1018]
WARNING  : /home/steve/video_streaming_10g_demo_v1.4.1_2026.1_imx900_rpi/rtl/lib/common/frame_buffer_512/fifo.v(60): expression size 15 truncated to fit in target size 14 [VERI-1209]
WARNING  : /home/steve/video_streaming_10g_demo_v1.4.1_2026.1_imx900_rpi/rtl/lib/common/frame_buffer_512/fifo.v(69): expression size 15 truncated to fit in target size 14 [VERI-1209]
WARNING  : /home/steve/video_streaming_10g_demo_v1.4.1_2026.1_imx900_rpi/rtl/lib/common/frame_buffer_512/fifo.v(91): expression size 32 truncated to fit in target size 15 [VERI-1209]
WARNING  : /home/steve/video_streaming_10g_demo_v1.4.1_2026.1_imx900_rpi/rtl/lib/common/frame_buffer_512/fifo.v(95): expression size 16 truncated to fit in target size 15 [VERI-1209]
INFO     : /home/steve/video_streaming_10g_demo_v1.4.1_2026.1_imx900_rpi/rtl/lib/common/frame_buffer_512/vga_buffer.v(1): compiling module 'vga_buffer(DATA_WIDTH=4,ADDR_WIDTH=14,RAM_DEPTH=16384)' [VERI-1018]
INFO     : /home/steve/video_streaming_10g_demo_v1.4.1_2026.1_imx900_rpi/rtl/lib/common/frame_buffer_512/vga_buffer.v(31): extracting RAM for identifier 'mem' [VERI-2571]
WARNING  : /home/steve/video_streaming_10g_demo_v1.4.1_2026.1_imx900_rpi/rtl/lib/common/frame_buffer_512/frame_buffer_512.v(234): actual bit length 13 differs from formal bit length 12 for port 'x_win' [VERI-1330]
WARNING  : /home/steve/video_streaming_10g_demo_v1.4.1_2026.1_imx900_rpi/rtl/lib/common/frame_buffer_512/frame_buffer_512.v(235): actual bit length 13 differs from formal bit length 12 for port 'x_start' [VERI-1330]
WARNING  : /home/steve/video_streaming_10g_demo_v1.4.1_2026.1_imx900_rpi/rtl/lib/common/frame_buffer_512/frame_buffer_512.v(236): actual bit length 13 differs from formal bit length 12 for port 'y_win' [VERI-1330]
WARNING  : /home/steve/video_streaming_10g_demo_v1.4.1_2026.1_imx900_rpi/rtl/lib/common/frame_buffer_512/frame_buffer_512.v(237): actual bit length 13 differs from formal bit length 12 for port 'y_start' [VERI-1330]
WARNING  : /home/steve/video_streaming_10g_demo_v1.4.1_2026.1_imx900_rpi/rtl/lib/common/frame_buffer_512/frame_buffer_512.v(278): actual bit length 13 differs from formal bit length 12 for port 'x_win' [VERI-1330]
WARNING  : /home/steve/video_streaming_10g_demo_v1.4.1_2026.1_imx900_rpi/rtl/lib/common/frame_buffer_512/frame_buffer_512.v(279): actual bit length 13 differs from formal bit length 12 for port 'x_start' [VERI-1330]
WARNING  : /home/steve/video_streaming_10g_demo_v1.4.1_2026.1_imx900_rpi/rtl/lib/common/frame_buffer_512/frame_buffer_512.v(280): actual bit length 13 differs from formal bit length 12 for port 'y_win' [VERI-1330]
WARNING  : /home/steve/video_streaming_10g_demo_v1.4.1_2026.1_imx900_rpi/rtl/lib/common/frame_buffer_512/frame_buffer_512.v(281): actual bit length 13 differs from formal bit length 12 for port 'y_start' [VERI-1330]
INFO     : /home/steve/video_streaming_10g_demo_v1.4.1_2026.1_imx900_rpi/rtl/lib/common/frame_buffer_512/wr_address_decoder_512.sv(1): compiling module 'wr_address_decoder_512' [VERI-1018]
INFO     : /home/steve/video_streaming_10g_demo_v1.4.1_2026.1_imx900_rpi/rtl/lib/common/simple_dual_port_ram.sv(14): compiling module 'simple_dual_port_ram(DATA_WIDTH=32,ADDR_WIDTH=7,OUTPUT_REG="FALSE")' [VERI-1018]
INFO     : /home/steve/video_streaming_10g_demo_v1.4.1_2026.1_imx900_rpi/rtl/lib/common/simple_dual_port_ram.sv(32): extracting RAM for identifier 'ram' [VERI-2571]
WARNING  : /home/steve/video_streaming_10g_demo_v1.4.1_2026.1_imx900_rpi/rtl/lib/common/frame_buffer_512/frame_buffer_512.v(327): actual bit length 13 differs from formal bit length 12 for port 'x_win' [VERI-1330]
WARNING  : /home/steve/video_streaming_10g_demo_v1.4.1_2026.1_imx900_rpi/rtl/lib/common/frame_buffer_512/frame_buffer_512.v(328): actual bit length 13 differs from formal bit length 12 for port 'x_start' [VERI-1330]
WARNING  : /home/steve/video_streaming_10g_demo_v1.4.1_2026.1_imx900_rpi/rtl/lib/common/frame_buffer_512/frame_buffer_512.v(329): actual bit length 13 differs from formal bit length 12 for port 'y_win' [VERI-1330]
WARNING  : /home/steve/video_streaming_10g_demo_v1.4.1_2026.1_imx900_rpi/rtl/lib/common/frame_buffer_512/frame_buffer_512.v(330): actual bit length 13 differs from formal bit length 12 for port 'y_start' [VERI-1330]
WARNING  : /home/steve/video_streaming_10g_demo_v1.4.1_2026.1_imx900_rpi/rtl/lib/common/frame_buffer_512/frame_buffer_512.v(332): actual bit length 32 differs from formal bit length 12 for port 'in_x_wr' [VERI-1330]
WARNING  : /home/steve/video_streaming_10g_demo_v1.4.1_2026.1_imx900_rpi/rtl/lib/common/frame_buffer_512/frame_buffer_512.v(333): actual bit length 32 differs from formal bit length 12 for port 'in_y_wr' [VERI-1330]
WARNING  : /home/steve/video_streaming_10g_demo_v1.4.1_2026.1_imx900_rpi/rtl/lib/common/frame_buffer_512/frame_buffer_512.v(369): actual bit length 13 differs from formal bit length 12 for port 'x_win' [VERI-1330]
WARNING  : /home/steve/video_streaming_10g_demo_v1.4.1_2026.1_imx900_rpi/rtl/lib/common/frame_buffer_512/frame_buffer_512.v(370): actual bit length 13 differs from formal bit length 12 for port 'x_start' [VERI-1330]
WARNING  : /home/steve/video_streaming_10g_demo_v1.4.1_2026.1_imx900_rpi/rtl/lib/common/frame_buffer_512/frame_buffer_512.v(371): actual bit length 13 differs from formal bit length 12 for port 'y_win' [VERI-1330]
WARNING  : /home/steve/video_streaming_10g_demo_v1.4.1_2026.1_imx900_rpi/rtl/lib/common/frame_buffer_512/frame_buffer_512.v(372): actual bit length 13 differs from formal bit length 12 for port 'y_start' [VERI-1330]
WARNING  : /home/steve/video_streaming_10g_demo_v1.4.1_2026.1_imx900_rpi/rtl/lib/common/frame_buffer_512/frame_buffer_512.v(374): actual bit length 32 differs from formal bit length 12 for port 'in_x_wr' [VERI-1330]
WARNING  : /home/steve/video_streaming_10g_demo_v1.4.1_2026.1_imx900_rpi/rtl/lib/common/frame_buffer_512/frame_buffer_512.v(375): actual bit length 32 differs from formal bit length 12 for port 'in_y_wr' [VERI-1330]
INFO     : /home/steve/video_streaming_10g_demo_v1.4.1_2026.1_imx900_rpi/rtl/lib/common/frame_buffer_512/Axi4_2x512_1x512.v(6): compiling module 'Axi4_2x512_1x512' [VERI-1018]
INFO     : /home/steve/video_streaming_10g_demo_v1.4.1_2026.1_imx900_rpi/rtl/lib/common/frame_buffer_512/Axi4_2x512_1x512.v(1502): compiling module 'Axi4ReadOnlyDecoder' [VERI-1018]
INFO     : /home/steve/video_streaming_10g_demo_v1.4.1_2026.1_imx900_rpi/rtl/lib/common/frame_buffer_512/Axi4_2x512_1x512.v(1310): compiling module 'Axi4WriteOnlyDecoder' [VERI-1018]
INFO     : /home/steve/video_streaming_10g_demo_v1.4.1_2026.1_imx900_rpi/rtl/lib/common/frame_buffer_512/Axi4_2x512_1x512.v(1164): compiling module 'Axi4ReadOnlyArbiter' [VERI-1018]
INFO     : /home/steve/video_streaming_10g_demo_v1.4.1_2026.1_imx900_rpi/rtl/lib/common/frame_buffer_512/Axi4_2x512_1x512.v(1882): compiling module 'StreamArbiter' [VERI-1018]
INFO     : /home/steve/video_streaming_10g_demo_v1.4.1_2026.1_imx900_rpi/rtl/lib/common/frame_buffer_512/Axi4_2x512_1x512.v(911): compiling module 'Axi4WriteOnlyArbiter' [VERI-1018]
INFO     : /home/steve/video_streaming_10g_demo_v1.4.1_2026.1_imx900_rpi/rtl/lib/common/frame_buffer_512/Axi4_2x512_1x512.v(1785): compiling module 'StreamFork' [VERI-1018]
INFO     : /home/steve/video_streaming_10g_demo_v1.4.1_2026.1_imx900_rpi/rtl/lib/common/frame_buffer_512/Axi4_2x512_1x512.v(1629): compiling module 'StreamFifoLowLatency' [VERI-1018]
INFO     : /home/steve/video_streaming_10g_demo_v1.4.1_2026.1_imx900_rpi/rtl/lib/common/frame_buffer_512/Axi4_2x512_1x512.v(1671): extracting RAM for identifier 'ram' [VERI-2571]
WARNING  : /home/steve/video_streaming_10g_demo_v1.4.1_2026.1_imx900_rpi/rtl/lib/common/frame_buffer_512/frame_buffer_512.v(215): input port 'wr_vsync' remains unconnected for this instance [VDB-1053]
WARNING  : /home/steve/video_streaming_10g_demo_v1.4.1_2026.1_imx900_rpi/rtl/udp_video_generator.sv(483): actual bit length 16 differs from formal bit length 13 for port 'x_win_wr_0' [VERI-1330]
WARNING  : /home/steve/video_streaming_10g_demo_v1.4.1_2026.1_imx900_rpi/rtl/udp_video_generator.sv(484): actual bit length 16 differs from formal bit length 13 for port 'x_win_wr_1' [VERI-1330]
WARNING  : /home/steve/video_streaming_10g_demo_v1.4.1_2026.1_imx900_rpi/rtl/udp_video_generator.sv(485): actual bit length 16 differs from formal bit length 13 for port 'x_win_rd_0' [VERI-1330]
WARNING  : /home/steve/video_streaming_10g_demo_v1.4.1_2026.1_imx900_rpi/rtl/udp_video_generator.sv(486): actual bit length 16 differs from formal bit length 13 for port 'x_win_rd_1' [VERI-1330]
WARNING  : /home/steve/video_streaming_10g_demo_v1.4.1_2026.1_imx900_rpi/rtl/udp_video_generator.sv(491): actual bit length 16 differs from formal bit length 13 for port 'y_win_wr_0' [VERI-1330]
WARNING  : /home/steve/video_streaming_10g_demo_v1.4.1_2026.1_imx900_rpi/rtl/udp_video_generator.sv(492): actual bit length 32 differs from formal bit length 13 for port 'y_win_wr_1' [VERI-1330]
WARNING  : /home/steve/video_streaming_10g_demo_v1.4.1_2026.1_imx900_rpi/rtl/udp_video_generator.sv(493): actual bit length 16 differs from formal bit length 13 for port 'y_win_rd_0' [VERI-1330]
WARNING  : /home/steve/video_streaming_10g_demo_v1.4.1_2026.1_imx900_rpi/rtl/udp_video_generator.sv(494): actual bit length 16 differs from formal bit length 13 for port 'y_win_rd_1' [VERI-1330]
WARNING  : /home/steve/video_streaming_10g_demo_v1.4.1_2026.1_imx900_rpi/rtl/udp_video_generator.sv(540): actual bit length 32 differs from formal bit length 13 for port 'in_1_x_wr' [VERI-1330]
WARNING  : /home/steve/video_streaming_10g_demo_v1.4.1_2026.1_imx900_rpi/rtl/udp_video_generator.sv(541): actual bit length 32 differs from formal bit length 13 for port 'in_1_y_wr' [VERI-1330]
WARNING  : /home/steve/video_streaming_10g_demo_v1.4.1_2026.1_imx900_rpi/rtl/udp_video_generator.sv(542): actual bit length 32 differs from formal bit length 1 for port 'in_1_wr_en' [VERI-1330]
WARNING  : /home/steve/video_streaming_10g_demo_v1.4.1_2026.1_imx900_rpi/rtl/udp_video_generator.sv(543): actual bit length 32 differs from formal bit length 1 for port 'in_1_hs' [VERI-1330]
WARNING  : /home/steve/video_streaming_10g_demo_v1.4.1_2026.1_imx900_rpi/rtl/udp_video_generator.sv(544): actual bit length 32 differs from formal bit length 1 for port 'in_1_vs' [VERI-1330]
WARNING  : /home/steve/video_streaming_10g_demo_v1.4.1_2026.1_imx900_rpi/rtl/udp_video_generator.sv(545): actual bit length 32 differs from formal bit length 8 for port 'in_1_wr_00' [VERI-1330]
WARNING  : /home/steve/video_streaming_10g_demo_v1.4.1_2026.1_imx900_rpi/rtl/udp_video_generator.sv(546): actual bit length 32 differs from formal bit length 8 for port 'in_1_wr_01' [VERI-1330]
WARNING  : /home/steve/video_streaming_10g_demo_v1.4.1_2026.1_imx900_rpi/rtl/udp_video_generator.sv(547): actual bit length 32 differs from formal bit length 8 for port 'in_1_wr_10' [VERI-1330]
WARNING  : /home/steve/video_streaming_10g_demo_v1.4.1_2026.1_imx900_rpi/rtl/udp_video_generator.sv(548): actual bit length 32 differs from formal bit length 8 for port 'in_1_wr_11' [VERI-1330]
WARNING  : /home/steve/video_streaming_10g_demo_v1.4.1_2026.1_imx900_rpi/rtl/udp_video_generator.sv(555): actual bit length 32 differs from formal bit length 1 for port 'in_1_de' [VERI-1330]
WARNING  : /home/steve/video_streaming_10g_demo_v1.4.1_2026.1_imx900_rpi/rtl/udp_video_generator.sv(556): actual bit length 32 differs from formal bit length 1 for port 'in_1_valid' [VERI-1330]
WARNING  : /home/steve/video_streaming_10g_demo_v1.4.1_2026.1_imx900_rpi/rtl/udp_video_generator.sv(557): actual bit length 32 differs from formal bit length 1 for port 'in_1_hsync' [VERI-1330]
WARNING  : /home/steve/video_streaming_10g_demo_v1.4.1_2026.1_imx900_rpi/rtl/udp_video_generator.sv(558): actual bit length 32 differs from formal bit length 1 for port 'in_1_vsync' [VERI-1330]
WARNING  : /home/steve/video_streaming_10g_demo_v1.4.1_2026.1_imx900_rpi/rtl/udp_video_generator.sv(586): expression size 14 truncated to fit in target size 13 [VERI-1209]
INFO     : /home/steve/video_streaming_10g_demo_v1.4.1_2026.1_imx900_rpi/rtl/apb3_slave_video.sv(22): compiling module 'apb3_slave_video' [VERI-1018]
WARNING  : /home/steve/video_streaming_10g_demo_v1.4.1_2026.1_imx900_rpi/rtl/apb3_slave_video.sv(183): expression size 32 truncated to fit in target size 16 [VERI-1209]
WARNING  : /home/steve/video_streaming_10g_demo_v1.4.1_2026.1_imx900_rpi/rtl/apb3_slave_video.sv(184): expression size 32 truncated to fit in target size 16 [VERI-1209]
WARNING  : /home/steve/video_streaming_10g_demo_v1.4.1_2026.1_imx900_rpi/rtl/apb3_slave_video.sv(185): expression size 32 truncated to fit in target size 16 [VERI-1209]
WARNING  : /home/steve/video_streaming_10g_demo_v1.4.1_2026.1_imx900_rpi/rtl/apb3_slave_video.sv(186): expression size 32 truncated to fit in target size 16 [VERI-1209]
WARNING  : /home/steve/video_streaming_10g_demo_v1.4.1_2026.1_imx900_rpi/rtl/apb3_slave_video.sv(187): expression size 32 truncated to fit in target size 16 [VERI-1209]
WARNING  : /home/steve/video_streaming_10g_demo_v1.4.1_2026.1_imx900_rpi/rtl/apb3_slave_video.sv(188): expression size 32 truncated to fit in target size 16 [VERI-1209]
WARNING  : /home/steve/video_streaming_10g_demo_v1.4.1_2026.1_imx900_rpi/rtl/apb3_slave_video.sv(189): expression size 32 truncated to fit in target size 16 [VERI-1209]
WARNING  : /home/steve/video_streaming_10g_demo_v1.4.1_2026.1_imx900_rpi/rtl/apb3_slave_video.sv(190): expression size 32 truncated to fit in target size 16 [VERI-1209]
WARNING  : /home/steve/video_streaming_10g_demo_v1.4.1_2026.1_imx900_rpi/rtl/apb3_slave_video.sv(191): expression size 32 truncated to fit in target size 16 [VERI-1209]
WARNING  : /home/steve/video_streaming_10g_demo_v1.4.1_2026.1_imx900_rpi/rtl/apb3_slave_video.sv(192): expression size 32 truncated to fit in target size 16 [VERI-1209]
WARNING  : /home/steve/video_streaming_10g_demo_v1.4.1_2026.1_imx900_rpi/rtl/apb3_slave_video.sv(197): expression size 32 truncated to fit in target size 16 [VERI-1209]
WARNING  : /home/steve/video_streaming_10g_demo_v1.4.1_2026.1_imx900_rpi/rtl/apb3_slave_video.sv(198): expression size 32 truncated to fit in target size 16 [VERI-1209]
WARNING  : /home/steve/video_streaming_10g_demo_v1.4.1_2026.1_imx900_rpi/rtl/apb3_slave_video.sv(199): expression size 32 truncated to fit in target size 16 [VERI-1209]
WARNING  : /home/steve/video_streaming_10g_demo_v1.4.1_2026.1_imx900_rpi/rtl/apb3_slave_video.sv(200): expression size 32 truncated to fit in target size 8 [VERI-1209]
WARNING  : /home/steve/video_streaming_10g_demo_v1.4.1_2026.1_imx900_rpi/rtl/udp_video_generator.sv(598): actual bit length 16 differs from formal bit length 10 for port 'PADDR' [VERI-1330]
WARNING  : /home/steve/video_streaming_10g_demo_v1.4.1_2026.1_imx900_rpi/rtl/udp_video_generator.sv(609): actual bit length 8 differs from formal bit length 32 for port 'override_exposure' [VERI-1330]
WARNING  : /home/steve/video_streaming_10g_demo_v1.4.1_2026.1_imx900_rpi/rtl/udp_video_generator.sv(610): actual bit length 8 differs from formal bit length 32 for port 'override_gain_r' [VERI-1330]
WARNING  : /home/steve/video_streaming_10g_demo_v1.4.1_2026.1_imx900_rpi/rtl/udp_video_generator.sv(611): actual bit length 8 differs from formal bit length 32 for port 'override_gain_g' [VERI-1330]
WARNING  : /home/steve/video_streaming_10g_demo_v1.4.1_2026.1_imx900_rpi/rtl/udp_video_generator.sv(612): actual bit length 8 differs from formal bit length 32 for port 'override_gain_b' [VERI-1330]
WARNING  : /home/steve/video_streaming_10g_demo_v1.4.1_2026.1_imx900_rpi/rtl/udp_video_generator.sv(613): actual bit length 10 differs from formal bit length 32 for port 'gain_r' [VERI-1330]
WARNING  : /home/steve/video_streaming_10g_demo_v1.4.1_2026.1_imx900_rpi/rtl/udp_video_generator.sv(614): actual bit length 10 differs from formal bit length 32 for port 'gain_g' [VERI-1330]
WARNING  : /home/steve/video_streaming_10g_demo_v1.4.1_2026.1_imx900_rpi/rtl/udp_video_generator.sv(615): actual bit length 10 differs from formal bit length 32 for port 'gain_b' [VERI-1330]
WARNING  : /home/steve/video_streaming_10g_demo_v1.4.1_2026.1_imx900_rpi/rtl/udp_video_generator.sv(616): actual bit length 8 differs from formal bit length 32 for port 'offset_r' [VERI-1330]
WARNING  : /home/steve/video_streaming_10g_demo_v1.4.1_2026.1_imx900_rpi/rtl/udp_video_generator.sv(617): actual bit length 8 differs from formal bit length 32 for port 'offset_g' [VERI-1330]
WARNING  : /home/steve/video_streaming_10g_demo_v1.4.1_2026.1_imx900_rpi/rtl/udp_video_generator.sv(618): actual bit length 8 differs from formal bit length 32 for port 'offset_b' [VERI-1330]
WARNING  : /home/steve/video_streaming_10g_demo_v1.4.1_2026.1_imx900_rpi/rtl/lib/common/raw2rgb.sv(492): port 'empty' remains unconnected for this instance [VERI-1927]
INFO     : /home/steve/video_streaming_10g_demo_v1.4.1_2026.1_imx900_rpi/rtl/lib/common/raw2rgb.sv(20): compiling module 'raw2rgb(MAX_HRES=3840,MAX_VRES=2160,MAX_HTOTAL=4400,MAX_VTOTAL=2250)' [VERI-1018]
WARNING  : /home/steve/video_streaming_10g_demo_v1.4.1_2026.1_imx900_rpi/rtl/lib/common/raw2rgb.sv(201): expression size 4 truncated to fit in target size 3 [VERI-1209]
WARNING  : /home/steve/video_streaming_10g_demo_v1.4.1_2026.1_imx900_rpi/rtl/lib/common/raw2rgb.sv(276): expression size 11 truncated to fit in target size 10 [VERI-1209]
WARNING  : /home/steve/video_streaming_10g_demo_v1.4.1_2026.1_imx900_rpi/rtl/lib/common/raw2rgb.sv(285): expression size 2 truncated to fit in target size 1 [VERI-1209]
WARNING  : /home/steve/video_streaming_10g_demo_v1.4.1_2026.1_imx900_rpi/rtl/lib/common/raw2rgb.sv(287): expression size 3 truncated to fit in target size 2 [VERI-1209]
WARNING  : /home/steve/video_streaming_10g_demo_v1.4.1_2026.1_imx900_rpi/rtl/lib/common/raw2rgb.sv(314): expression size 13 truncated to fit in target size 12 [VERI-1209]
WARNING  : /home/steve/video_streaming_10g_demo_v1.4.1_2026.1_imx900_rpi/rtl/lib/common/raw2rgb.sv(320): expression size 13 truncated to fit in target size 12 [VERI-1209]
WARNING  : /home/steve/video_streaming_10g_demo_v1.4.1_2026.1_imx900_rpi/rtl/lib/common/raw2rgb.sv(373): expression size 12 truncated to fit in target size 11 [VERI-1209]
WARNING  : /home/steve/video_streaming_10g_demo_v1.4.1_2026.1_imx900_rpi/rtl/lib/common/raw2rgb.sv(397): expression size 12 truncated to fit in target size 11 [VERI-1209]
WARNING  : /home/steve/video_streaming_10g_demo_v1.4.1_2026.1_imx900_rpi/rtl/lib/common/raw2rgb.sv(353): expression size 13 truncated to fit in target size 12 [VERI-1209]
INFO     : /home/steve/video_streaming_10g_demo_v1.4.1_2026.1_imx900_rpi/rtl/lib/common/simple_dual_port_ram_asym.sv(14): compiling module 'simple_dual_port_ram_asym(WR_ADDR_WIDTH=11,WR_DATA_WIDTH=32,RD_ADDR_WIDTH=12,RD_DATA_WIDTH=16,OUTPUT_REG="FALSE")' [VERI-1018]
INFO     : /home/steve/video_streaming_10g_demo_v1.4.1_2026.1_imx900_rpi/rtl/lib/common/simple_dual_port_ram_asym.sv(37): extracting RAM for identifier 'ram' [VERI-2571]
WARNING  : /home/steve/video_streaming_10g_demo_v1.4.1_2026.1_imx900_rpi/rtl/udp_video_generator.sv(662): actual bit length 13 differs from formal bit length 12 for port 'o_x_cnt' [VERI-1330]
WARNING  : /home/steve/video_streaming_10g_demo_v1.4.1_2026.1_imx900_rpi/rtl/udp_video_generator.sv(663): actual bit length 13 differs from formal bit length 12 for port 'o_y_cnt' [VERI-1330]
INFO     : /home/steve/video_streaming_10g_demo_v1.4.1_2026.1_imx900_rpi/rtl/lib/common/gain.sv(7): compiling module 'gain' [VERI-1018]
WARNING  : /home/steve/video_streaming_10g_demo_v1.4.1_2026.1_imx900_rpi/rtl/ethernet_core.sv(652): port 's_axis_tid' remains unconnected for this instance [VERI-1927]
WARNING  : /home/steve/video_streaming_10g_demo_v1.4.1_2026.1_imx900_rpi/rtl/ethernet_core.sv(889): port 'pause_req' remains unconnected for this instance [VERI-1927]
INFO     : /home/steve/video_streaming_10g_demo_v1.4.1_2026.1_imx900_rpi/rtl/ethernet_core.sv(3): compiling module 'ethernet_core(PW=32)' [VERI-1018]
WARNING  : /home/steve/video_streaming_10g_demo_v1.4.1_2026.1_imx900_rpi/rtl/ethernet_core.sv(323): expression size 13 truncated to fit in target size 12 [VERI-1209]
WARNING  : /home/steve/video_streaming_10g_demo_v1.4.1_2026.1_imx900_rpi/rtl/ethernet_core.sv(353): expression size 3 truncated to fit in target size 2 [VERI-1209]
WARNING  : /home/steve/video_streaming_10g_demo_v1.4.1_2026.1_imx900_rpi/rtl/line_to_packets.sv(315): port 'a_wr_rst_i' remains unconnected for this instance [VERI-1927]
WARNING  : /home/steve/video_streaming_10g_demo_v1.4.1_2026.1_imx900_rpi/rtl/line_to_packets.sv(348): port 'a_wr_rst_i' remains unconnected for this instance [VERI-1927]
INFO     : /home/steve/video_streaming_10g_demo_v1.4.1_2026.1_imx900_rpi/rtl/line_to_packets.sv(2): compiling module 'line_to_packets(DEPTH=16384,KEEP_WIDTH=8)' [VERI-1018]
WARNING  : /home/steve/video_streaming_10g_demo_v1.4.1_2026.1_imx900_rpi/rtl/line_to_packets.sv(110): expression size 17 truncated to fit in target size 16 [VERI-1209]
WARNING  : /home/steve/video_streaming_10g_demo_v1.4.1_2026.1_imx900_rpi/rtl/line_to_packets.sv(127): expression size 17 truncated to fit in target size 16 [VERI-1209]
WARNING  : /home/steve/video_streaming_10g_demo_v1.4.1_2026.1_imx900_rpi/rtl/line_to_packets.sv(213): expression size 20 truncated to fit in target size 16 [VERI-1209]
WARNING  : /home/steve/video_streaming_10g_demo_v1.4.1_2026.1_imx900_rpi/rtl/line_to_packets.sv(234): expression size 17 truncated to fit in target size 16 [VERI-1209]
WARNING  : /home/steve/video_streaming_10g_demo_v1.4.1_2026.1_imx900_rpi/rtl/line_to_packets.sv(244): expression size 17 truncated to fit in target size 16 [VERI-1209]
WARNING  : /home/steve/video_streaming_10g_demo_v1.4.1_2026.1_imx900_rpi/rtl/line_to_packets.sv(245): expression size 17 truncated to fit in target size 16 [VERI-1209]
WARNING  : /home/steve/video_streaming_10g_demo_v1.4.1_2026.1_imx900_rpi/rtl/line_to_packets.sv(268): expression size 17 truncated to fit in target size 16 [VERI-1209]
INFO     : /home/steve/video_streaming_10g_demo_v1.4.1_2026.1_imx900_rpi/rtl/efx_fifo_top_custom.v(327): compiling module 'efx_fifo_top_custom(FAMILY="TITANIUM",DEPTH=16384,DATA_WIDTH=64,OPTIONAL_FLAGS=0,PROGRAMMABLE_FULL="NONE",PROG_FULL_ASSERT=128,PROG_FULL_NEGATE=128,PROGRAMMABLE_EMPTY="NONE",PROG_EMPTY_ASSERT=0,PROG_EMPTY_NEGATE=2)' [VERI-1018]
INFO     : /home/steve/video_streaming_10g_demo_v1.4.1_2026.1_imx900_rpi/rtl/efx_fifo_top_custom.v(617): compiling module 'efx_fifo_ram_custom(FAMILY="TITANIUM",WR_DEPTH=16384,RD_DEPTH=16384,WDATA_WIDTH=64,RDATA_WIDTH=64,WADDR_WIDTH=14,RADDR_WIDTH=14,OUTPUT_REG=0,RAM_MUX_RATIO=1)' [VERI-1018]
INFO     : /home/steve/video_streaming_10g_demo_v1.4.1_2026.1_imx900_rpi/rtl/efx_fifo_top_custom.v(653): extracting RAM for identifier 'ram' [VERI-2571]
INFO     : /home/steve/video_streaming_10g_demo_v1.4.1_2026.1_imx900_rpi/rtl/efx_fifo_top_custom.v(852): compiling module 'efx_fifo_ctl_custom(FAMILY="TITANIUM",SYNC_CLK=0,WR_DEPTH=16384,WADDR_WIDTH=14,RADDR_WIDTH=14,ALMOST_FLAG=0,PROG_FULL_ASSERT=128,PROG_FULL_NEGATE=128,PROG_EMPTY_NEGATE=2,HANDSHAKE_FLAG=0)' [VERI-1018]
WARNING  : /home/steve/video_streaming_10g_demo_v1.4.1_2026.1_imx900_rpi/rtl/efx_fifo_top_custom.v(1128): expression size 32 truncated to fit in target size 15 [VERI-1209]
WARNING  : /home/steve/video_streaming_10g_demo_v1.4.1_2026.1_imx900_rpi/rtl/efx_fifo_top_custom.v(1129): expression size 32 truncated to fit in target size 15 [VERI-1209]
INFO     : /home/steve/video_streaming_10g_demo_v1.4.1_2026.1_imx900_rpi/rtl/efx_fifo_top_custom.v(238): compiling module 'efx_fifo_bin2gray_custom(WIDTH=15)' [VERI-1018]
INFO     : /home/steve/video_streaming_10g_demo_v1.4.1_2026.1_imx900_rpi/rtl/efx_fifo_top_custom.v(67): compiling module 'efx_fifo_datasync_custom(STAGE=2,WIDTH=15)' [VERI-1018]
INFO     : /home/steve/video_streaming_10g_demo_v1.4.1_2026.1_imx900_rpi/rtl/efx_fifo_top_custom.v(150): compiling module 'efx_fifo_gray2bin_custom(WIDTH=15)' [VERI-1018]
INFO     : /home/steve/video_streaming_10g_demo_v1.4.1_2026.1_imx900_rpi/rtl/efx_fifo_top_custom.v(150): compiling module 'efx_fifo_gray2bin_custom(WIDTH=14)' [VERI-1018]
INFO     : /home/steve/video_streaming_10g_demo_v1.4.1_2026.1_imx900_rpi/rtl/efx_fifo_top_custom.v(150): compiling module 'efx_fifo_gray2bin_custom(WIDTH=13)' [VERI-1018]
INFO     : /home/steve/video_streaming_10g_demo_v1.4.1_2026.1_imx900_rpi/rtl/efx_fifo_top_custom.v(150): compiling module 'efx_fifo_gray2bin_custom(WIDTH=12)' [VERI-1018]
INFO     : /home/steve/video_streaming_10g_demo_v1.4.1_2026.1_imx900_rpi/rtl/efx_fifo_top_custom.v(150): compiling module 'efx_fifo_gray2bin_custom(WIDTH=11)' [VERI-1018]
INFO     : /home/steve/video_streaming_10g_demo_v1.4.1_2026.1_imx900_rpi/rtl/efx_fifo_top_custom.v(150): compiling module 'efx_fifo_gray2bin_custom(WIDTH=10)' [VERI-1018]
INFO     : /home/steve/video_streaming_10g_demo_v1.4.1_2026.1_imx900_rpi/rtl/efx_fifo_top_custom.v(150): compiling module 'efx_fifo_gray2bin_custom(WIDTH=9)' [VERI-1018]
INFO     : /home/steve/video_streaming_10g_demo_v1.4.1_2026.1_imx900_rpi/rtl/efx_fifo_top_custom.v(150): compiling module 'efx_fifo_gray2bin_custom(WIDTH=8)' [VERI-1018]
INFO     : /home/steve/video_streaming_10g_demo_v1.4.1_2026.1_imx900_rpi/rtl/efx_fifo_top_custom.v(150): compiling module 'efx_fifo_gray2bin_custom(WIDTH=7)' [VERI-1018]
INFO     : /home/steve/video_streaming_10g_demo_v1.4.1_2026.1_imx900_rpi/rtl/efx_fifo_top_custom.v(150): compiling module 'efx_fifo_gray2bin_custom(WIDTH=6)' [VERI-1018]
INFO     : /home/steve/video_streaming_10g_demo_v1.4.1_2026.1_imx900_rpi/rtl/efx_fifo_top_custom.v(150): compiling module 'efx_fifo_gray2bin_custom' [VERI-1018]
INFO     : /home/steve/video_streaming_10g_demo_v1.4.1_2026.1_imx900_rpi/rtl/efx_fifo_top_custom.v(150): compiling module 'efx_fifo_gray2bin_custom(WIDTH=4)' [VERI-1018]
INFO     : /home/steve/video_streaming_10g_demo_v1.4.1_2026.1_imx900_rpi/rtl/efx_fifo_top_custom.v(150): compiling module 'efx_fifo_gray2bin_custom(WIDTH=3)' [VERI-1018]
INFO     : /home/steve/video_streaming_10g_demo_v1.4.1_2026.1_imx900_rpi/rtl/efx_fifo_top_custom.v(150): compiling module 'efx_fifo_gray2bin_custom(WIDTH=2)' [VERI-1018]
WARNING  : /home/steve/video_streaming_10g_demo_v1.4.1_2026.1_imx900_rpi/rtl/line_to_packets.sv(313): actual bit length 12 differs from formal bit length 15 for port 'rd_datacount_o' [VERI-1330]
INFO     : /home/steve/video_streaming_10g_demo_v1.4.1_2026.1_imx900_rpi/rtl/efx_fifo_top_custom.v(327): compiling module 'efx_fifo_top_custom(FAMILY="TITANIUM",MODE="FWFT",DATA_WIDTH=16,OPTIONAL_FLAGS=0,PROGRAMMABLE_FULL="NONE",PROG_FULL_ASSERT=128,PROG_FULL_NEGATE=128,PROGRAMMABLE_EMPTY="NONE",PROG_EMPTY_ASSERT=0,PROG_EMPTY_NEGATE=2)' [VERI-1018]
INFO     : /home/steve/video_streaming_10g_demo_v1.4.1_2026.1_imx900_rpi/rtl/efx_fifo_top_custom.v(617): compiling module 'efx_fifo_ram_custom(FAMILY="TITANIUM",MODE="FWFT",WDATA_WIDTH=16,RDATA_WIDTH=16,OUTPUT_REG=0,RAM_MUX_RATIO=1)' [VERI-1018]
INFO     : /home/steve/video_streaming_10g_demo_v1.4.1_2026.1_imx900_rpi/rtl/efx_fifo_top_custom.v(653): extracting RAM for identifier 'ram' [VERI-2571]
INFO     : /home/steve/video_streaming_10g_demo_v1.4.1_2026.1_imx900_rpi/rtl/efx_fifo_top_custom.v(852): compiling module 'efx_fifo_ctl_custom(FAMILY="TITANIUM",SYNC_CLK=0,MODE="FWFT",ALMOST_FLAG=0,PROG_FULL_ASSERT=128,PROG_FULL_NEGATE=128,PROG_EMPTY_NEGATE=2,HANDSHAKE_FLAG=0)' [VERI-1018]
WARNING  : /home/steve/video_streaming_10g_demo_v1.4.1_2026.1_imx900_rpi/rtl/efx_fifo_top_custom.v(1128): expression size 32 truncated to fit in target size 10 [VERI-1209]
WARNING  : /home/steve/video_streaming_10g_demo_v1.4.1_2026.1_imx900_rpi/rtl/efx_fifo_top_custom.v(1129): expression size 32 truncated to fit in target size 10 [VERI-1209]
INFO     : /home/steve/video_streaming_10g_demo_v1.4.1_2026.1_imx900_rpi/rtl/efx_fifo_top_custom.v(238): compiling module 'efx_fifo_bin2gray_custom(WIDTH=10)' [VERI-1018]
INFO     : /home/steve/video_streaming_10g_demo_v1.4.1_2026.1_imx900_rpi/rtl/efx_fifo_top_custom.v(67): compiling module 'efx_fifo_datasync_custom(STAGE=2,WIDTH=10)' [VERI-1018]
WARNING  : /home/steve/video_streaming_10g_demo_v1.4.1_2026.1_imx900_rpi/rtl/line_to_packets.sv(346): actual bit length 16 differs from formal bit length 10 for port 'rd_datacount_o' [VERI-1330]
WARNING  : /home/steve/video_streaming_10g_demo_v1.4.1_2026.1_imx900_rpi/rtl/line_to_packets.sv(302): input port 'a_wr_rst_i' is not connected on this instance [VDB-1013]
WARNING  : /home/steve/video_streaming_10g_demo_v1.4.1_2026.1_imx900_rpi/rtl/line_to_packets.sv(335): input port 'a_wr_rst_i' is not connected on this instance [VDB-1013]
WARNING  : /home/steve/video_streaming_10g_demo_v1.4.1_2026.1_imx900_rpi/fpga/Ti375N1156-DK/ip/mac10gbe/mac10gbe.sv(159): port 'mac_source_address_port' is not connected on this instance [VERI-2435]
INFO     : /home/steve/video_streaming_10g_demo_v1.4.1_2026.1_imx900_rpi/fpga/Ti375N1156-DK/ip/mac10gbe/mac10gbe.sv(49): compiling module 'mac10gbe' [VERI-1018]
INFO     : /home/steve/video_streaming_10g_demo_v1.4.1_2026.1_imx900_rpi/fpga/Ti375N1156-DK/ip/mac10gbe/mac10gbe.sv(1488): compiling module 'efx_mac10gbe_582ec7e2806a4722891d527723c60497(MTU_FRAME_LENGTH=15'b010001100101000,ENABLE_BROADCAST_FILTER=1'b0,TXFIFO_DEPTH=512,TX_PKT_CNT_DW=4'b011)' [VERI-1018]
INFO     : /home/steve/video_streaming_10g_demo_v1.4.1_2026.1_imx900_rpi/fpga/Ti375N1156-DK/ip/mac10gbe/mac10gbe.sv(263): compiling module '**' [VERI-1018]
INFO     : /home/steve/video_streaming_10g_demo_v1.4.1_2026.1_imx900_rpi/fpga/Ti375N1156-DK/ip/mac10gbe/mac10gbe.sv(3457): compiling module 'efx_resetsync_582ec7e2806a4722891d527723c60497' [VERI-1018]
INFO     : /home/steve/video_streaming_10g_demo_v1.4.1_2026.1_imx900_rpi/fpga/Ti375N1156-DK/ip/mac10gbe/mac10gbe.sv(3273): compiling module 'efx_asyncreg_582ec7e2806a4722891d527723c60497(WIDTH=1)' [VERI-1018]
INFO     : /home/steve/video_streaming_10g_demo_v1.4.1_2026.1_imx900_rpi/fpga/Ti375N1156-DK/ip/mac10gbe/mac10gbe.sv(3215): compiling module '**' [VERI-1018]
INFO     : /home/steve/video_streaming_10g_demo_v1.4.1_2026.1_imx900_rpi/fpga/Ti375N1156-DK/ip/mac10gbe/mac10gbe.sv(2535): compiling module '**' [VERI-1018]
INFO     : /home/steve/video_streaming_10g_demo_v1.4.1_2026.1_imx900_rpi/fpga/Ti375N1156-DK/ip/mac10gbe/mac10gbe.sv(1707): compiling module '**' [VERI-1018]
INFO     : /home/steve/video_streaming_10g_demo_v1.4.1_2026.1_imx900_rpi/fpga/Ti375N1156-DK/ip/mac10gbe/mac10gbe.sv(3019): compiling module '**' [VERI-1018]
INFO     : /home/steve/video_streaming_10g_demo_v1.4.1_2026.1_imx900_rpi/fpga/Ti375N1156-DK/ip/mac10gbe/mac10gbe.sv(2932): compiling module '**' [VERI-1018]
INFO     : /home/steve/video_streaming_10g_demo_v1.4.1_2026.1_imx900_rpi/fpga/Ti375N1156-DK/ip/mac10gbe/mac10gbe.sv(1365): compiling module '**' [VERI-1018]
INFO     : /home/steve/video_streaming_10g_demo_v1.4.1_2026.1_imx900_rpi/fpga/Ti375N1156-DK/ip/mac10gbe/mac10gbe.sv(2207): compiling module '**' [VERI-1018]
INFO     : /home/steve/video_streaming_10g_demo_v1.4.1_2026.1_imx900_rpi/fpga/Ti375N1156-DK/ip/mac10gbe/mac10gbe.sv(2100): compiling module '**' [VERI-1018]
INFO     : /home/steve/video_streaming_10g_demo_v1.4.1_2026.1_imx900_rpi/fpga/Ti375N1156-DK/ip/mac10gbe/mac10gbe.sv(824): compiling module '**' [VERI-1018]
INFO     : /home/steve/video_streaming_10g_demo_v1.4.1_2026.1_imx900_rpi/fpga/Ti375N1156-DK/ip/mac10gbe/mac10gbe.sv(3263): compiling module '**' [VERI-1018]
WARNING  : /home/steve/video_streaming_10g_demo_v1.4.1_2026.1_imx900_rpi/fpga/Ti375N1156-DK/ip/mac10gbe/mac10gbe.sv(111): input port 'mac_source_address_port[47]' remains unconnected for this instance [VDB-1053]
INFO     : /home/steve/video_streaming_10g_demo_v1.4.1_2026.1_imx900_rpi/rtl/lib/axis/rtl/axis_fifo.v(34): compiling module 'axis_fifo(DATA_WIDTH=64,KEEP_ENABLE=1)' [VERI-1018]
INFO     : /home/steve/video_streaming_10g_demo_v1.4.1_2026.1_imx900_rpi/rtl/lib/axis/rtl/axis_fifo.v(191): extracting RAM for identifier 'mem' [VERI-2571]
WARNING  : /home/steve/video_streaming_10g_demo_v1.4.1_2026.1_imx900_rpi/rtl/lib/axis/rtl/axis_fifo.v(338): expression size 11 truncated to fit in target size 10 [VERI-1209]
WARNING  : /home/steve/video_streaming_10g_demo_v1.4.1_2026.1_imx900_rpi/rtl/lib/axis/rtl/axis_fifo.v(339): expression size 11 truncated to fit in target size 10 [VERI-1209]
WARNING  : /home/steve/video_streaming_10g_demo_v1.4.1_2026.1_imx900_rpi/rtl/lib/axis/rtl/axis_fifo.v(396): expression size 11 truncated to fit in target size 10 [VERI-1209]
WARNING  : /home/steve/video_streaming_10g_demo_v1.4.1_2026.1_imx900_rpi/rtl/ethernet_core.sv(651): actual bit length 32 differs from formal bit length 1 for port 'pause_req' [VERI-1330]
INFO     : /home/steve/video_streaming_10g_demo_v1.4.1_2026.1_imx900_rpi/rtl/lib/verilog-ethernet/rtl/eth_axis_rx.v(34): compiling module 'eth_axis_rx(DATA_WIDTH=64)' [VERI-1018]
WARNING  : /home/steve/video_streaming_10g_demo_v1.4.1_2026.1_imx900_rpi/rtl/lib/verilog-ethernet/rtl/eth_axis_rx.v(172): expression size 80 truncated to fit in target size 64 [VERI-1209]
WARNING  : /home/steve/video_streaming_10g_demo_v1.4.1_2026.1_imx900_rpi/rtl/lib/verilog-ethernet/rtl/eth_axis_rx.v(179): expression size 80 truncated to fit in target size 64 [VERI-1209]
WARNING  : /home/steve/video_streaming_10g_demo_v1.4.1_2026.1_imx900_rpi/rtl/lib/verilog-ethernet/rtl/eth_axis_rx.v(180): expression size 10 truncated to fit in target size 8 [VERI-1209]
WARNING  : /home/steve/video_streaming_10g_demo_v1.4.1_2026.1_imx900_rpi/rtl/lib/verilog-ethernet/rtl/eth_axis_rx.v(217): expression size 2 truncated to fit in target size 1 [VERI-1209]
INFO     : /home/steve/video_streaming_10g_demo_v1.4.1_2026.1_imx900_rpi/rtl/lib/verilog-ethernet/rtl/eth_axis_tx.v(34): compiling module 'eth_axis_tx(DATA_WIDTH=64)' [VERI-1018]
WARNING  : /home/steve/video_streaming_10g_demo_v1.4.1_2026.1_imx900_rpi/rtl/lib/verilog-ethernet/rtl/eth_axis_tx.v(168): expression size 112 truncated to fit in target size 64 [VERI-1209]
WARNING  : /home/steve/video_streaming_10g_demo_v1.4.1_2026.1_imx900_rpi/rtl/lib/verilog-ethernet/rtl/eth_axis_tx.v(175): expression size 112 truncated to fit in target size 64 [VERI-1209]
WARNING  : /home/steve/video_streaming_10g_demo_v1.4.1_2026.1_imx900_rpi/rtl/lib/verilog-ethernet/rtl/eth_axis_tx.v(176): expression size 14 truncated to fit in target size 8 [VERI-1209]
WARNING  : /home/steve/video_streaming_10g_demo_v1.4.1_2026.1_imx900_rpi/rtl/lib/verilog-ethernet/rtl/eth_axis_tx.v(235): expression size 2 truncated to fit in target size 1 [VERI-1209]
INFO     : /home/steve/video_streaming_10g_demo_v1.4.1_2026.1_imx900_rpi/rtl/lib/verilog-ethernet/rtl/udp_complete_64.v(34): compiling module 'udp_complete_64(UDP_CHECKSUM_PAYLOAD_FIFO_DEPTH=32768,UDP_CHECKSUM_HEADER_FIFO_DEPTH=128)' [VERI-1018]
INFO     : /home/steve/video_streaming_10g_demo_v1.4.1_2026.1_imx900_rpi/rtl/lib/verilog-ethernet/rtl/ip_arb_mux.v(34): compiling module 'ip_arb_mux(S_COUNT=2,DATA_WIDTH=64,KEEP_ENABLE=1)' [VERI-1018]
INFO     : /home/steve/video_streaming_10g_demo_v1.4.1_2026.1_imx900_rpi/rtl/lib/axis/rtl/arbiter.v(34): compiling module 'arbiter(PORTS=2,ARB_BLOCK=1,ARB_LSB_HIGH_PRIORITY=1)' [VERI-1018]
INFO     : /home/steve/video_streaming_10g_demo_v1.4.1_2026.1_imx900_rpi/rtl/lib/axis/rtl/priority_encoder.v(34): compiling module 'priority_encoder(WIDTH=2,LSB_HIGH_PRIORITY=1)' [VERI-1018]
WARNING  : /home/steve/video_streaming_10g_demo_v1.4.1_2026.1_imx900_rpi/rtl/lib/axis/rtl/priority_encoder.v(88): expression size 32 truncated to fit in target size 2 [VERI-1209]
WARNING  : /home/steve/video_streaming_10g_demo_v1.4.1_2026.1_imx900_rpi/rtl/lib/verilog-ethernet/rtl/udp_complete_64.v(387): actual bit length 32 differs from formal bit length 96 for port 's_eth_dest_mac' [VERI-1330]
WARNING  : /home/steve/video_streaming_10g_demo_v1.4.1_2026.1_imx900_rpi/rtl/lib/verilog-ethernet/rtl/udp_complete_64.v(388): actual bit length 32 differs from formal bit length 96 for port 's_eth_src_mac' [VERI-1330]
WARNING  : /home/steve/video_streaming_10g_demo_v1.4.1_2026.1_imx900_rpi/rtl/lib/verilog-ethernet/rtl/udp_complete_64.v(390): actual bit length 32 differs from formal bit length 8 for port 's_ip_version' [VERI-1330]
WARNING  : /home/steve/video_streaming_10g_demo_v1.4.1_2026.1_imx900_rpi/rtl/lib/verilog-ethernet/rtl/udp_complete_64.v(391): actual bit length 32 differs from formal bit length 8 for port 's_ip_ihl' [VERI-1330]
WARNING  : /home/steve/video_streaming_10g_demo_v1.4.1_2026.1_imx900_rpi/rtl/lib/verilog-ethernet/rtl/udp_complete_64.v(396): actual bit length 32 differs from formal bit length 6 for port 's_ip_flags' [VERI-1330]
WARNING  : /home/steve/video_streaming_10g_demo_v1.4.1_2026.1_imx900_rpi/rtl/lib/verilog-ethernet/rtl/udp_complete_64.v(397): actual bit length 32 differs from formal bit length 26 for port 's_ip_fragment_offset' [VERI-1330]
WARNING  : /home/steve/video_streaming_10g_demo_v1.4.1_2026.1_imx900_rpi/rtl/lib/verilog-ethernet/rtl/udp_complete_64.v(408): actual bit length 32 differs from formal bit length 16 for port 's_ip_payload_axis_tid' [VERI-1330]
WARNING  : /home/steve/video_streaming_10g_demo_v1.4.1_2026.1_imx900_rpi/rtl/lib/verilog-ethernet/rtl/udp_complete_64.v(409): actual bit length 32 differs from formal bit length 16 for port 's_ip_payload_axis_tdest' [VERI-1330]
INFO     : /home/steve/video_streaming_10g_demo_v1.4.1_2026.1_imx900_rpi/rtl/lib/verilog-ethernet/rtl/ip_complete_64.v(34): compiling module 'ip_complete_64(ARP_REQUEST_RETRY_INTERVAL=250000000,ARP_REQUEST_TIMEOUT=-544967296)' [VERI-1018]
INFO     : /home/steve/video_streaming_10g_demo_v1.4.1_2026.1_imx900_rpi/rtl/lib/verilog-ethernet/rtl/eth_arb_mux.v(34): compiling module 'eth_arb_mux(S_COUNT=2,DATA_WIDTH=64,KEEP_ENABLE=1)' [VERI-1018]
WARNING  : /home/steve/video_streaming_10g_demo_v1.4.1_2026.1_imx900_rpi/rtl/lib/verilog-ethernet/rtl/ip_complete_64.v(293): actual bit length 32 differs from formal bit length 16 for port 's_eth_payload_axis_tid' [VERI-1330]
WARNING  : /home/steve/video_streaming_10g_demo_v1.4.1_2026.1_imx900_rpi/rtl/lib/verilog-ethernet/rtl/ip_complete_64.v(294): actual bit length 32 differs from formal bit length 16 for port 's_eth_payload_axis_tdest' [VERI-1330]
INFO     : /home/steve/video_streaming_10g_demo_v1.4.1_2026.1_imx900_rpi/rtl/lib/verilog-ethernet/rtl/ip_64.v(34): compiling module 'ip_64' [VERI-1018]
INFO     : /home/steve/video_streaming_10g_demo_v1.4.1_2026.1_imx900_rpi/rtl/lib/verilog-ethernet/rtl/ip_eth_rx_64.v(34): compiling module 'ip_eth_rx_64' [VERI-1018]
WARNING  : /home/steve/video_streaming_10g_demo_v1.4.1_2026.1_imx900_rpi/rtl/lib/verilog-ethernet/rtl/ip_eth_rx_64.v(337): expression size 32 truncated to fit in target size 16 [VERI-1209]
WARNING  : /home/steve/video_streaming_10g_demo_v1.4.1_2026.1_imx900_rpi/rtl/lib/verilog-ethernet/rtl/ip_eth_rx_64.v(245): use of 'count2keep' without initialization in static subprogram 'count2keep' may create unintended latch behavior [VERI-1304]
WARNING  : /home/steve/video_streaming_10g_demo_v1.4.1_2026.1_imx900_rpi/rtl/lib/verilog-ethernet/rtl/ip_eth_rx_64.v(502): latch inferred for net 'count2keep[7]' [VERI-2580]
INFO     : /home/steve/video_streaming_10g_demo_v1.4.1_2026.1_imx900_rpi/rtl/lib/verilog-ethernet/rtl/ip_eth_tx_64.v(34): compiling module 'ip_eth_tx_64' [VERI-1018]
WARNING  : /home/steve/video_streaming_10g_demo_v1.4.1_2026.1_imx900_rpi/rtl/lib/verilog-ethernet/rtl/ip_eth_tx_64.v(318): expression size 32 truncated to fit in target size 16 [VERI-1209]
WARNING  : /home/steve/video_streaming_10g_demo_v1.4.1_2026.1_imx900_rpi/rtl/lib/verilog-ethernet/rtl/ip_eth_tx_64.v(213): use of 'count2keep' without initialization in static subprogram 'count2keep' may create unintended latch behavior [VERI-1304]
WARNING  : /home/steve/video_streaming_10g_demo_v1.4.1_2026.1_imx900_rpi/rtl/lib/verilog-ethernet/rtl/ip_eth_tx_64.v(496): latch inferred for net 'count2keep[7]' [VERI-2580]
INFO     : /home/steve/video_streaming_10g_demo_v1.4.1_2026.1_imx900_rpi/rtl/lib/verilog-ethernet/rtl/arp.v(34): compiling module 'arp(DATA_WIDTH=64,KEEP_ENABLE=1,KEEP_WIDTH=8,REQUEST_RETRY_INTERVAL=250000000,REQUEST_TIMEOUT=-544967296)' [VERI-1018]
INFO     : /home/steve/video_streaming_10g_demo_v1.4.1_2026.1_imx900_rpi/rtl/lib/verilog-ethernet/rtl/arp_eth_rx.v(34): compiling module 'arp_eth_rx(DATA_WIDTH=64,KEEP_ENABLE=1,KEEP_WIDTH=8)' [VERI-1018]
WARNING  : /home/steve/video_streaming_10g_demo_v1.4.1_2026.1_imx900_rpi/rtl/lib/verilog-ethernet/rtl/arp_eth_rx.v(217): expression size 3 truncated to fit in target size 2 [VERI-1209]
INFO     : /home/steve/video_streaming_10g_demo_v1.4.1_2026.1_imx900_rpi/rtl/lib/verilog-ethernet/rtl/arp_eth_tx.v(34): compiling module 'arp_eth_tx(DATA_WIDTH=64,KEEP_ENABLE=1,KEEP_WIDTH=8)' [VERI-1018]
WARNING  : /home/steve/video_streaming_10g_demo_v1.4.1_2026.1_imx900_rpi/rtl/lib/verilog-ethernet/rtl/arp_eth_tx.v(192): expression size 3 truncated to fit in target size 2 [VERI-1209]
INFO     : /home/steve/video_streaming_10g_demo_v1.4.1_2026.1_imx900_rpi/rtl/lib/verilog-ethernet/rtl/arp_cache.v(34): compiling module 'arp_cache' [VERI-1018]
INFO     : /home/steve/video_streaming_10g_demo_v1.4.1_2026.1_imx900_rpi/rtl/lib/verilog-ethernet/rtl/arp_cache.v(81): extracting RAM for identifier 'valid_mem' [VERI-2571]
INFO     : /home/steve/video_streaming_10g_demo_v1.4.1_2026.1_imx900_rpi/rtl/lib/verilog-ethernet/rtl/arp_cache.v(82): extracting RAM for identifier 'ip_addr_mem' [VERI-2571]
INFO     : /home/steve/video_streaming_10g_demo_v1.4.1_2026.1_imx900_rpi/rtl/lib/verilog-ethernet/rtl/arp_cache.v(83): extracting RAM for identifier 'mac_addr_mem' [VERI-2571]
INFO     : /home/steve/video_streaming_10g_demo_v1.4.1_2026.1_imx900_rpi/rtl/lib/verilog-ethernet/rtl/lfsr.v(34): compiling module 'lfsr(LFSR_WIDTH=32,LFSR_POLY=32'b0100110000010001110110110111,LFSR_CONFIG="GALOIS",REVERSE=1,DATA_WIDTH=32)' [VERI-1018]
WARNING  : /home/steve/video_streaming_10g_demo_v1.4.1_2026.1_imx900_rpi/rtl/lib/verilog-ethernet/rtl/lfsr.v(205): assignment and/or driver for 'lfsr_mask_state' inside static function 'lfsr_mask' is not preserved [VERI-2457]
WARNING  : /home/steve/video_streaming_10g_demo_v1.4.1_2026.1_imx900_rpi/rtl/lib/verilog-ethernet/rtl/lfsr.v(206): assignment and/or driver for 'lfsr_mask_data' inside static function 'lfsr_mask' is not preserved [VERI-2457]
WARNING  : /home/steve/video_streaming_10g_demo_v1.4.1_2026.1_imx900_rpi/rtl/lib/verilog-ethernet/rtl/lfsr.v(207): assignment and/or driver for 'output_mask_state' inside static function 'lfsr_mask' is not preserved [VERI-2457]
WARNING  : /home/steve/video_streaming_10g_demo_v1.4.1_2026.1_imx900_rpi/rtl/lib/verilog-ethernet/rtl/lfsr.v(208): assignment and/or driver for 'output_mask_data' inside static function 'lfsr_mask' is not preserved [VERI-2457]
WARNING  : /home/steve/video_streaming_10g_demo_v1.4.1_2026.1_imx900_rpi/rtl/lib/verilog-ethernet/rtl/arp_cache.v(198): expression size 10 truncated to fit in target size 9 [VERI-1209]
WARNING  : /home/steve/video_streaming_10g_demo_v1.4.1_2026.1_imx900_rpi/rtl/lib/verilog-ethernet/rtl/arp.v(350): expression size 32 truncated to fit in target size 6 [VERI-1209]
INFO     : /home/steve/video_streaming_10g_demo_v1.4.1_2026.1_imx900_rpi/rtl/lib/verilog-ethernet/rtl/udp_64.v(34): compiling module 'udp_64(CHECKSUM_PAYLOAD_FIFO_DEPTH=32768,CHECKSUM_HEADER_FIFO_DEPTH=128)' [VERI-1018]
INFO     : /home/steve/video_streaming_10g_demo_v1.4.1_2026.1_imx900_rpi/rtl/lib/verilog-ethernet/rtl/udp_ip_rx_64.v(34): compiling module 'udp_ip_rx_64' [VERI-1018]
WARNING  : /home/steve/video_streaming_10g_demo_v1.4.1_2026.1_imx900_rpi/rtl/lib/verilog-ethernet/rtl/udp_ip_rx_64.v(245): use of 'count2keep' without initialization in static subprogram 'count2keep' may create unintended latch behavior [VERI-1304]
WARNING  : /home/steve/video_streaming_10g_demo_v1.4.1_2026.1_imx900_rpi/rtl/lib/verilog-ethernet/rtl/udp_ip_rx_64.v(411): latch inferred for net 'count2keep[7]' [VERI-2580]
WARNING  : /home/steve/video_streaming_10g_demo_v1.4.1_2026.1_imx900_rpi/rtl/lib/verilog-ethernet/rtl/udp_checksum_gen_64.v(245): port 'pause_req' remains unconnected for this instance [VERI-1927]
INFO     : /home/steve/video_streaming_10g_demo_v1.4.1_2026.1_imx900_rpi/rtl/lib/verilog-ethernet/rtl/udp_checksum_gen_64.v(34): compiling module 'udp_checksum_gen_64(PAYLOAD_FIFO_DEPTH=32768,HEADER_FIFO_DEPTH=128)' [VERI-1018]
INFO     : /home/steve/video_streaming_10g_demo_v1.4.1_2026.1_imx900_rpi/rtl/lib/verilog-ethernet/rtl/udp_checksum_gen_64.v(267): extracting RAM for identifier 'eth_dest_mac_mem' [VERI-2571]
INFO     : /home/steve/video_streaming_10g_demo_v1.4.1_2026.1_imx900_rpi/rtl/lib/verilog-ethernet/rtl/udp_checksum_gen_64.v(268): extracting RAM for identifier 'eth_src_mac_mem' [VERI-2571]
INFO     : /home/steve/video_streaming_10g_demo_v1.4.1_2026.1_imx900_rpi/rtl/lib/verilog-ethernet/rtl/udp_checksum_gen_64.v(269): extracting RAM for identifier 'eth_type_mem' [VERI-2571]
INFO     : /home/steve/video_streaming_10g_demo_v1.4.1_2026.1_imx900_rpi/rtl/lib/verilog-ethernet/rtl/udp_checksum_gen_64.v(270): extracting RAM for identifier 'ip_version_mem' [VERI-2571]
INFO     : /home/steve/video_streaming_10g_demo_v1.4.1_2026.1_imx900_rpi/rtl/lib/verilog-ethernet/rtl/udp_checksum_gen_64.v(271): extracting RAM for identifier 'ip_ihl_mem' [VERI-2571]
INFO     : /home/steve/video_streaming_10g_demo_v1.4.1_2026.1_imx900_rpi/rtl/lib/verilog-ethernet/rtl/udp_checksum_gen_64.v(272): extracting RAM for identifier 'ip_dscp_mem' [VERI-2571]
INFO     : /home/steve/video_streaming_10g_demo_v1.4.1_2026.1_imx900_rpi/rtl/lib/verilog-ethernet/rtl/udp_checksum_gen_64.v(273): extracting RAM for identifier 'ip_ecn_mem' [VERI-2571]
INFO     : /home/steve/video_streaming_10g_demo_v1.4.1_2026.1_imx900_rpi/rtl/lib/verilog-ethernet/rtl/udp_checksum_gen_64.v(274): extracting RAM for identifier 'ip_identification_mem' [VERI-2571]
INFO     : /home/steve/video_streaming_10g_demo_v1.4.1_2026.1_imx900_rpi/rtl/lib/verilog-ethernet/rtl/udp_checksum_gen_64.v(275): extracting RAM for identifier 'ip_flags_mem' [VERI-2571]
INFO     : /home/steve/video_streaming_10g_demo_v1.4.1_2026.1_imx900_rpi/rtl/lib/verilog-ethernet/rtl/udp_checksum_gen_64.v(276): extracting RAM for identifier 'ip_fragment_offset_mem' [VERI-2571]
INFO     : /home/steve/video_streaming_10g_demo_v1.4.1_2026.1_imx900_rpi/rtl/lib/verilog-ethernet/rtl/udp_checksum_gen_64.v(277): extracting RAM for identifier 'ip_ttl_mem' [VERI-2571]
INFO     : /home/steve/video_streaming_10g_demo_v1.4.1_2026.1_imx900_rpi/rtl/lib/verilog-ethernet/rtl/udp_checksum_gen_64.v(278): extracting RAM for identifier 'ip_header_checksum_mem' [VERI-2571]
INFO     : /home/steve/video_streaming_10g_demo_v1.4.1_2026.1_imx900_rpi/rtl/lib/verilog-ethernet/rtl/udp_checksum_gen_64.v(279): extracting RAM for identifier 'ip_source_ip_mem' [VERI-2571]
INFO     : /home/steve/video_streaming_10g_demo_v1.4.1_2026.1_imx900_rpi/rtl/lib/verilog-ethernet/rtl/udp_checksum_gen_64.v(280): extracting RAM for identifier 'ip_dest_ip_mem' [VERI-2571]
INFO     : /home/steve/video_streaming_10g_demo_v1.4.1_2026.1_imx900_rpi/rtl/lib/verilog-ethernet/rtl/udp_checksum_gen_64.v(281): extracting RAM for identifier 'udp_source_port_mem' [VERI-2571]
INFO     : /home/steve/video_streaming_10g_demo_v1.4.1_2026.1_imx900_rpi/rtl/lib/verilog-ethernet/rtl/udp_checksum_gen_64.v(282): extracting RAM for identifier 'udp_dest_port_mem' [VERI-2571]
INFO     : /home/steve/video_streaming_10g_demo_v1.4.1_2026.1_imx900_rpi/rtl/lib/verilog-ethernet/rtl/udp_checksum_gen_64.v(283): extracting RAM for identifier 'udp_length_mem' [VERI-2571]
INFO     : /home/steve/video_streaming_10g_demo_v1.4.1_2026.1_imx900_rpi/rtl/lib/verilog-ethernet/rtl/udp_checksum_gen_64.v(284): extracting RAM for identifier 'udp_checksum_mem' [VERI-2571]
INFO     : /home/steve/video_streaming_10g_demo_v1.4.1_2026.1_imx900_rpi/rtl/lib/axis/rtl/axis_fifo.v(34): compiling module 'axis_fifo(DEPTH=32768,DATA_WIDTH=64,KEEP_ENABLE=1,KEEP_WIDTH=8)' [VERI-1018]
INFO     : /home/steve/video_streaming_10g_demo_v1.4.1_2026.1_imx900_rpi/rtl/lib/axis/rtl/axis_fifo.v(191): extracting RAM for identifier 'mem' [VERI-2571]
WARNING  : /home/steve/video_streaming_10g_demo_v1.4.1_2026.1_imx900_rpi/rtl/lib/axis/rtl/axis_fifo.v(338): expression size 14 truncated to fit in target size 13 [VERI-1209]
WARNING  : /home/steve/video_streaming_10g_demo_v1.4.1_2026.1_imx900_rpi/rtl/lib/axis/rtl/axis_fifo.v(339): expression size 14 truncated to fit in target size 13 [VERI-1209]
WARNING  : /home/steve/video_streaming_10g_demo_v1.4.1_2026.1_imx900_rpi/rtl/lib/axis/rtl/axis_fifo.v(396): expression size 14 truncated to fit in target size 13 [VERI-1209]
WARNING  : /home/steve/video_streaming_10g_demo_v1.4.1_2026.1_imx900_rpi/rtl/lib/verilog-ethernet/rtl/udp_checksum_gen_64.v(229): actual bit length 32 differs from formal bit length 8 for port 's_axis_tid' [VERI-1330]
WARNING  : /home/steve/video_streaming_10g_demo_v1.4.1_2026.1_imx900_rpi/rtl/lib/verilog-ethernet/rtl/udp_checksum_gen_64.v(230): actual bit length 32 differs from formal bit length 8 for port 's_axis_tdest' [VERI-1330]
WARNING  : /home/steve/video_streaming_10g_demo_v1.4.1_2026.1_imx900_rpi/rtl/lib/verilog-ethernet/rtl/udp_checksum_gen_64.v(353): expression size 9 truncated to fit in target size 8 [VERI-1209]
WARNING  : /home/steve/video_streaming_10g_demo_v1.4.1_2026.1_imx900_rpi/rtl/lib/verilog-ethernet/rtl/udp_checksum_gen_64.v(401): expression size 9 truncated to fit in target size 8 [VERI-1209]
WARNING  : /home/steve/video_streaming_10g_demo_v1.4.1_2026.1_imx900_rpi/rtl/lib/verilog-ethernet/rtl/udp_checksum_gen_64.v(525): expression size 17 truncated to fit in target size 16 [VERI-1209]
WARNING  : /home/steve/video_streaming_10g_demo_v1.4.1_2026.1_imx900_rpi/rtl/lib/verilog-ethernet/rtl/udp_checksum_gen_64.v(549): latch inferred for net 'checksum_part[31]' [VERI-2580]
WARNING  : /home/steve/video_streaming_10g_demo_v1.4.1_2026.1_imx900_rpi/rtl/lib/verilog-ethernet/rtl/udp_checksum_gen_64.v(220): input port 'pause_req' is not connected on this instance [VDB-1013]
INFO     : /home/steve/video_streaming_10g_demo_v1.4.1_2026.1_imx900_rpi/rtl/lib/verilog-ethernet/rtl/udp_ip_tx_64.v(34): compiling module 'udp_ip_tx_64' [VERI-1018]
WARNING  : /home/steve/video_streaming_10g_demo_v1.4.1_2026.1_imx900_rpi/rtl/lib/verilog-ethernet/rtl/udp_ip_tx_64.v(236): use of 'count2keep' without initialization in static subprogram 'count2keep' may create unintended latch behavior [VERI-1304]
WARNING  : /home/steve/video_streaming_10g_demo_v1.4.1_2026.1_imx900_rpi/rtl/lib/verilog-ethernet/rtl/udp_ip_tx_64.v(408): latch inferred for net 'count2keep[7]' [VERI-2580]
WARNING  : /home/steve/video_streaming_10g_demo_v1.4.1_2026.1_imx900_rpi/rtl/lib/verilog-ethernet/rtl/udp_ip_tx_64.v(443): expression size 17 truncated to fit in target size 16 [VERI-1209]
WARNING  : /home/steve/video_streaming_10g_demo_v1.4.1_2026.1_imx900_rpi/rtl/ethernet_core.sv(871): actual bit length 32 differs from formal bit length 8 for port 's_axis_tid' [VERI-1330]
WARNING  : /home/steve/video_streaming_10g_demo_v1.4.1_2026.1_imx900_rpi/rtl/ethernet_core.sv(872): actual bit length 32 differs from formal bit length 8 for port 's_axis_tdest' [VERI-1330]
WARNING  : /home/steve/video_streaming_10g_demo_v1.4.1_2026.1_imx900_rpi/rtl/ethernet_core.sv(574): input port 'rx_pause_ignore' remains unconnected for this instance [VDB-1053]
WARNING  : /home/steve/video_streaming_10g_demo_v1.4.1_2026.1_imx900_rpi/rtl/ethernet_core.sv(633): input port 's_axis_tid[7]' is not connected on this instance [VDB-1013]
WARNING  : /home/steve/video_streaming_10g_demo_v1.4.1_2026.1_imx900_rpi/rtl/ethernet_core.sv(861): input port 'pause_req' is not connected on this instance [VDB-1013]
WARNING  : /home/steve/video_streaming_10g_demo_v1.4.1_2026.1_imx900_rpi/rtl/udp_video_generator.sv(726): actual bit length 16 differs from formal bit length 12 for port 'i_vres' [VERI-1330]
WARNING  : /home/steve/video_streaming_10g_demo_v1.4.1_2026.1_imx900_rpi/rtl/udp_video_generator.sv(727): actual bit length 16 differs from formal bit length 12 for port 'i_hres' [VERI-1330]
WARNING  : /home/steve/video_streaming_10g_demo_v1.4.1_2026.1_imx900_rpi/rtl/udp_video_generator.sv(345): net 'reset_mipi_n' does not have a driver [VDB-1002]
WARNING  : /home/steve/video_streaming_10g_demo_v1.4.1_2026.1_imx900_rpi/rtl/udp_video_generator.sv(346): net 'rx_axi_awaddr' does not have a driver [VDB-1002]
WARNING  : /home/steve/video_streaming_10g_demo_v1.4.1_2026.1_imx900_rpi/rtl/udp_video_generator.sv(347): net 'rx_axi_awvalid' does not have a driver [VDB-1002]
WARNING  : /home/steve/video_streaming_10g_demo_v1.4.1_2026.1_imx900_rpi/rtl/udp_video_generator.sv(349): net 'rx_axi_wdata' does not have a driver [VDB-1002]
WARNING  : /home/steve/video_streaming_10g_demo_v1.4.1_2026.1_imx900_rpi/rtl/udp_video_generator.sv(350): net 'rx_axi_wvalid' does not have a driver [VDB-1002]
WARNING  : /home/steve/video_streaming_10g_demo_v1.4.1_2026.1_imx900_rpi/rtl/udp_video_generator.sv(353): net 'rx_axi_bready' does not have a driver [VDB-1002]
WARNING  : /home/steve/video_streaming_10g_demo_v1.4.1_2026.1_imx900_rpi/rtl/udp_video_generator.sv(354): net 'rx_axi_araddr' does not have a driver [VDB-1002]
WARNING  : /home/steve/video_streaming_10g_demo_v1.4.1_2026.1_imx900_rpi/rtl/udp_video_generator.sv(355): net 'rx_axi_arvalid' does not have a driver [VDB-1002]
WARNING  : /home/steve/video_streaming_10g_demo_v1.4.1_2026.1_imx900_rpi/rtl/udp_video_generator.sv(359): net 'rx_axi_rready' does not have a driver [VDB-1002]
WARNING  : /home/steve/video_streaming_10g_demo_v1.4.1_2026.1_imx900_rpi/rtl/udp_video_generator.sv(307): input port 'RxDataHS4[15]' remains unconnected for this instance [VDB-1053]
WARNING  : /home/steve/video_streaming_10g_demo_v1.4.1_2026.1_imx900_rpi/rtl/fpga.sv(477): actual bit length 20 differs from formal bit length 16 for port 'p0_apb3_paddr' [VERI-1330]
WARNING  : /home/steve/video_streaming_10g_demo_v1.4.1_2026.1_imx900_rpi/rtl/fpga.sv(488): actual bit length 20 differs from formal bit length 16 for port 'p1_apb3_paddr' [VERI-1330]
WARNING  : /home/steve/video_streaming_10g_demo_v1.4.1_2026.1_imx900_rpi/rtl/fpga.sv(340): net 'p1_apb3_pslverror' does not have a driver [VDB-1002]
WARNING  : /home/steve/video_streaming_10g_demo_v1.4.1_2026.1_imx900_rpi/rtl/fpga.sv(349): net 'p2_apb3_pslverror' does not have a driver [VDB-1002]
WARNING  : /home/steve/video_streaming_10g_demo_v1.4.1_2026.1_imx900_rpi/rtl/fpga.sv(361): net 'sfp0_KR_TRAINING_FAILURE' does not have a driver [VDB-1002]
WARNING  : /home/steve/video_streaming_10g_demo_v1.4.1_2026.1_imx900_rpi/rtl/fpga.sv(364): net 'sfp0_KR_FRAME_LOCK' does not have a driver [VDB-1002]
WARNING  : /home/steve/video_streaming_10g_demo_v1.4.1_2026.1_imx900_rpi/rtl/fpga.sv(292): input port 'ram_usr_wren_i' remains unconnected for this instance [VDB-1053]
WARNING  : /home/steve/video_streaming_10g_demo_v1.4.1_2026.1_imx900_rpi/rtl/fpga.sv(377): input port 'system_spi_0_io_data_2_read' remains unconnected for this instance [VDB-1053]
INFO     : Elaboration took 9.339960881 seconds [FlowMsg::StageDuration]
INFO     :     Elaboration took 9.17 seconds (approximately) in total CPU time [FlowMsg::StageDuration::CPUTime]
INFO     : Elaboration virtual memory usage: begin = 162.732 MB, end = 379.832 MB, delta = 217.1 MB [FlowMsg::VMUsage]
INFO     : Elaboration resident set memory usage: begin = 97.376 MB, end = 316.384 MB, delta = 219.008 MB [FlowMsg::RSSUsage]
INFO     :     Elaboration peak resident set memory usage = 316.384 MB [FlowMsg::RSSUsage::Peak]
INFO     : ***** Ending Elaboration ... *****
INFO     : ... Setting Synthesis Option: mode=speed
INFO     : ***** Beginning Reading Mapping Library ... *****
INFO     : Reading Mapping Library took 0.027749005 seconds [FlowMsg::StageDuration]
INFO     :     Reading Mapping Library took 0.02 seconds (approximately) in total CPU time [FlowMsg::StageDuration::CPUTime]
INFO     : Reading Mapping Library virtual memory usage: begin = 411.568 MB, end = 411.568 MB, delta = 0 MB [FlowMsg::VMUsage]
INFO     : Reading Mapping Library resident set memory usage: begin = 350.304 MB, end = 350.304 MB, delta = 0 MB [FlowMsg::RSSUsage]
INFO     :     Reading Mapping Library peak resident set memory usage = 350.304 MB [FlowMsg::RSSUsage::Peak]
INFO     : ***** Ending Reading Mapping Library ... *****
INFO     : ... Pre-synthesis checks begin
WARNING  : The primary output port 'sfp0_PMA_TX_ELEC_IDLE' wire 'sfp0_PMA_TX_ELEC_IDLE' is not driven. [EFX-0256]
WARNING  : The primary output port 'sfp0_ETH_EEE_ALERT_EN' wire 'sfp0_ETH_EEE_ALERT_EN' is not driven. [EFX-0256]
INFO     : ... Memory 'debounce_reg' is not initialized, assuming empty initial contents. (/home/steve/video_streaming_10g_demo_v1.4.1_2026.1_imx900_rpi/rtl/debounce_switch.v:47) [EFX-0677]
WARNING  : Removing redundant signal : k[31:0]. (/home/steve/video_streaming_10g_demo_v1.4.1_2026.1_imx900_rpi/rtl/debounce_switch.v:56) [EFX-0200]
WARNING  : Removing redundant signal : rom_read. (/home/steve/video_streaming_10g_demo_v1.4.1_2026.1_imx900_rpi/rtl/apb_master.sv:48) [EFX-0200]
WARNING  : Removing redundant signal : j[31:0]. (/home/steve/video_streaming_10g_demo_v1.4.1_2026.1_imx900_rpi/rtl/apb_master.sv:212) [EFX-0200]
WARNING  : Removing redundant signal : q[31:0]. (/home/steve/video_streaming_10g_demo_v1.4.1_2026.1_imx900_rpi/rtl/apb_master.sv:212) [EFX-0200]
WARNING  : Removing redundant signal : PADDR[19:10]. (/home/steve/video_streaming_10g_demo_v1.4.1_2026.1_imx900_rpi/rtl/apb3_slave.sv:45) [EFX-0200]
WARNING  : Removing redundant signal : PADDR[1:0]. (/home/steve/video_streaming_10g_demo_v1.4.1_2026.1_imx900_rpi/rtl/apb3_slave.sv:45) [EFX-0200]
WARNING  : Removing redundant signal : byteIndex[31:0]. (/home/steve/video_streaming_10g_demo_v1.4.1_2026.1_imx900_rpi/rtl/apb3_slave.sv:69) [EFX-0200]
INFO     : ... Memory 'banks_0' is not initialized, assuming empty initial contents. (/home/steve/video_streaming_10g_demo_v1.4.1_2026.1_imx900_rpi/fpga/Ti375N1156-DK/ip/sapphire_gen/sapphire_gen.v:18852) [EFX-0677]
INFO     : ... Memory 'ways_0_tags' is not initialized, assuming empty initial contents. (/home/steve/video_streaming_10g_demo_v1.4.1_2026.1_imx900_rpi/fpga/Ti375N1156-DK/ip/sapphire_gen/sapphire_gen.v:18853) [EFX-0677]
WARNING  : Removing redundant signal : io_cpu_prefetch_isValid. (/home/steve/video_streaming_10g_demo_v1.4.1_2026.1_imx900_rpi/fpga/Ti375N1156-DK/ip/sapphire_gen/sapphire_gen.v:18748) [EFX-0200]
WARNING  : Removing redundant signal : io_cpu_fetch_isRemoved. (/home/steve/video_streaming_10g_demo_v1.4.1_2026.1_imx900_rpi/fpga/Ti375N1156-DK/ip/sapphire_gen/sapphire_gen.v:18753) [EFX-0200]
WARNING  : Removing redundant signal : io_cpu_decode_isValid. (/home/steve/video_streaming_10g_demo_v1.4.1_2026.1_imx900_rpi/fpga/Ti375N1156-DK/ip/sapphire_gen/sapphire_gen.v:18766) [EFX-0200]
WARNING  : Removing redundant signal : io_cpu_decode_isUser. (/home/steve/video_streaming_10g_demo_v1.4.1_2026.1_imx900_rpi/fpga/Ti375N1156-DK/ip/sapphire_gen/sapphire_gen.v:18775) [EFX-0200]
WARNING  : Removing redundant signal : io_cpu_prefetch_pc[31:12]. (/home/steve/video_streaming_10g_demo_v1.4.1_2026.1_imx900_rpi/fpga/Ti375N1156-DK/ip/sapphire_gen/sapphire_gen.v:18750) [EFX-0200]
WARNING  : Removing redundant signal : io_cpu_prefetch_pc[1:0]. (/home/steve/video_streaming_10g_demo_v1.4.1_2026.1_imx900_rpi/fpga/Ti375N1156-DK/ip/sapphire_gen/sapphire_gen.v:18750) [EFX-0200]
WARNING  : Removing redundant signal : io_cpu_fetch_pc[31:0]. (/home/steve/video_streaming_10g_demo_v1.4.1_2026.1_imx900_rpi/fpga/Ti375N1156-DK/ip/sapphire_gen/sapphire_gen.v:18754) [EFX-0200]
WARNING  : Removing redundant signal : io_cpu_decode_pc[31:0]. (/home/steve/video_streaming_10g_demo_v1.4.1_2026.1_imx900_rpi/fpga/Ti375N1156-DK/ip/sapphire_gen/sapphire_gen.v:18768) [EFX-0200]
INFO     : ... Memory 'ways_0_tags' is not initialized, assuming empty initial contents. (/home/steve/video_streaming_10g_demo_v1.4.1_2026.1_imx900_rpi/fpga/Ti375N1156-DK/ip/sapphire_gen/sapphire_gen.v:18106) [EFX-0677]
INFO     : ... Memory 'ways_0_data_symbol0' is not initialized, assuming empty initial contents. (/home/steve/video_streaming_10g_demo_v1.4.1_2026.1_imx900_rpi/fpga/Ti375N1156-DK/ip/sapphire_gen/sapphire_gen.v:18107) [EFX-0677]
INFO     : ... Memory 'ways_0_data_symbol1' is not initialized, assuming empty initial contents. (/home/steve/video_streaming_10g_demo_v1.4.1_2026.1_imx900_rpi/fpga/Ti375N1156-DK/ip/sapphire_gen/sapphire_gen.v:18108) [EFX-0677]
INFO     : ... Memory 'ways_0_data_symbol2' is not initialized, assuming empty initial contents. (/home/steve/video_streaming_10g_demo_v1.4.1_2026.1_imx900_rpi/fpga/Ti375N1156-DK/ip/sapphire_gen/sapphire_gen.v:18109) [EFX-0677]
INFO     : ... Memory 'ways_0_data_symbol3' is not initialized, assuming empty initial contents. (/home/steve/video_streaming_10g_demo_v1.4.1_2026.1_imx900_rpi/fpga/Ti375N1156-DK/ip/sapphire_gen/sapphire_gen.v:18110) [EFX-0677]
WARNING  : Removing redundant signal : io_cpu_writeBack_isFiring. (/home/steve/video_streaming_10g_demo_v1.4.1_2026.1_imx900_rpi/fpga/Ti375N1156-DK/ip/sapphire_gen/sapphire_gen.v:17915) [EFX-0200]
WARNING  : Removing redundant signal : io_cpu_writeBack_isUser. (/home/steve/video_streaming_10g_demo_v1.4.1_2026.1_imx900_rpi/fpga/Ti375N1156-DK/ip/sapphire_gen/sapphire_gen.v:17916) [EFX-0200]
WARNING  : Removing redundant signal : io_cpu_writeBack_fence_SW. (/home/steve/video_streaming_10g_demo_v1.4.1_2026.1_imx900_rpi/fpga/Ti375N1156-DK/ip/sapphire_gen/sapphire_gen.v:17926) [EFX-0200]
WARNING  : Removing redundant signal : io_cpu_writeBack_fence_SR. (/home/steve/video_streaming_10g_demo_v1.4.1_2026.1_imx900_rpi/fpga/Ti375N1156-DK/ip/sapphire_gen/sapphire_gen.v:17927) [EFX-0200]
WARNING  : Removing redundant signal : io_cpu_writeBack_fence_SO. (/home/steve/video_streaming_10g_demo_v1.4.1_2026.1_imx900_rpi/fpga/Ti375N1156-DK/ip/sapphire_gen/sapphire_gen.v:17928) [EFX-0200]
WARNING  : (The above message was generated too many times, subsequent similar messages will be muted.) [EFX-0200]
WARNING  : Re-wiring to GND non-driven net/port 'IBusCachedPlugin_cache_io_cpu_fetch_isRemoved' in module 'VexRiscv_6da3aa8a00f24008ad95d1e51c813f5a'. (/home/steve/video_streaming_10g_demo_v1.4.1_2026.1_imx900_rpi/fpga/Ti375N1156-DK/ip/sapphire_gen/sapphire_gen.v:10450) [EFX-0201]
WARNING  : Re-wiring to GND non-driven net/port 'dataCache_1_io_cpu_writeBack_fence_SW' in module 'VexRiscv_6da3aa8a00f24008ad95d1e51c813f5a'. (/home/steve/video_streaming_10g_demo_v1.4.1_2026.1_imx900_rpi/fpga/Ti375N1156-DK/ip/sapphire_gen/sapphire_gen.v:10463) [EFX-0201]
WARNING  : Re-wiring to GND non-driven net/port 'dataCache_1_io_cpu_writeBack_fence_SR' in module 'VexRiscv_6da3aa8a00f24008ad95d1e51c813f5a'. (/home/steve/video_streaming_10g_demo_v1.4.1_2026.1_imx900_rpi/fpga/Ti375N1156-DK/ip/sapphire_gen/sapphire_gen.v:10464) [EFX-0201]
WARNING  : Re-wiring to GND non-driven net/port 'dataCache_1_io_cpu_writeBack_fence_SO' in module 'VexRiscv_6da3aa8a00f24008ad95d1e51c813f5a'. (/home/steve/video_streaming_10g_demo_v1.4.1_2026.1_imx900_rpi/fpga/Ti375N1156-DK/ip/sapphire_gen/sapphire_gen.v:10465) [EFX-0201]
WARNING  : Re-wiring to GND non-driven net/port 'dataCache_1_io_cpu_writeBack_fence_SI' in module 'VexRiscv_6da3aa8a00f24008ad95d1e51c813f5a'. (/home/steve/video_streaming_10g_demo_v1.4.1_2026.1_imx900_rpi/fpga/Ti375N1156-DK/ip/sapphire_gen/sapphire_gen.v:10466) [EFX-0201]
WARNING  : Re-wiring to GND non-driven net/port 'dataCache_1_io_cpu_writeBack_fence_PW' in module 'VexRiscv_6da3aa8a00f24008ad95d1e51c813f5a'. (/home/steve/video_streaming_10g_demo_v1.4.1_2026.1_imx900_rpi/fpga/Ti375N1156-DK/ip/sapphire_gen/sapphire_gen.v:10467) [EFX-0201]
WARNING  : Re-wiring to GND non-driven net/port 'dataCache_1_io_cpu_writeBack_fence_PR' in module 'VexRiscv_6da3aa8a00f24008ad95d1e51c813f5a'. (/home/steve/video_streaming_10g_demo_v1.4.1_2026.1_imx900_rpi/fpga/Ti375N1156-DK/ip/sapphire_gen/sapphire_gen.v:10468) [EFX-0201]
WARNING  : Re-wiring to GND non-driven net/port 'dataCache_1_io_cpu_writeBack_fence_PO' in module 'VexRiscv_6da3aa8a00f24008ad95d1e51c813f5a'. (/home/steve/video_streaming_10g_demo_v1.4.1_2026.1_imx900_rpi/fpga/Ti375N1156-DK/ip/sapphire_gen/sapphire_gen.v:10469) [EFX-0201]
WARNING  : Re-wiring to GND non-driven net/port 'dataCache_1_io_cpu_writeBack_fence_PI' in module 'VexRiscv_6da3aa8a00f24008ad95d1e51c813f5a'. (/home/steve/video_streaming_10g_demo_v1.4.1_2026.1_imx900_rpi/fpga/Ti375N1156-DK/ip/sapphire_gen/sapphire_gen.v:10470) [EFX-0201]
WARNING  : Re-wiring to GND non-driven net/port 'dataCache_1_io_cpu_writeBack_fence_FM[3]' in module 'VexRiscv_6da3aa8a00f24008ad95d1e51c813f5a'. (/home/steve/video_streaming_10g_demo_v1.4.1_2026.1_imx900_rpi/fpga/Ti375N1156-DK/ip/sapphire_gen/sapphire_gen.v:10471) [EFX-0201]
WARNING  : (The above message was generated too many times, subsequent similar messages will be muted.) [EFX-0201]
INFO     : ... Memory 'RegFilePlugin_regFile' is not initialized, assuming empty initial contents. (/home/steve/video_streaming_10g_demo_v1.4.1_2026.1_imx900_rpi/fpga/Ti375N1156-DK/ip/sapphire_gen/sapphire_gen.v:11773) [EFX-0677]
INFO     : ... Memory 'logic_progbufX_mem' is not initialized, assuming empty initial contents. (/home/steve/video_streaming_10g_demo_v1.4.1_2026.1_imx900_rpi/fpga/Ti375N1156-DK/ip/sapphire_gen/sapphire_gen.v:9567) [EFX-0677]
INFO     : Module Instance 'memory_arbiter' input pin 'io_inputs_0_payload_fragment_source[0]' is tied to constant (=0). [EFX-0266]
INFO     : Module Instance 'memory_arbiter' input pin 'io_inputs_1_payload_fragment_source[0]' is tied to constant (=0). [EFX-0266]
INFO     : Module Instance 'memory_arbiter' input pin 'io_inputs_1_payload_fragment_context[0]' is tied to constant (=0). [EFX-0266]
INFO     : Module Instance 'tx' input pin 'io_cts' is tied to constant (=0). [EFX-0266]
INFO     : ... Memory 'logic_ram' is not initialized, assuming empty initial contents. (/home/steve/video_streaming_10g_demo_v1.4.1_2026.1_imx900_rpi/fpga/Ti375N1156-DK/ip/sapphire_gen/sapphire_gen.v:17384) [EFX-0677]
INFO     : Module Instance 'bridge_write_streamUnbuffered_queueWithOccupancy' input pin 'io_flush' is tied to constant (=0). [EFX-0266]
INFO     : Module Instance 'uartCtrl_1_io_read_queueWithOccupancy' input pin 'io_flush' is tied to constant (=0). [EFX-0266]
INFO     : ... Memory 'logic_ram' is not initialized, assuming empty initial contents. (/home/steve/video_streaming_10g_demo_v1.4.1_2026.1_imx900_rpi/fpga/Ti375N1156-DK/ip/sapphire_gen/sapphire_gen.v:16567) [EFX-0677]
INFO     : ... Memory 'logic_ram' is not initialized, assuming empty initial contents. (/home/steve/video_streaming_10g_demo_v1.4.1_2026.1_imx900_rpi/fpga/Ti375N1156-DK/ip/sapphire_gen/sapphire_gen.v:16396) [EFX-0677]
INFO     : Module Instance 'mapping_cmdLogic_streamUnbuffered_queueWithAvailability' input pin 'io_flush' is tied to constant (=0). [EFX-0266]
INFO     : Module Instance 'ctrl_io_rsp_queueWithOccupancy' input pin 'io_flush' is tied to constant (=0). [EFX-0266]
INFO     : Module Instance 'system_bridge_bmb_arbiter' input pin 'io_inputs_1_cmd_payload_fragment_data[0]' is tied to constant (=0). [EFX-0266]
INFO     : Module Instance 'system_bridge_bmb_arbiter' input pin 'io_inputs_1_cmd_payload_fragment_data[1]' is tied to constant (=0). [EFX-0266]
INFO     : Module Instance 'system_bridge_bmb_arbiter' input pin 'io_inputs_1_cmd_payload_fragment_data[2]' is tied to constant (=0). [EFX-0266]
INFO     : Module Instance 'system_bridge_bmb_arbiter' input pin 'io_inputs_1_cmd_payload_fragment_data[3]' is tied to constant (=0). [EFX-0266]
INFO     : Module Instance 'system_bridge_bmb_arbiter' input pin 'io_inputs_1_cmd_payload_fragment_data[4]' is tied to constant (=0). [EFX-0266]
INFO     : Module Instance 'system_bridge_bmb_arbiter' input pin 'io_inputs_1_cmd_payload_fragment_data[5]' is tied to constant (=0). [EFX-0266]
INFO     : Module Instance 'system_bridge_bmb_arbiter' input pin 'io_inputs_1_cmd_payload_fragment_data[6]' is tied to constant (=0). [EFX-0266]
INFO     : Module Instance 'system_bridge_bmb_arbiter' input pin 'io_inputs_1_cmd_payload_fragment_data[7]' is tied to constant (=0). [EFX-0266]
INFO     : Module Instance 'system_bridge_bmb_arbiter' input pin 'io_inputs_1_cmd_payload_fragment_data[8]' is tied to constant (=0). [EFX-0266]
INFO     : Module Instance 'system_bridge_bmb_arbiter' input pin 'io_inputs_1_cmd_payload_fragment_data[9]' is tied to constant (=0). [EFX-0266]
INFO     : Module Instance 'system_bridge_bmb_arbiter' input pin 'io_inputs_1_cmd_payload_fragment_data[10]' is tied to constant (=0). [EFX-0266]
INFO     : Module Instance 'system_bridge_bmb_arbiter' input pin 'io_inputs_1_cmd_payload_fragment_data[11]' is tied to constant (=0). [EFX-0266]
INFO     : Module Instance 'system_bridge_bmb_arbiter' input pin 'io_inputs_1_cmd_payload_fragment_data[12]' is tied to constant (=0). [EFX-0266]
INFO     : Module Instance 'system_bridge_bmb_arbiter' input pin 'io_inputs_1_cmd_payload_fragment_data[13]' is tied to constant (=0). [EFX-0266]
INFO     : Module Instance 'system_bridge_bmb_arbiter' input pin 'io_inputs_1_cmd_payload_fragment_data[14]' is tied to constant (=0). [EFX-0266]
INFO     : Module Instance 'system_bridge_bmb_arbiter' input pin 'io_inputs_1_cmd_payload_fragment_data[15]' is tied to constant (=0). [EFX-0266]
INFO     : Module Instance 'system_bridge_bmb_arbiter' input pin 'io_inputs_1_cmd_payload_fragment_data[16]' is tied to constant (=0). [EFX-0266]
INFO     : Module Instance 'system_bridge_bmb_arbiter' input pin 'io_inputs_1_cmd_payload_fragment_data[17]' is tied to constant (=0). [EFX-0266]
INFO     : Module Instance 'system_bridge_bmb_arbiter' input pin 'io_inputs_1_cmd_payload_fragment_data[18]' is tied to constant (=0). [EFX-0266]
INFO     : Module Instance 'system_bridge_bmb_arbiter' input pin 'io_inputs_1_cmd_payload_fragment_data[19]' is tied to constant (=0). [EFX-0266]
INFO     : Module Instance 'system_bridge_bmb_arbiter' input pin 'io_inputs_1_cmd_payload_fragment_data[20]' is tied to constant (=0). [EFX-0266]
INFO     : Module Instance 'system_bridge_bmb_arbiter' input pin 'io_inputs_1_cmd_payload_fragment_data[21]' is tied to constant (=0). [EFX-0266]
INFO     : Module Instance 'system_bridge_bmb_arbiter' input pin 'io_inputs_1_cmd_payload_fragment_data[22]' is tied to constant (=0). [EFX-0266]
INFO     : Module Instance 'system_bridge_bmb_arbiter' input pin 'io_inputs_1_cmd_payload_fragment_data[23]' is tied to constant (=0). [EFX-0266]
INFO     : Module Instance 'system_bridge_bmb_arbiter' input pin 'io_inputs_1_cmd_payload_fragment_data[24]' is tied to constant (=0). [EFX-0266]
INFO     : Module Instance 'system_bridge_bmb_arbiter' input pin 'io_inputs_1_cmd_payload_fragment_data[25]' is tied to constant (=0). [EFX-0266]
INFO     : Module Instance 'system_bridge_bmb_arbiter' input pin 'io_inputs_1_cmd_payload_fragment_data[26]' is tied to constant (=0). [EFX-0266]
INFO     : Module Instance 'system_bridge_bmb_arbiter' input pin 'io_inputs_1_cmd_payload_fragment_data[27]' is tied to constant (=0). [EFX-0266]
INFO     : Module Instance 'system_bridge_bmb_arbiter' input pin 'io_inputs_1_cmd_payload_fragment_data[28]' is tied to constant (=0). [EFX-0266]
INFO     : Module Instance 'system_bridge_bmb_arbiter' input pin 'io_inputs_1_cmd_payload_fragment_data[29]' is tied to constant (=0). [EFX-0266]
INFO     : Module Instance 'system_bridge_bmb_arbiter' input pin 'io_inputs_1_cmd_payload_fragment_data[30]' is tied to constant (=0). [EFX-0266]
INFO     : Module Instance 'system_bridge_bmb_arbiter' input pin 'io_inputs_1_cmd_payload_fragment_data[31]' is tied to constant (=0). [EFX-0266]
INFO     : Module Instance 'system_bridge_bmb_arbiter' input pin 'io_inputs_1_cmd_payload_fragment_mask[0]' is tied to constant (=0). [EFX-0266]
INFO     : Module Instance 'system_bridge_bmb_arbiter' input pin 'io_inputs_1_cmd_payload_fragment_mask[1]' is tied to constant (=0). [EFX-0266]
INFO     : Module Instance 'system_bridge_bmb_arbiter' input pin 'io_inputs_1_cmd_payload_fragment_mask[2]' is tied to constant (=0). [EFX-0266]
INFO     : Module Instance 'system_bridge_bmb_arbiter' input pin 'io_inputs_1_cmd_payload_fragment_mask[3]' is tied to constant (=0). [EFX-0266]
INFO     : Module Instance 'genblk5.ecc_check_inst' input pin 'pkt_header[24]' is tied to constant (=0). [EFX-0266]
INFO     : Module Instance 'genblk5.ecc_check_inst' input pin 'pkt_header[25]' is tied to constant (=0). [EFX-0266]
INFO     : Module Instance 'active_high.efx_resetsync_active_high' input pin 'd_i[0]' is tied to constant (=0). [EFX-0266]
INFO     : ... Memory 'ram' is not initialized, assuming empty initial contents. (/home/steve/video_streaming_10g_demo_v1.4.1_2026.1_imx900_rpi/fpga/Ti375N1156-DK/ip/efx_csi2_rx_top_rx/efx_csi2_rx_top_rx.sv:6068) [EFX-0677]
INFO     : Module Instance 'genblk1[0].u1_inst' input pin 'wr_clk_i' is tied to constant (=0). [EFX-0266]
INFO     : Module Instance 'genblk1[0].u1_inst' input pin 'rd_clk_i' is tied to constant (=0). [EFX-0266]
INFO     : Module Instance 'genblk1[0].u1_inst' input pin 'a_wr_rst_i' is tied to constant (=0). [EFX-0266]
INFO     : Module Instance 'genblk1[0].u1_inst' input pin 'a_rd_rst_i' is tied to constant (=0). [EFX-0266]
INFO     : Module Instance 'genblk1[1].u1_inst' input pin 'wr_clk_i' is tied to constant (=0). [EFX-0266]
INFO     : Module Instance 'genblk1[1].u1_inst' input pin 'rd_clk_i' is tied to constant (=0). [EFX-0266]
INFO     : Module Instance 'genblk1[1].u1_inst' input pin 'a_wr_rst_i' is tied to constant (=0). [EFX-0266]
INFO     : Module Instance 'genblk1[1].u1_inst' input pin 'a_rd_rst_i' is tied to constant (=0). [EFX-0266]
INFO     : Module Instance 'genblk1[2].u1_inst' input pin 'wr_clk_i' is tied to constant (=0). [EFX-0266]
INFO     : Module Instance 'genblk1[2].u1_inst' input pin 'rd_clk_i' is tied to constant (=0). [EFX-0266]
INFO     : Module Instance 'genblk1[2].u1_inst' input pin 'a_wr_rst_i' is tied to constant (=0). [EFX-0266]
INFO     : Module Instance 'genblk1[2].u1_inst' input pin 'a_rd_rst_i' is tied to constant (=0). [EFX-0266]
INFO     : Module Instance 'genblk1[3].u1_inst' input pin 'wr_clk_i' is tied to constant (=0). [EFX-0266]
INFO     : Module Instance 'genblk1[3].u1_inst' input pin 'rd_clk_i' is tied to constant (=0). [EFX-0266]
INFO     : Module Instance 'genblk1[3].u1_inst' input pin 'a_wr_rst_i' is tied to constant (=0). [EFX-0266]
INFO     : Module Instance 'genblk1[3].u1_inst' input pin 'a_rd_rst_i' is tied to constant (=0). [EFX-0266]
INFO     : ... Memory 'ram' is not initialized, assuming empty initial contents. (/home/steve/video_streaming_10g_demo_v1.4.1_2026.1_imx900_rpi/fpga/Ti375N1156-DK/ip/efx_csi2_rx_top_rx/efx_csi2_rx_top_rx.sv:6068) [EFX-0677]
INFO     : Module Instance 'u1_inst' input pin 'clk_i' is tied to constant (=0). [EFX-0266]
INFO     : Module Instance 'u1_inst' input pin 'a_wr_rst_i' is tied to constant (=0). [EFX-0266]
INFO     : Module Instance 'u1_inst' input pin 'a_rd_rst_i' is tied to constant (=0). [EFX-0266]
INFO     : ... Memory 'mem' is not initialized, assuming empty initial contents. (/home/steve/video_streaming_10g_demo_v1.4.1_2026.1_imx900_rpi/rtl/lib/common/frame_buffer_512/vga_buffer.v:31) [EFX-0677]
INFO     : Module Instance 'inst_shift_reg_02' input pin 'i_en' is tied to constant (=1). [EFX-0266]
INFO     : ... Memory 'ram' is not initialized, assuming empty initial contents. (/home/steve/video_streaming_10g_demo_v1.4.1_2026.1_imx900_rpi/rtl/lib/common/frame_buffer_512/Axi4_2x512_1x512.v:1671) [EFX-0677]
INFO     : Module Instance 'cmdArbiter_io_output_fork_io_outputs_1_translated_fifo' input pin 'io_flush' is tied to constant (=0). [EFX-0266]
INFO     : Module Instance 'inst_rd_address_decoder_0' input pin 'in_frame_cnt[2]' is tied to constant (=0). [EFX-0266]
INFO     : Module Instance 'inst_rd_address_decoder_1' input pin 'in_frame_cnt[2]' is tied to constant (=1). [EFX-0266]
INFO     : Module Instance 'inst_wr_address_decoder_0' input pin 'in_frame_cnt[2]' is tied to constant (=0). [EFX-0266]
INFO     : Module Instance 'inst_wr_address_decoder_1' input pin 'in_frame_cnt[2]' is tied to constant (=1). [EFX-0266]
INFO     : Module Instance 'inst_Axi4_2x512_1x512_00' input pin 'io_axis_0_aw_payload_id[0]' is tied to constant (=0). [EFX-0266]
INFO     : Module Instance 'inst_Axi4_2x512_1x512_00' input pin 'io_axis_0_aw_payload_id[1]' is tied to constant (=0). [EFX-0266]
INFO     : Module Instance 'inst_Axi4_2x512_1x512_00' input pin 'io_axis_0_aw_payload_id[2]' is tied to constant (=0). [EFX-0266]
INFO     : Module Instance 'inst_Axi4_2x512_1x512_00' input pin 'io_axis_0_aw_payload_id[3]' is tied to constant (=0). [EFX-0266]
INFO     : Module Instance 'inst_Axi4_2x512_1x512_00' input pin 'io_axis_0_aw_payload_len[0]' is tied to constant (=1). [EFX-0266]
INFO     : Module Instance 'inst_Axi4_2x512_1x512_00' input pin 'io_axis_0_aw_payload_len[1]' is tied to constant (=1). [EFX-0266]
INFO     : Module Instance 'inst_Axi4_2x512_1x512_00' input pin 'io_axis_0_aw_payload_len[2]' is tied to constant (=1). [EFX-0266]
INFO     : Module Instance 'inst_Axi4_2x512_1x512_00' input pin 'io_axis_0_aw_payload_len[3]' is tied to constant (=1). [EFX-0266]
INFO     : Module Instance 'inst_Axi4_2x512_1x512_00' input pin 'io_axis_0_aw_payload_len[4]' is tied to constant (=1). [EFX-0266]
INFO     : Module Instance 'inst_Axi4_2x512_1x512_00' input pin 'io_axis_0_aw_payload_len[5]' is tied to constant (=0). [EFX-0266]
INFO     : Module Instance 'inst_Axi4_2x512_1x512_00' input pin 'io_axis_0_aw_payload_len[6]' is tied to constant (=0). [EFX-0266]
INFO     : Module Instance 'inst_Axi4_2x512_1x512_00' input pin 'io_axis_0_aw_payload_len[7]' is tied to constant (=0). [EFX-0266]
INFO     : Module Instance 'inst_Axi4_2x512_1x512_00' input pin 'io_axis_0_aw_payload_size[0]' is tied to constant (=0). [EFX-0266]
INFO     : Module Instance 'inst_Axi4_2x512_1x512_00' input pin 'io_axis_0_aw_payload_size[1]' is tied to constant (=1). [EFX-0266]
INFO     : Module Instance 'inst_Axi4_2x512_1x512_00' input pin 'io_axis_0_aw_payload_size[2]' is tied to constant (=1). [EFX-0266]
INFO     : Module Instance 'inst_Axi4_2x512_1x512_00' input pin 'io_axis_0_aw_payload_burst[0]' is tied to constant (=1). [EFX-0266]
INFO     : Module Instance 'inst_Axi4_2x512_1x512_00' input pin 'io_axis_0_aw_payload_burst[1]' is tied to constant (=0). [EFX-0266]
INFO     : Module Instance 'inst_Axi4_2x512_1x512_00' input pin 'io_axis_0_aw_payload_lock[0]' is tied to constant (=0). [EFX-0266]
INFO     : Module Instance 'inst_Axi4_2x512_1x512_00' input pin 'io_axis_0_aw_payload_cache[0]' is tied to constant (=0). [EFX-0266]
INFO     : Module Instance 'inst_Axi4_2x512_1x512_00' input pin 'io_axis_0_aw_payload_cache[1]' is tied to constant (=0). [EFX-0266]
INFO     : Module Instance 'inst_Axi4_2x512_1x512_00' input pin 'io_axis_0_aw_payload_cache[2]' is tied to constant (=0). [EFX-0266]
INFO     : Module Instance 'inst_Axi4_2x512_1x512_00' input pin 'io_axis_0_aw_payload_cache[3]' is tied to constant (=0). [EFX-0266]
INFO     : Module Instance 'inst_Axi4_2x512_1x512_00' input pin 'io_axis_0_aw_payload_qos[0]' is tied to constant (=0). [EFX-0266]
INFO     : Module Instance 'inst_Axi4_2x512_1x512_00' input pin 'io_axis_0_aw_payload_qos[1]' is tied to constant (=0). [EFX-0266]
INFO     : Module Instance 'inst_Axi4_2x512_1x512_00' input pin 'io_axis_0_aw_payload_qos[2]' is tied to constant (=0). [EFX-0266]
INFO     : Module Instance 'inst_Axi4_2x512_1x512_00' input pin 'io_axis_0_aw_payload_qos[3]' is tied to constant (=0). [EFX-0266]
INFO     : Module Instance 'inst_Axi4_2x512_1x512_00' input pin 'io_axis_0_w_payload_strb[0]' is tied to constant (=1). [EFX-0266]
INFO     : Module Instance 'inst_Axi4_2x512_1x512_00' input pin 'io_axis_0_w_payload_strb[1]' is tied to constant (=1). [EFX-0266]
INFO     : (The above message was generated too many times, subsequent similar messages will be muted.) [EFX-0266]
INFO     : ... Memory 'ram' is not initialized, assuming empty initial contents. (/home/steve/video_streaming_10g_demo_v1.4.1_2026.1_imx900_rpi/rtl/efx_fifo_top_custom.v:653) [EFX-0677]
INFO     : ... Memory 'ram' is not initialized, assuming empty initial contents. (/home/steve/video_streaming_10g_demo_v1.4.1_2026.1_imx900_rpi/rtl/efx_fifo_top_custom.v:653) [EFX-0677]
INFO     : ... Memory 'mem' is not initialized, assuming empty initial contents. (/home/steve/video_streaming_10g_demo_v1.4.1_2026.1_imx900_rpi/rtl/lib/axis/rtl/axis_fifo.v:191) [EFX-0677]
INFO     : ... Memory 'mem' is not initialized, assuming empty initial contents. (/home/steve/video_streaming_10g_demo_v1.4.1_2026.1_imx900_rpi/rtl/lib/axis/rtl/axis_fifo.v:191) [EFX-0677]
INFO     : ... Memory 'eth_dest_mac_mem' is not initialized, assuming empty initial contents. (/home/steve/video_streaming_10g_demo_v1.4.1_2026.1_imx900_rpi/rtl/lib/verilog-ethernet/rtl/udp_checksum_gen_64.v:267) [EFX-0677]
INFO     : ... Memory 'eth_src_mac_mem' is not initialized, assuming empty initial contents. (/home/steve/video_streaming_10g_demo_v1.4.1_2026.1_imx900_rpi/rtl/lib/verilog-ethernet/rtl/udp_checksum_gen_64.v:268) [EFX-0677]
INFO     : ... Memory 'eth_type_mem' is not initialized, assuming empty initial contents. (/home/steve/video_streaming_10g_demo_v1.4.1_2026.1_imx900_rpi/rtl/lib/verilog-ethernet/rtl/udp_checksum_gen_64.v:269) [EFX-0677]
INFO     : ... Memory 'ip_version_mem' is not initialized, assuming empty initial contents. (/home/steve/video_streaming_10g_demo_v1.4.1_2026.1_imx900_rpi/rtl/lib/verilog-ethernet/rtl/udp_checksum_gen_64.v:270) [EFX-0677]
INFO     : ... Memory 'ip_ihl_mem' is not initialized, assuming empty initial contents. (/home/steve/video_streaming_10g_demo_v1.4.1_2026.1_imx900_rpi/rtl/lib/verilog-ethernet/rtl/udp_checksum_gen_64.v:271) [EFX-0677]
INFO     : ... Memory 'ip_dscp_mem' is not initialized, assuming empty initial contents. (/home/steve/video_streaming_10g_demo_v1.4.1_2026.1_imx900_rpi/rtl/lib/verilog-ethernet/rtl/udp_checksum_gen_64.v:272) [EFX-0677]
INFO     : ... Memory 'ip_ecn_mem' is not initialized, assuming empty initial contents. (/home/steve/video_streaming_10g_demo_v1.4.1_2026.1_imx900_rpi/rtl/lib/verilog-ethernet/rtl/udp_checksum_gen_64.v:273) [EFX-0677]
INFO     : ... Memory 'ip_identification_mem' is not initialized, assuming empty initial contents. (/home/steve/video_streaming_10g_demo_v1.4.1_2026.1_imx900_rpi/rtl/lib/verilog-ethernet/rtl/udp_checksum_gen_64.v:274) [EFX-0677]
INFO     : ... Memory 'ip_flags_mem' is not initialized, assuming empty initial contents. (/home/steve/video_streaming_10g_demo_v1.4.1_2026.1_imx900_rpi/rtl/lib/verilog-ethernet/rtl/udp_checksum_gen_64.v:275) [EFX-0677]
INFO     : ... Memory 'ip_fragment_offset_mem' is not initialized, assuming empty initial contents. (/home/steve/video_streaming_10g_demo_v1.4.1_2026.1_imx900_rpi/rtl/lib/verilog-ethernet/rtl/udp_checksum_gen_64.v:276) [EFX-0677]
INFO     : ... Memory 'ip_ttl_mem' is not initialized, assuming empty initial contents. (/home/steve/video_streaming_10g_demo_v1.4.1_2026.1_imx900_rpi/rtl/lib/verilog-ethernet/rtl/udp_checksum_gen_64.v:277) [EFX-0677]
INFO     : ... Memory 'ip_header_checksum_mem' is not initialized, assuming empty initial contents. (/home/steve/video_streaming_10g_demo_v1.4.1_2026.1_imx900_rpi/rtl/lib/verilog-ethernet/rtl/udp_checksum_gen_64.v:278) [EFX-0677]
INFO     : ... Memory 'ip_source_ip_mem' is not initialized, assuming empty initial contents. (/home/steve/video_streaming_10g_demo_v1.4.1_2026.1_imx900_rpi/rtl/lib/verilog-ethernet/rtl/udp_checksum_gen_64.v:279) [EFX-0677]
INFO     : ... Memory 'ip_dest_ip_mem' is not initialized, assuming empty initial contents. (/home/steve/video_streaming_10g_demo_v1.4.1_2026.1_imx900_rpi/rtl/lib/verilog-ethernet/rtl/udp_checksum_gen_64.v:280) [EFX-0677]
INFO     : ... Memory 'udp_source_port_mem' is not initialized, assuming empty initial contents. (/home/steve/video_streaming_10g_demo_v1.4.1_2026.1_imx900_rpi/rtl/lib/verilog-ethernet/rtl/udp_checksum_gen_64.v:281) [EFX-0677]
INFO     : ... Memory 'udp_dest_port_mem' is not initialized, assuming empty initial contents. (/home/steve/video_streaming_10g_demo_v1.4.1_2026.1_imx900_rpi/rtl/lib/verilog-ethernet/rtl/udp_checksum_gen_64.v:282) [EFX-0677]
INFO     : ... Memory 'udp_length_mem' is not initialized, assuming empty initial contents. (/home/steve/video_streaming_10g_demo_v1.4.1_2026.1_imx900_rpi/rtl/lib/verilog-ethernet/rtl/udp_checksum_gen_64.v:283) [EFX-0677]
INFO     : ... Memory 'udp_checksum_mem' is not initialized, assuming empty initial contents. (/home/steve/video_streaming_10g_demo_v1.4.1_2026.1_imx900_rpi/rtl/lib/verilog-ethernet/rtl/udp_checksum_gen_64.v:284) [EFX-0677]
INFO     : ... Pre-synthesis checks end (Real time : 0s CPU user time : 11s CPU sys time : 0s MEM : 350688KB)
INFO     : ... NameSpace init begin
INFO     : ... NameSpace init end (Real time : 0s CPU user time : 11s CPU sys time : 0s MEM : 350816KB)
INFO     : ... Mapping design "fpga"
INFO     : ... Hierarchical pre-synthesis "reset(OUT_RST_ACTIVE="LOW",CYCLE=2)" begin
INFO     : ... Hierarchical pre-synthesis "reset(OUT_RST_ACTIVE="LOW",CYCLE=2)" end (Real time : 0s CPU user time : 11s CPU sys time : 0s MEM : 352080KB)
INFO     : ... Hierarchical pre-synthesis "debounce_switch(WIDTH=2,N=8,RATE=156000)" begin
WARNING  : Mapping into logic memory block 'debounce_reg' (16 bits) (/home/steve/video_streaming_10g_demo_v1.4.1_2026.1_imx900_rpi/rtl/debounce_switch.v:47) because size is too small (<=64) [EFX-0657]
INFO     : ... Hierarchical pre-synthesis "debounce_switch(WIDTH=2,N=8,RATE=156000)" end (Real time : 0s CPU user time : 11s CPU sys time : 0s MEM : 352336KB)
INFO     : ... Hierarchical pre-synthesis "reset(CYCLE=4)" begin
INFO     : ... Hierarchical pre-synthesis "reset(CYCLE=4)" end (Real time : 0s CPU user time : 11s CPU sys time : 0s MEM : 352336KB)
INFO     : ... Hierarchical pre-synthesis "apb_master(ROM_MIF="efx_rom_mif.mem",ROM_DEPTH=20)" begin
INFO     : ... Hierarchical pre-synthesis "apb_master(ROM_MIF="efx_rom_mif.mem",ROM_DEPTH=20)" end (Real time : 0s CPU user time : 11s CPU sys time : 0s MEM : 352848KB)
INFO     : ... Hierarchical pre-synthesis "apb3_slave(ADDR_WIDTH=20)" begin
INFO     : ... Hierarchical pre-synthesis "apb3_slave(ADDR_WIDTH=20)" end (Real time : 0s CPU user time : 12s CPU sys time : 0s MEM : 352976KB)
INFO     : ... Hierarchical pre-synthesis "InstructionCache_6da3aa8a00f24008ad95d1e51c813f5a" begin
INFO     : ... Hierarchical pre-synthesis "InstructionCache_6da3aa8a00f24008ad95d1e51c813f5a" end (Real time : 0s CPU user time : 12s CPU sys time : 0s MEM : 352976KB)
INFO     : ... Hierarchical pre-synthesis "DataCache_6da3aa8a00f24008ad95d1e51c813f5a" begin
INFO     : ... Hierarchical pre-synthesis "DataCache_6da3aa8a00f24008ad95d1e51c813f5a" end (Real time : 1s CPU user time : 12s CPU sys time : 0s MEM : 352976KB)
INFO     : ... Hierarchical pre-synthesis "BufferCC_6da3aa8a00f24008ad95d1e51c813f5a" begin
INFO     : ... Hierarchical pre-synthesis "BufferCC_6da3aa8a00f24008ad95d1e51c813f5a" end (Real time : 0s CPU user time : 12s CPU sys time : 0s MEM : 352976KB)
INFO     : ... Hierarchical pre-synthesis "EfxCPUSp1_6da3aa8a00f24008ad95d1e51c813f5a" begin
INFO     : ... Hierarchical pre-synthesis "EfxCPUSp1_6da3aa8a00f24008ad95d1e51c813f5a" end (Real time : 0s CPU user time : 12s CPU sys time : 0s MEM : 352976KB)
INFO     : ... Hierarchical pre-synthesis "EfxCPUSp2_6da3aa8a00f24008ad95d1e51c813f5a" begin
INFO     : ... Hierarchical pre-synthesis "EfxCPUSp2_6da3aa8a00f24008ad95d1e51c813f5a" end (Real time : 0s CPU user time : 12s CPU sys time : 0s MEM : 352976KB)
INFO     : ... Hierarchical pre-synthesis "VexRiscv_6da3aa8a00f24008ad95d1e51c813f5a" begin
INFO     : ... Hierarchical pre-synthesis "VexRiscv_6da3aa8a00f24008ad95d1e51c813f5a" end (Real time : 0s CPU user time : 13s CPU sys time : 0s MEM : 353104KB)
INFO     : ... Hierarchical pre-synthesis "DebugModule_6da3aa8a00f24008ad95d1e51c813f5a" begin
WARNING  : Mapping into logic memory block 'logic_progbufX_mem' (64 bits) (/home/steve/video_streaming_10g_demo_v1.4.1_2026.1_imx900_rpi/fpga/Ti375N1156-DK/ip/sapphire_gen/sapphire_gen.v:9567) because size is too small (<=64) [EFX-0657]
INFO     : ... Hierarchical pre-synthesis "DebugModule_6da3aa8a00f24008ad95d1e51c813f5a" end (Real time : 0s CPU user time : 13s CPU sys time : 0s MEM : 353104KB)
INFO     : ... Hierarchical pre-synthesis "BufferCC_7_6da3aa8a00f24008ad95d1e51c813f5a" begin
INFO     : ... Hierarchical pre-synthesis "BufferCC_7_6da3aa8a00f24008ad95d1e51c813f5a" end (Real time : 0s CPU user time : 13s CPU sys time : 0s MEM : 353104KB)
INFO     : ... Hierarchical pre-synthesis "BufferCC_8_6da3aa8a00f24008ad95d1e51c813f5a" begin
INFO     : ... Hierarchical pre-synthesis "BufferCC_8_6da3aa8a00f24008ad95d1e51c813f5a" end (Real time : 0s CPU user time : 13s CPU sys time : 0s MEM : 353104KB)
INFO     : ... Hierarchical pre-synthesis "BufferCC_11_6da3aa8a00f24008ad95d1e51c813f5a" begin
INFO     : ... Hierarchical pre-synthesis "BufferCC_11_6da3aa8a00f24008ad95d1e51c813f5a" end (Real time : 0s CPU user time : 13s CPU sys time : 0s MEM : 353104KB)
INFO     : ... Hierarchical pre-synthesis "BufferCC_1_6da3aa8a00f24008ad95d1e51c813f5a" begin
INFO     : ... Hierarchical pre-synthesis "BufferCC_1_6da3aa8a00f24008ad95d1e51c813f5a" end (Real time : 0s CPU user time : 13s CPU sys time : 0s MEM : 353104KB)
INFO     : ... Hierarchical pre-synthesis "FlowCCByToggle_6da3aa8a00f24008ad95d1e51c813f5a" begin
INFO     : ... Hierarchical pre-synthesis "FlowCCByToggle_6da3aa8a00f24008ad95d1e51c813f5a" end (Real time : 0s CPU user time : 13s CPU sys time : 0s MEM : 353104KB)
INFO     : ... Hierarchical pre-synthesis "BufferCC_2_6da3aa8a00f24008ad95d1e51c813f5a" begin
INFO     : ... Hierarchical pre-synthesis "BufferCC_2_6da3aa8a00f24008ad95d1e51c813f5a" end (Real time : 0s CPU user time : 13s CPU sys time : 0s MEM : 353104KB)
INFO     : ... Hierarchical pre-synthesis "BufferCC_3_6da3aa8a00f24008ad95d1e51c813f5a" begin
INFO     : ... Hierarchical pre-synthesis "BufferCC_3_6da3aa8a00f24008ad95d1e51c813f5a" end (Real time : 0s CPU user time : 13s CPU sys time : 0s MEM : 353104KB)
INFO     : ... Hierarchical pre-synthesis "FlowCCByToggle_1_6da3aa8a00f24008ad95d1e51c813f5a" begin
INFO     : ... Hierarchical pre-synthesis "FlowCCByToggle_1_6da3aa8a00f24008ad95d1e51c813f5a" end (Real time : 0s CPU user time : 13s CPU sys time : 0s MEM : 353104KB)
INFO     : ... Hierarchical pre-synthesis "DebugTransportModuleTunneled_6da3aa8a00f24008ad95d1e51c813f5a" begin
INFO     : ... Hierarchical pre-synthesis "DebugTransportModuleTunneled_6da3aa8a00f24008ad95d1e51c813f5a" end (Real time : 1s CPU user time : 13s CPU sys time : 0s MEM : 353104KB)
INFO     : ... Hierarchical pre-synthesis "BmbDecoder_6da3aa8a00f24008ad95d1e51c813f5a" begin
INFO     : ... Hierarchical pre-synthesis "BmbDecoder_6da3aa8a00f24008ad95d1e51c813f5a" end (Real time : 0s CPU user time : 13s CPU sys time : 0s MEM : 353104KB)
INFO     : ... Hierarchical pre-synthesis "StreamArbiter_6da3aa8a00f24008ad95d1e51c813f5a" begin
INFO     : ... Hierarchical pre-synthesis "StreamArbiter_6da3aa8a00f24008ad95d1e51c813f5a" end (Real time : 0s CPU user time : 13s CPU sys time : 0s MEM : 353104KB)
INFO     : ... Hierarchical pre-synthesis "BmbArbiter_6da3aa8a00f24008ad95d1e51c813f5a" begin
INFO     : ... Hierarchical pre-synthesis "BmbArbiter_6da3aa8a00f24008ad95d1e51c813f5a" end (Real time : 0s CPU user time : 13s CPU sys time : 0s MEM : 353104KB)
INFO     : ... Hierarchical pre-synthesis "BmbDecoder_1_6da3aa8a00f24008ad95d1e51c813f5a" begin
INFO     : ... Hierarchical pre-synthesis "BmbDecoder_1_6da3aa8a00f24008ad95d1e51c813f5a" end (Real time : 0s CPU user time : 13s CPU sys time : 0s MEM : 353104KB)
INFO     : ... Hierarchical pre-synthesis "BmbOnChipRam_6da3aa8a00f24008ad95d1e51c813f5a" begin
INFO     : ... Hierarchical pre-synthesis "BmbOnChipRam_6da3aa8a00f24008ad95d1e51c813f5a" end (Real time : 0s CPU user time : 13s CPU sys time : 0s MEM : 353104KB)
INFO     : ... Hierarchical pre-synthesis "BmbUnburstify_6da3aa8a00f24008ad95d1e51c813f5a" begin
INFO     : ... Hierarchical pre-synthesis "BmbUnburstify_6da3aa8a00f24008ad95d1e51c813f5a" end (Real time : 0s CPU user time : 13s CPU sys time : 0s MEM : 353104KB)
INFO     : ... Hierarchical pre-synthesis "BmbDecoder_2_6da3aa8a00f24008ad95d1e51c813f5a" begin
INFO     : ... Hierarchical pre-synthesis "BmbDecoder_2_6da3aa8a00f24008ad95d1e51c813f5a" end (Real time : 0s CPU user time : 13s CPU sys time : 0s MEM : 353104KB)
INFO     : ... Hierarchical pre-synthesis "BmbClint_6da3aa8a00f24008ad95d1e51c813f5a" begin
INFO     : ... Hierarchical pre-synthesis "BmbClint_6da3aa8a00f24008ad95d1e51c813f5a" end (Real time : 0s CPU user time : 13s CPU sys time : 0s MEM : 353104KB)
INFO     : ... Hierarchical pre-synthesis "UartCtrlTx_6da3aa8a00f24008ad95d1e51c813f5a" begin
INFO     : ... Hierarchical pre-synthesis "UartCtrlTx_6da3aa8a00f24008ad95d1e51c813f5a" end (Real time : 0s CPU user time : 13s CPU sys time : 0s MEM : 353104KB)
INFO     : ... Hierarchical pre-synthesis "BufferCC_4_6da3aa8a00f24008ad95d1e51c813f5a" begin
INFO     : ... Hierarchical pre-synthesis "BufferCC_4_6da3aa8a00f24008ad95d1e51c813f5a" end (Real time : 0s CPU user time : 13s CPU sys time : 0s MEM : 353104KB)
INFO     : ... Hierarchical pre-synthesis "UartCtrlRx_6da3aa8a00f24008ad95d1e51c813f5a" begin
INFO     : ... Hierarchical pre-synthesis "UartCtrlRx_6da3aa8a00f24008ad95d1e51c813f5a" end (Real time : 0s CPU user time : 13s CPU sys time : 0s MEM : 353104KB)
INFO     : ... Hierarchical pre-synthesis "UartCtrl_6da3aa8a00f24008ad95d1e51c813f5a" begin
INFO     : ... Hierarchical pre-synthesis "UartCtrl_6da3aa8a00f24008ad95d1e51c813f5a" end (Real time : 0s CPU user time : 13s CPU sys time : 0s MEM : 353104KB)
INFO     : ... Hierarchical pre-synthesis "StreamFifo_6da3aa8a00f24008ad95d1e51c813f5a" begin
INFO     : ... Hierarchical pre-synthesis "StreamFifo_6da3aa8a00f24008ad95d1e51c813f5a" end (Real time : 0s CPU user time : 13s CPU sys time : 0s MEM : 353104KB)
INFO     : ... Hierarchical pre-synthesis "BmbUartCtrl_6da3aa8a00f24008ad95d1e51c813f5a" begin
INFO     : ... Hierarchical pre-synthesis "BmbUartCtrl_6da3aa8a00f24008ad95d1e51c813f5a" end (Real time : 0s CPU user time : 13s CPU sys time : 0s MEM : 353104KB)
INFO     : ... Hierarchical pre-synthesis "TopLevel_6da3aa8a00f24008ad95d1e51c813f5a" begin
INFO     : ... Hierarchical pre-synthesis "TopLevel_6da3aa8a00f24008ad95d1e51c813f5a" end (Real time : 0s CPU user time : 14s CPU sys time : 0s MEM : 353104KB)
INFO     : ... Hierarchical pre-synthesis "StreamFifo_2_6da3aa8a00f24008ad95d1e51c813f5a" begin
INFO     : ... Hierarchical pre-synthesis "StreamFifo_2_6da3aa8a00f24008ad95d1e51c813f5a" end (Real time : 0s CPU user time : 14s CPU sys time : 0s MEM : 353104KB)
INFO     : ... Hierarchical pre-synthesis "StreamFifo_3_6da3aa8a00f24008ad95d1e51c813f5a" begin
INFO     : ... Hierarchical pre-synthesis "StreamFifo_3_6da3aa8a00f24008ad95d1e51c813f5a" end (Real time : 0s CPU user time : 14s CPU sys time : 0s MEM : 353104KB)
INFO     : ... Hierarchical pre-synthesis "BmbSpiXdrMasterCtrl_6da3aa8a00f24008ad95d1e51c813f5a" begin
INFO     : ... Hierarchical pre-synthesis "BmbSpiXdrMasterCtrl_6da3aa8a00f24008ad95d1e51c813f5a" end (Real time : 0s CPU user time : 14s CPU sys time : 0s MEM : 353104KB)
INFO     : ... Hierarchical pre-synthesis "BufferCC_5_6da3aa8a00f24008ad95d1e51c813f5a" begin
INFO     : ... Hierarchical pre-synthesis "BufferCC_5_6da3aa8a00f24008ad95d1e51c813f5a" end (Real time : 0s CPU user time : 14s CPU sys time : 0s MEM : 353104KB)
INFO     : ... Hierarchical pre-synthesis "I2cSlave_6da3aa8a00f24008ad95d1e51c813f5a" begin
INFO     : ... Hierarchical pre-synthesis "I2cSlave_6da3aa8a00f24008ad95d1e51c813f5a" end (Real time : 0s CPU user time : 14s CPU sys time : 0s MEM : 353104KB)
INFO     : ... Hierarchical pre-synthesis "BmbI2cCtrl_6da3aa8a00f24008ad95d1e51c813f5a" begin
INFO     : ... Wide MUX mapping to ram-net, output: 'bridge_masterLogic_fsm_stateReg_string' select size : 4 output width: 56
INFO     : ... Wide MUX mapping to ram-net, output: 'bridge_masterLogic_fsm_stateNext_string' select size : 4 output width: 56
INFO     : ... Hierarchical pre-synthesis "BmbI2cCtrl_6da3aa8a00f24008ad95d1e51c813f5a" end (Real time : 0s CPU user time : 14s CPU sys time : 0s MEM : 353104KB)
INFO     : ... Hierarchical pre-synthesis "Prescaler_6da3aa8a00f24008ad95d1e51c813f5a" begin
INFO     : ... Hierarchical pre-synthesis "Prescaler_6da3aa8a00f24008ad95d1e51c813f5a" end (Real time : 0s CPU user time : 14s CPU sys time : 0s MEM : 353104KB)
INFO     : ... Hierarchical pre-synthesis "Timer_6da3aa8a00f24008ad95d1e51c813f5a" begin
INFO     : ... Hierarchical pre-synthesis "Timer_6da3aa8a00f24008ad95d1e51c813f5a" end (Real time : 0s CPU user time : 14s CPU sys time : 0s MEM : 353104KB)
INFO     : ... Hierarchical pre-synthesis "EfxTimerCtrl_6da3aa8a00f24008ad95d1e51c813f5a" begin
INFO     : ... Hierarchical pre-synthesis "EfxTimerCtrl_6da3aa8a00f24008ad95d1e51c813f5a" end (Real time : 0s CPU user time : 14s CPU sys time : 0s MEM : 353104KB)
INFO     : ... Hierarchical pre-synthesis "BmbGpio2_6da3aa8a00f24008ad95d1e51c813f5a" begin
INFO     : ... Hierarchical pre-synthesis "BmbGpio2_6da3aa8a00f24008ad95d1e51c813f5a" end (Real time : 0s CPU user time : 14s CPU sys time : 0s MEM : 353104KB)
INFO     : ... Hierarchical pre-synthesis "BmbToApb3Bridge_6da3aa8a00f24008ad95d1e51c813f5a" begin
INFO     : ... Hierarchical pre-synthesis "BmbToApb3Bridge_6da3aa8a00f24008ad95d1e51c813f5a" end (Real time : 0s CPU user time : 14s CPU sys time : 0s MEM : 353104KB)
INFO     : ... Hierarchical pre-synthesis "EfxSapphireSoc_6da3aa8a00f24008ad95d1e51c813f5a" begin
INFO     : ... Hierarchical pre-synthesis "EfxSapphireSoc_6da3aa8a00f24008ad95d1e51c813f5a" end (Real time : 2s CPU user time : 16s CPU sys time : 1s MEM : 353360KB)
INFO     : ... Hierarchical pre-synthesis "sapphire_gen" begin
INFO     : ... Hierarchical pre-synthesis "sapphire_gen" end (Real time : 1s CPU user time : 17s CPU sys time : 2s MEM : 353488KB)
INFO     : ... Hierarchical pre-synthesis "cfg_fsm" begin
INFO     : ... Hierarchical pre-synthesis "cfg_fsm" end (Real time : 0s CPU user time : 17s CPU sys time : 2s MEM : 353488KB)
INFO     : ... Hierarchical pre-synthesis "efx_asyncreg_2989775a3f8f4efd968dc3c318e2a14a(WIDTH=1)" begin
INFO     : ... Hierarchical pre-synthesis "efx_asyncreg_2989775a3f8f4efd968dc3c318e2a14a(WIDTH=1)" end (Real time : 0s CPU user time : 17s CPU sys time : 2s MEM : 353488KB)
INFO     : ... Hierarchical pre-synthesis "efx_asyncreg_2989775a3f8f4efd968dc3c318e2a14a(WIDTH=2)" begin
INFO     : ... Hierarchical pre-synthesis "efx_asyncreg_2989775a3f8f4efd968dc3c318e2a14a(WIDTH=2)" end (Real time : 0s CPU user time : 17s CPU sys time : 2s MEM : 353488KB)
INFO     : ... Hierarchical pre-synthesis "efx_asyncreg_2989775a3f8f4efd968dc3c318e2a14a" begin
INFO     : ... Hierarchical pre-synthesis "efx_asyncreg_2989775a3f8f4efd968dc3c318e2a14a" end (Real time : 0s CPU user time : 17s CPU sys time : 2s MEM : 353488KB)
INFO     : ... Hierarchical pre-synthesis "efx_csi2_rx_csr_2989775a3f8f4efd968dc3c318e2a14a(NUM_DATA_LANE=2)" begin
INFO     : ... Hierarchical pre-synthesis "efx_csi2_rx_csr_2989775a3f8f4efd968dc3c318e2a14a(NUM_DATA_LANE=2)" end (Real time : 0s CPU user time : 17s CPU sys time : 2s MEM : 353488KB)
INFO     : ... Hierarchical pre-synthesis "efx_csi2_ecc_check_2989775a3f8f4efd968dc3c318e2a14a" begin
INFO     : ... Hierarchical pre-synthesis "efx_csi2_ecc_check_2989775a3f8f4efd968dc3c318e2a14a" end (Real time : 0s CPU user time : 17s CPU sys time : 2s MEM : 353488KB)
INFO     : ... Hierarchical pre-synthesis "efx_csi2_crc16_d32_gen_2989775a3f8f4efd968dc3c318e2a14a" begin
INFO     : ... Hierarchical pre-synthesis "efx_csi2_crc16_d32_gen_2989775a3f8f4efd968dc3c318e2a14a" end (Real time : 0s CPU user time : 18s CPU sys time : 2s MEM : 353488KB)
INFO     : ... Hierarchical pre-synthesis "efx_csi2_depacketizer_2989775a3f8f4efd968dc3c318e2a14a(NUM_DATA_LANE=4)" begin
INFO     : ... Hierarchical pre-synthesis "efx_csi2_depacketizer_2989775a3f8f4efd968dc3c318e2a14a(NUM_DATA_LANE=4)" end (Real time : 0s CPU user time : 18s CPU sys time : 2s MEM : 353488KB)
INFO     : ... Hierarchical pre-synthesis "efx_asyncreg_2989775a3f8f4efd968dc3c318e2a14a(WIDTH=1,ACTIVE_LOW=0,RST_VALUE=1)" begin
INFO     : ... Hierarchical pre-synthesis "efx_asyncreg_2989775a3f8f4efd968dc3c318e2a14a(WIDTH=1,ACTIVE_LOW=0,RST_VALUE=1)" end (Real time : 0s CPU user time : 18s CPU sys time : 2s MEM : 353488KB)
INFO     : ... Hierarchical pre-synthesis "efx_resetsync_2989775a3f8f4efd968dc3c318e2a14a(ACTIVE_LOW=0)" begin
INFO     : ... Hierarchical pre-synthesis "efx_resetsync_2989775a3f8f4efd968dc3c318e2a14a(ACTIVE_LOW=0)" end (Real time : 0s CPU user time : 18s CPU sys time : 2s MEM : 353488KB)
INFO     : ... Hierarchical pre-synthesis "efx_fifo_ram_2989775a3f8f4efd968dc3c318e2a14a(WR_DEPTH=16,RD_DEPTH=16,WADDR_WIDTH=4,RADDR_WIDTH=4,OUTPUT_REG=0,RAM_MUX_RATIO=1)" begin
INFO     : ... Hierarchical pre-synthesis "efx_fifo_ram_2989775a3f8f4efd968dc3c318e2a14a(WR_DEPTH=16,RD_DEPTH=16,WADDR_WIDTH=4,RADDR_WIDTH=4,OUTPUT_REG=0,RAM_MUX_RATIO=1)" end (Real time : 0s CPU user time : 18s CPU sys time : 2s MEM : 353488KB)
INFO     : ... Hierarchical pre-synthesis "efx_fifo_ctl_2989775a3f8f4efd968dc3c318e2a14a(MODE="FWFT",WR_DEPTH=16,WADDR_WIDTH=4,RADDR_WIDTH=4,ALMOST_FLAG=0,PROG_FULL_ASSERT=16,PROG_FULL_NEGATE=16,HANDSHAKE_FLAG=0,OVERFLOW_PROTECT=1,UNDERFLOW_PROTECT=1)" begin
INFO     : ... Hierarchical pre-synthesis "efx_fifo_ctl_2989775a3f8f4efd968dc3c318e2a14a(MODE="FWFT",WR_DEPTH=16,WADDR_WIDTH=4,RADDR_WIDTH=4,ALMOST_FLAG=0,PROG_FULL_ASSERT=16,PROG_FULL_NEGATE=16,HANDSHAKE_FLAG=0,OVERFLOW_PROTECT=1,UNDERFLOW_PROTECT=1)" end (Real time : 0s CPU user time : 18s CPU sys time : 2s MEM : 353488KB)
INFO     : ... Hierarchical pre-synthesis "efx_fifo_top_2989775a3f8f4efd968dc3c318e2a14a(SYNC_CLK=1,MODE="FWFT",DEPTH=16,DATA_WIDTH=8,OPTIONAL_FLAGS=0,PROGRAMMABLE_FULL="NONE",PROG_FULL_ASSERT=16,PROG_FULL_NEGATE=16,PROGRAMMABLE_EMPTY="NONE",PROG_EMPTY_ASSERT=0,PROG_EMPTY_NEGATE=0)" begin
INFO     : ... Hierarchical pre-synthesis "efx_fifo_top_2989775a3f8f4efd968dc3c318e2a14a(SYNC_CLK=1,MODE="FWFT",DEPTH=16,DATA_WIDTH=8,OPTIONAL_FLAGS=0,PROGRAMMABLE_FULL="NONE",PROG_FULL_ASSERT=16,PROG_FULL_NEGATE=16,PROGRAMMABLE_EMPTY="NONE",PROG_EMPTY_ASSERT=0,PROG_EMPTY_NEGATE=0)" end (Real time : 0s CPU user time : 18s CPU sys time : 2s MEM : 353488KB)
INFO     : ... Hierarchical pre-synthesis "efx_csi2_lane_aligner_2989775a3f8f4efd968dc3c318e2a14a" begin
INFO     : ... Hierarchical pre-synthesis "efx_csi2_lane_aligner_2989775a3f8f4efd968dc3c318e2a14a" end (Real time : 0s CPU user time : 18s CPU sys time : 2s MEM : 353488KB)
INFO     : ... Hierarchical pre-synthesis "efx_asyncreg_2989775a3f8f4efd968dc3c318e2a14a(WIDTH=16)" begin
INFO     : ... Hierarchical pre-synthesis "efx_asyncreg_2989775a3f8f4efd968dc3c318e2a14a(WIDTH=16)" end (Real time : 0s CPU user time : 18s CPU sys time : 2s MEM : 353488KB)
INFO     : ... Hierarchical pre-synthesis "efx_csi2_depack40bit_2989775a3f8f4efd968dc3c318e2a14a" begin
INFO     : ... Hierarchical pre-synthesis "efx_csi2_depack40bit_2989775a3f8f4efd968dc3c318e2a14a" end (Real time : 0s CPU user time : 18s CPU sys time : 2s MEM : 353488KB)
INFO     : ... Hierarchical pre-synthesis "efx_csi2_depack48bit_2989775a3f8f4efd968dc3c318e2a14a" begin
INFO     : ... Hierarchical pre-synthesis "efx_csi2_depack48bit_2989775a3f8f4efd968dc3c318e2a14a" end (Real time : 0s CPU user time : 18s CPU sys time : 2s MEM : 353488KB)
INFO     : ... Hierarchical pre-synthesis "efx_csi2_depack56bit_2989775a3f8f4efd968dc3c318e2a14a" begin
INFO     : ... Hierarchical pre-synthesis "efx_csi2_depack56bit_2989775a3f8f4efd968dc3c318e2a14a" end (Real time : 0s CPU user time : 18s CPU sys time : 2s MEM : 353488KB)
INFO     : ... Hierarchical pre-synthesis "efx_csi2_depack64bit_2989775a3f8f4efd968dc3c318e2a14a" begin
INFO     : ... Hierarchical pre-synthesis "efx_csi2_depack64bit_2989775a3f8f4efd968dc3c318e2a14a" end (Real time : 0s CPU user time : 18s CPU sys time : 2s MEM : 353488KB)
INFO     : ... Hierarchical pre-synthesis "efx_fifo_ram_2989775a3f8f4efd968dc3c318e2a14a(WR_DEPTH=8192,RD_DEPTH=8192,WDATA_WIDTH=64,RDATA_WIDTH=64,WADDR_WIDTH=13,RADDR_WIDTH=13,OUTPUT_REG=0,RAM_MUX_RATIO=1)" begin
INFO     : ... Hierarchical pre-synthesis "efx_fifo_ram_2989775a3f8f4efd968dc3c318e2a14a(WR_DEPTH=8192,RD_DEPTH=8192,WDATA_WIDTH=64,RDATA_WIDTH=64,WADDR_WIDTH=13,RADDR_WIDTH=13,OUTPUT_REG=0,RAM_MUX_RATIO=1)" end (Real time : 0s CPU user time : 18s CPU sys time : 2s MEM : 353488KB)
INFO     : ... Hierarchical pre-synthesis "efx_fifo_bin2gray_2989775a3f8f4efd968dc3c318e2a14a(WIDTH=14)" begin
INFO     : ... Hierarchical pre-synthesis "efx_fifo_bin2gray_2989775a3f8f4efd968dc3c318e2a14a(WIDTH=14)" end (Real time : 0s CPU user time : 18s CPU sys time : 2s MEM : 353488KB)
INFO     : ... Hierarchical pre-synthesis "efx_asyncreg_2989775a3f8f4efd968dc3c318e2a14a(WIDTH=14,ACTIVE_LOW=0,OFF_ASSERTION=1)" begin
INFO     : ... Hierarchical pre-synthesis "efx_asyncreg_2989775a3f8f4efd968dc3c318e2a14a(WIDTH=14,ACTIVE_LOW=0,OFF_ASSERTION=1)" end (Real time : 0s CPU user time : 18s CPU sys time : 2s MEM : 353488KB)
INFO     : ... Hierarchical pre-synthesis "efx_fifo_gray2bin_2989775a3f8f4efd968dc3c318e2a14a(WIDTH=2)" begin
INFO     : ... Hierarchical pre-synthesis "efx_fifo_gray2bin_2989775a3f8f4efd968dc3c318e2a14a(WIDTH=2)" end (Real time : 0s CPU user time : 18s CPU sys time : 2s MEM : 353488KB)
INFO     : ... Hierarchical pre-synthesis "efx_fifo_gray2bin_2989775a3f8f4efd968dc3c318e2a14a(WIDTH=3)" begin
INFO     : ... Hierarchical pre-synthesis "efx_fifo_gray2bin_2989775a3f8f4efd968dc3c318e2a14a(WIDTH=3)" end (Real time : 0s CPU user time : 18s CPU sys time : 2s MEM : 353488KB)
INFO     : ... Hierarchical pre-synthesis "efx_fifo_gray2bin_2989775a3f8f4efd968dc3c318e2a14a(WIDTH=4)" begin
INFO     : ... Hierarchical pre-synthesis "efx_fifo_gray2bin_2989775a3f8f4efd968dc3c318e2a14a(WIDTH=4)" end (Real time : 0s CPU user time : 18s CPU sys time : 2s MEM : 353488KB)
INFO     : ... Hierarchical pre-synthesis "efx_fifo_gray2bin_2989775a3f8f4efd968dc3c318e2a14a" begin
INFO     : ... Hierarchical pre-synthesis "efx_fifo_gray2bin_2989775a3f8f4efd968dc3c318e2a14a" end (Real time : 0s CPU user time : 18s CPU sys time : 2s MEM : 353488KB)
INFO     : ... Hierarchical pre-synthesis "efx_fifo_gray2bin_2989775a3f8f4efd968dc3c318e2a14a(WIDTH=6)" begin
INFO     : ... Hierarchical pre-synthesis "efx_fifo_gray2bin_2989775a3f8f4efd968dc3c318e2a14a(WIDTH=6)" end (Real time : 0s CPU user time : 18s CPU sys time : 2s MEM : 353488KB)
INFO     : ... Hierarchical pre-synthesis "efx_fifo_gray2bin_2989775a3f8f4efd968dc3c318e2a14a(WIDTH=7)" begin
INFO     : ... Hierarchical pre-synthesis "efx_fifo_gray2bin_2989775a3f8f4efd968dc3c318e2a14a(WIDTH=7)" end (Real time : 0s CPU user time : 18s CPU sys time : 2s MEM : 353488KB)
INFO     : ... Hierarchical pre-synthesis "efx_fifo_gray2bin_2989775a3f8f4efd968dc3c318e2a14a(WIDTH=8)" begin
INFO     : ... Hierarchical pre-synthesis "efx_fifo_gray2bin_2989775a3f8f4efd968dc3c318e2a14a(WIDTH=8)" end (Real time : 0s CPU user time : 18s CPU sys time : 2s MEM : 353488KB)
INFO     : ... Hierarchical pre-synthesis "efx_fifo_gray2bin_2989775a3f8f4efd968dc3c318e2a14a(WIDTH=9)" begin
INFO     : ... Hierarchical pre-synthesis "efx_fifo_gray2bin_2989775a3f8f4efd968dc3c318e2a14a(WIDTH=9)" end (Real time : 0s CPU user time : 18s CPU sys time : 2s MEM : 353488KB)
INFO     : ... Hierarchical pre-synthesis "efx_fifo_gray2bin_2989775a3f8f4efd968dc3c318e2a14a(WIDTH=10)" begin
INFO     : ... Hierarchical pre-synthesis "efx_fifo_gray2bin_2989775a3f8f4efd968dc3c318e2a14a(WIDTH=10)" end (Real time : 0s CPU user time : 18s CPU sys time : 2s MEM : 353488KB)
INFO     : ... Hierarchical pre-synthesis "efx_fifo_gray2bin_2989775a3f8f4efd968dc3c318e2a14a(WIDTH=11)" begin
INFO     : ... Hierarchical pre-synthesis "efx_fifo_gray2bin_2989775a3f8f4efd968dc3c318e2a14a(WIDTH=11)" end (Real time : 0s CPU user time : 18s CPU sys time : 2s MEM : 353488KB)
INFO     : ... Hierarchical pre-synthesis "efx_fifo_gray2bin_2989775a3f8f4efd968dc3c318e2a14a(WIDTH=12)" begin
INFO     : ... Hierarchical pre-synthesis "efx_fifo_gray2bin_2989775a3f8f4efd968dc3c318e2a14a(WIDTH=12)" end (Real time : 0s CPU user time : 18s CPU sys time : 2s MEM : 353488KB)
INFO     : ... Hierarchical pre-synthesis "efx_fifo_gray2bin_2989775a3f8f4efd968dc3c318e2a14a(WIDTH=13)" begin
INFO     : ... Hierarchical pre-synthesis "efx_fifo_gray2bin_2989775a3f8f4efd968dc3c318e2a14a(WIDTH=13)" end (Real time : 0s CPU user time : 18s CPU sys time : 2s MEM : 353488KB)
INFO     : ... Hierarchical pre-synthesis "efx_fifo_gray2bin_2989775a3f8f4efd968dc3c318e2a14a(WIDTH=14)" begin
INFO     : ... Hierarchical pre-synthesis "efx_fifo_gray2bin_2989775a3f8f4efd968dc3c318e2a14a(WIDTH=14)" end (Real time : 0s CPU user time : 18s CPU sys time : 2s MEM : 353488KB)
INFO     : ... Hierarchical pre-synthesis "efx_fifo_ctl_2989775a3f8f4efd968dc3c318e2a14a(SYNC_CLK=0,MODE="FWFT",WR_DEPTH=8192,WADDR_WIDTH=13,RADDR_WIDTH=13,ALMOST_FLAG=0,PROG_FULL_ASSERT=8192,PROG_FULL_NEGATE=8192,PROGRAMMABLE_EMPTY="STATIC_DUAL",PROG_EMPTY_ASSERT=1,PROG_EMPTY_NEGATE=1,HANDSHAKE_FLAG=0,OVERFLOW_PROTECT=1,UNDERFLOW_PROTECT=1)" begin
INFO     : ... Hierarchical pre-synthesis "efx_fifo_ctl_2989775a3f8f4efd968dc3c318e2a14a(SYNC_CLK=0,MODE="FWFT",WR_DEPTH=8192,WADDR_WIDTH=13,RADDR_WIDTH=13,ALMOST_FLAG=0,PROG_FULL_ASSERT=8192,PROG_FULL_NEGATE=8192,PROGRAMMABLE_EMPTY="STATIC_DUAL",PROG_EMPTY_ASSERT=1,PROG_EMPTY_NEGATE=1,HANDSHAKE_FLAG=0,OVERFLOW_PROTECT=1,UNDERFLOW_PROTECT=1)" end (Real time : 0s CPU user time : 18s CPU sys time : 2s MEM : 353488KB)
INFO     : ... Hierarchical pre-synthesis "efx_fifo_top_2989775a3f8f4efd968dc3c318e2a14a(MODE="FWFT",DEPTH=8192,DATA_WIDTH=64,OPTIONAL_FLAGS=0,PROGRAMMABLE_FULL="NONE",PROG_FULL_ASSERT=8192,PROG_FULL_NEGATE=8192,PROG_EMPTY_ASSERT=1,PROG_EMPTY_NEGATE=1)" begin
INFO     : ... Hierarchical pre-synthesis "efx_fifo_top_2989775a3f8f4efd968dc3c318e2a14a(MODE="FWFT",DEPTH=8192,DATA_WIDTH=64,OPTIONAL_FLAGS=0,PROGRAMMABLE_FULL="NONE",PROG_FULL_ASSERT=8192,PROG_FULL_NEGATE=8192,PROG_EMPTY_ASSERT=1,PROG_EMPTY_NEGATE=1)" end (Real time : 0s CPU user time : 18s CPU sys time : 2s MEM : 353488KB)
INFO     : ... Hierarchical pre-synthesis "efx_csi2_byte2pixel_2989775a3f8f4efd968dc3c318e2a14a(PIXEL_FIFO_DEPTH=8192,PACK_TYPE=15)" begin
INFO     : ... Hierarchical pre-synthesis "efx_csi2_byte2pixel_2989775a3f8f4efd968dc3c318e2a14a(PIXEL_FIFO_DEPTH=8192,PACK_TYPE=15)" end (Real time : 2s CPU user time : 20s CPU sys time : 2s MEM : 353488KB)
INFO     : ... Hierarchical pre-synthesis "efx_csi2_rx_top_2989775a3f8f4efd968dc3c318e2a14a(NUM_DATA_LANE=2,PACK_TYPE=15,PIXEL_FIFO_DEPTH=8192)" begin
INFO     : ... Hierarchical pre-synthesis "efx_csi2_rx_top_2989775a3f8f4efd968dc3c318e2a14a(NUM_DATA_LANE=2,PACK_TYPE=15,PIXEL_FIFO_DEPTH=8192)" end (Real time : 0s CPU user time : 20s CPU sys time : 2s MEM : 353616KB)
INFO     : ... Hierarchical pre-synthesis "efx_csi2_rx_top_rx" begin
INFO     : ... Hierarchical pre-synthesis "efx_csi2_rx_top_rx" end (Real time : 0s CPU user time : 21s CPU sys time : 2s MEM : 353616KB)
INFO     : ... Hierarchical pre-synthesis "vga_gen_dynamic(PW=16)" begin
INFO     : ... Hierarchical pre-synthesis "vga_gen_dynamic(PW=16)" end (Real time : 1s CPU user time : 21s CPU sys time : 2s MEM : 353616KB)
INFO     : ... Hierarchical pre-synthesis "frame_buffer_sel" begin
INFO     : ... Hierarchical pre-synthesis "frame_buffer_sel" end (Real time : 0s CPU user time : 21s CPU sys time : 2s MEM : 353616KB)
INFO     : ... Hierarchical pre-synthesis "simple_dual_port_ram(DATA_WIDTH=512,ADDR_WIDTH=8)" begin
INFO     : ... Hierarchical pre-synthesis "simple_dual_port_ram(DATA_WIDTH=512,ADDR_WIDTH=8)" end (Real time : 0s CPU user time : 21s CPU sys time : 2s MEM : 353616KB)
INFO     : ... Hierarchical pre-synthesis "shift_reg(D_WIDTH=4,TAPE=4)" begin
INFO     : ... Hierarchical pre-synthesis "shift_reg(D_WIDTH=4,TAPE=4)" end (Real time : 0s CPU user time : 21s CPU sys time : 2s MEM : 353616KB)
INFO     : ... Hierarchical pre-synthesis "vga_buffer(DATA_WIDTH=4,ADDR_WIDTH=14,RAM_DEPTH=16384)" begin
INFO     : ... Hierarchical pre-synthesis "vga_buffer(DATA_WIDTH=4,ADDR_WIDTH=14,RAM_DEPTH=16384)" end (Real time : 0s CPU user time : 21s CPU sys time : 2s MEM : 353616KB)
INFO     : ... Hierarchical pre-synthesis "fifo(DATA_WIDTH=4,ADDR_WIDTH=14)" begin
INFO     : ... Hierarchical pre-synthesis "fifo(DATA_WIDTH=4,ADDR_WIDTH=14)" end (Real time : 0s CPU user time : 21s CPU sys time : 2s MEM : 353616KB)
INFO     : ... Hierarchical pre-synthesis "rd_address_decoder_512" begin
INFO     : ... Hierarchical pre-synthesis "rd_address_decoder_512" end (Real time : 0s CPU user time : 21s CPU sys time : 2s MEM : 353616KB)
INFO     : ... Hierarchical pre-synthesis "simple_dual_port_ram(DATA_WIDTH=32,ADDR_WIDTH=7,OUTPUT_REG="FALSE")" begin
INFO     : ... Hierarchical pre-synthesis "simple_dual_port_ram(DATA_WIDTH=32,ADDR_WIDTH=7,OUTPUT_REG="FALSE")" end (Real time : 0s CPU user time : 21s CPU sys time : 2s MEM : 353616KB)
INFO     : ... Hierarchical pre-synthesis "wr_address_decoder_512" begin
INFO     : ... Hierarchical pre-synthesis "wr_address_decoder_512" end (Real time : 0s CPU user time : 21s CPU sys time : 2s MEM : 353616KB)
INFO     : ... Hierarchical pre-synthesis "Axi4ReadOnlyDecoder" begin
INFO     : ... Hierarchical pre-synthesis "Axi4ReadOnlyDecoder" end (Real time : 0s CPU user time : 21s CPU sys time : 2s MEM : 353616KB)
INFO     : ... Hierarchical pre-synthesis "Axi4WriteOnlyDecoder" begin
INFO     : ... Hierarchical pre-synthesis "Axi4WriteOnlyDecoder" end (Real time : 0s CPU user time : 21s CPU sys time : 2s MEM : 353616KB)
INFO     : ... Hierarchical pre-synthesis "StreamArbiter" begin
INFO     : ... Hierarchical pre-synthesis "StreamArbiter" end (Real time : 0s CPU user time : 21s CPU sys time : 2s MEM : 353616KB)
INFO     : ... Hierarchical pre-synthesis "Axi4ReadOnlyArbiter" begin
INFO     : ... Hierarchical pre-synthesis "Axi4ReadOnlyArbiter" end (Real time : 0s CPU user time : 21s CPU sys time : 2s MEM : 353616KB)
INFO     : ... Hierarchical pre-synthesis "StreamFork" begin
INFO     : ... Hierarchical pre-synthesis "StreamFork" end (Real time : 0s CPU user time : 21s CPU sys time : 2s MEM : 353616KB)
INFO     : ... Hierarchical pre-synthesis "StreamFifoLowLatency" begin
WARNING  : Mapping into logic memory block 'ram' (4 bits) (/home/steve/video_streaming_10g_demo_v1.4.1_2026.1_imx900_rpi/rtl/lib/common/frame_buffer_512/Axi4_2x512_1x512.v:1671) because size is too small (<=64) [EFX-0657]
INFO     : ... Hierarchical pre-synthesis "StreamFifoLowLatency" end (Real time : 0s CPU user time : 21s CPU sys time : 2s MEM : 353616KB)
INFO     : ... Hierarchical pre-synthesis "Axi4WriteOnlyArbiter" begin
INFO     : ... Hierarchical pre-synthesis "Axi4WriteOnlyArbiter" end (Real time : 0s CPU user time : 21s CPU sys time : 2s MEM : 353616KB)
INFO     : ... Hierarchical pre-synthesis "Axi4_2x512_1x512" begin
INFO     : ... Hierarchical pre-synthesis "Axi4_2x512_1x512" end (Real time : 0s CPU user time : 21s CPU sys time : 2s MEM : 353616KB)
INFO     : ... Hierarchical pre-synthesis "frame_buffer_512" begin
WARNING  : Optimizing into logic zero initialized read-only memory block 'inst_rd_address_decoder_1/inst_simple_dual_port_ram_00/ram__D$y1'. (/home/steve/video_streaming_10g_demo_v1.4.1_2026.1_imx900_rpi/rtl/lib/common/simple_dual_port_ram.sv:32) [EFX-0656]
WARNING  : Optimizing into logic zero initialized read-only memory block 'inst_rd_address_decoder_1/inst_simple_dual_port_ram_00/ram__D$x12'. (/home/steve/video_streaming_10g_demo_v1.4.1_2026.1_imx900_rpi/rtl/lib/common/simple_dual_port_ram.sv:32) [EFX-0656]
WARNING  : Optimizing into logic zero initialized read-only memory block 'inst_rd_address_decoder_1/inst_simple_dual_port_ram_00/ram__D$w12'. (/home/steve/video_streaming_10g_demo_v1.4.1_2026.1_imx900_rpi/rtl/lib/common/simple_dual_port_ram.sv:32) [EFX-0656]
WARNING  : Optimizing into logic zero initialized read-only memory block 'inst_rd_address_decoder_1/inst_simple_dual_port_ram_00/ram__D$v12'. (/home/steve/video_streaming_10g_demo_v1.4.1_2026.1_imx900_rpi/rtl/lib/common/simple_dual_port_ram.sv:32) [EFX-0656]
WARNING  : Optimizing into logic zero initialized read-only memory block 'inst_rd_address_decoder_1/inst_simple_dual_port_ram_00/ram__D$u12'. (/home/steve/video_streaming_10g_demo_v1.4.1_2026.1_imx900_rpi/rtl/lib/common/simple_dual_port_ram.sv:32) [EFX-0656]
WARNING  : Optimizing into logic zero initialized read-only memory block 'inst_rd_address_decoder_1/inst_simple_dual_port_ram_00/ram__D$t12'. (/home/steve/video_streaming_10g_demo_v1.4.1_2026.1_imx900_rpi/rtl/lib/common/simple_dual_port_ram.sv:32) [EFX-0656]
WARNING  : Optimizing into logic zero initialized read-only memory block 'inst_rd_address_decoder_1/inst_simple_dual_port_ram_00/ram__D$s12'. (/home/steve/video_streaming_10g_demo_v1.4.1_2026.1_imx900_rpi/rtl/lib/common/simple_dual_port_ram.sv:32) [EFX-0656]
WARNING  : Optimizing into logic zero initialized read-only memory block 'inst_rd_address_decoder_1/inst_simple_dual_port_ram_00/ram__D$r12'. (/home/steve/video_streaming_10g_demo_v1.4.1_2026.1_imx900_rpi/rtl/lib/common/simple_dual_port_ram.sv:32) [EFX-0656]
WARNING  : Optimizing into logic zero initialized read-only memory block 'inst_rd_address_decoder_1/inst_simple_dual_port_ram_00/ram__D$q12'. (/home/steve/video_streaming_10g_demo_v1.4.1_2026.1_imx900_rpi/rtl/lib/common/simple_dual_port_ram.sv:32) [EFX-0656]
WARNING  : Optimizing into logic zero initialized read-only memory block 'inst_rd_address_decoder_1/inst_simple_dual_port_ram_00/ram__D$p12'. (/home/steve/video_streaming_10g_demo_v1.4.1_2026.1_imx900_rpi/rtl/lib/common/simple_dual_port_ram.sv:32) [EFX-0656]
WARNING  : Optimizing into logic zero initialized read-only memory block 'inst_rd_address_decoder_1/inst_simple_dual_port_ram_00/ram__D$o12'. (/home/steve/video_streaming_10g_demo_v1.4.1_2026.1_imx900_rpi/rtl/lib/common/simple_dual_port_ram.sv:32) [EFX-0656]
WARNING  : Optimizing into logic zero initialized read-only memory block 'inst_rd_address_decoder_1/inst_simple_dual_port_ram_00/ram__D$n12'. (/home/steve/video_streaming_10g_demo_v1.4.1_2026.1_imx900_rpi/rtl/lib/common/simple_dual_port_ram.sv:32) [EFX-0656]
WARNING  : Optimizing into logic zero initialized read-only memory block 'inst_rd_address_decoder_1/inst_simple_dual_port_ram_00/ram__D$m12'. (/home/steve/video_streaming_10g_demo_v1.4.1_2026.1_imx900_rpi/rtl/lib/common/simple_dual_port_ram.sv:32) [EFX-0656]
WARNING  : Optimizing into logic zero initialized read-only memory block 'inst_rd_address_decoder_1/inst_simple_dual_port_ram_00/ram__D$l12'. (/home/steve/video_streaming_10g_demo_v1.4.1_2026.1_imx900_rpi/rtl/lib/common/simple_dual_port_ram.sv:32) [EFX-0656]
WARNING  : Optimizing into logic zero initialized read-only memory block 'inst_rd_address_decoder_1/inst_simple_dual_port_ram_00/ram__D$k12'. (/home/steve/video_streaming_10g_demo_v1.4.1_2026.1_imx900_rpi/rtl/lib/common/simple_dual_port_ram.sv:32) [EFX-0656]
WARNING  : Optimizing into logic zero initialized read-only memory block 'inst_rd_address_decoder_1/inst_simple_dual_port_ram_00/ram__D$j12'. (/home/steve/video_streaming_10g_demo_v1.4.1_2026.1_imx900_rpi/rtl/lib/common/simple_dual_port_ram.sv:32) [EFX-0656]
WARNING  : Optimizing into logic zero initialized read-only memory block 'inst_rd_address_decoder_1/inst_simple_dual_port_ram_00/ram__D$i12'. (/home/steve/video_streaming_10g_demo_v1.4.1_2026.1_imx900_rpi/rtl/lib/common/simple_dual_port_ram.sv:32) [EFX-0656]
WARNING  : Optimizing into logic zero initialized read-only memory block 'inst_rd_address_decoder_1/inst_simple_dual_port_ram_00/ram__D$h12'. (/home/steve/video_streaming_10g_demo_v1.4.1_2026.1_imx900_rpi/rtl/lib/common/simple_dual_port_ram.sv:32) [EFX-0656]
WARNING  : Optimizing into logic zero initialized read-only memory block 'inst_rd_address_decoder_1/inst_simple_dual_port_ram_00/ram__D$g12'. (/home/steve/video_streaming_10g_demo_v1.4.1_2026.1_imx900_rpi/rtl/lib/common/simple_dual_port_ram.sv:32) [EFX-0656]
WARNING  : Optimizing into logic zero initialized read-only memory block 'inst_rd_address_decoder_1/inst_simple_dual_port_ram_00/ram__D$f12'. (/home/steve/video_streaming_10g_demo_v1.4.1_2026.1_imx900_rpi/rtl/lib/common/simple_dual_port_ram.sv:32) [EFX-0656]
WARNING  : Optimizing into logic zero initialized read-only memory block 'inst_rd_address_decoder_1/inst_simple_dual_port_ram_00/ram__D$e12'. (/home/steve/video_streaming_10g_demo_v1.4.1_2026.1_imx900_rpi/rtl/lib/common/simple_dual_port_ram.sv:32) [EFX-0656]
WARNING  : Optimizing into logic zero initialized read-only memory block 'inst_rd_address_decoder_1/inst_simple_dual_port_ram_00/ram__D$d12'. (/home/steve/video_streaming_10g_demo_v1.4.1_2026.1_imx900_rpi/rtl/lib/common/simple_dual_port_ram.sv:32) [EFX-0656]
WARNING  : Optimizing into logic zero initialized read-only memory block 'inst_rd_address_decoder_1/inst_simple_dual_port_ram_00/ram__D$c12'. (/home/steve/video_streaming_10g_demo_v1.4.1_2026.1_imx900_rpi/rtl/lib/common/simple_dual_port_ram.sv:32) [EFX-0656]
WARNING  : Optimizing into logic zero initialized read-only memory block 'inst_rd_address_decoder_1/inst_simple_dual_port_ram_00/ram__D$b12'. (/home/steve/video_streaming_10g_demo_v1.4.1_2026.1_imx900_rpi/rtl/lib/common/simple_dual_port_ram.sv:32) [EFX-0656]
WARNING  : Optimizing into logic zero initialized read-only memory block 'inst_rd_address_decoder_1/inst_simple_dual_port_ram_00/ram__D$2'. (/home/steve/video_streaming_10g_demo_v1.4.1_2026.1_imx900_rpi/rtl/lib/common/simple_dual_port_ram.sv:32) [EFX-0656]
WARNING  : Optimizing into logic zero initialized read-only memory block 'inst_rd_address_decoder_1/inst_simple_dual_port_ram_00/ram__D$12'. (/home/steve/video_streaming_10g_demo_v1.4.1_2026.1_imx900_rpi/rtl/lib/common/simple_dual_port_ram.sv:32) [EFX-0656]
INFO     : ... Hierarchical pre-synthesis "frame_buffer_512" end (Real time : 2s CPU user time : 23s CPU sys time : 2s MEM : 353616KB)
INFO     : ... Hierarchical pre-synthesis "apb3_slave_video" begin
INFO     : ... Hierarchical pre-synthesis "apb3_slave_video" end (Real time : 0s CPU user time : 23s CPU sys time : 2s MEM : 353616KB)
INFO     : ... Hierarchical pre-synthesis "simple_dual_port_ram_asym(WR_ADDR_WIDTH=11,WR_DATA_WIDTH=32,RD_ADDR_WIDTH=12,RD_DATA_WIDTH=16,OUTPUT_REG="FALSE")" begin
INFO     : ... Hierarchical pre-synthesis "simple_dual_port_ram_asym(WR_ADDR_WIDTH=11,WR_DATA_WIDTH=32,RD_ADDR_WIDTH=12,RD_DATA_WIDTH=16,OUTPUT_REG="FALSE")" end (Real time : 0s CPU user time : 23s CPU sys time : 2s MEM : 353616KB)
INFO     : ... Hierarchical pre-synthesis "raw2rgb(MAX_HRES=3840,MAX_VRES=2160,MAX_HTOTAL=4400,MAX_VTOTAL=2250)" begin
INFO     : ... Hierarchical pre-synthesis "raw2rgb(MAX_HRES=3840,MAX_VRES=2160,MAX_HTOTAL=4400,MAX_VTOTAL=2250)" end (Real time : 0s CPU user time : 24s CPU sys time : 2s MEM : 353616KB)
INFO     : ... Hierarchical pre-synthesis "gain" begin
INFO     : ... Hierarchical pre-synthesis "gain" end (Real time : 0s CPU user time : 24s CPU sys time : 2s MEM : 353616KB)
INFO     : ... Hierarchical pre-synthesis "efx_fifo_ram_custom(FAMILY="TITANIUM",WR_DEPTH=16384,RD_DEPTH=16384,WDATA_WIDTH=64,RDATA_WIDTH=64,WADDR_WIDTH=14,RADDR_WIDTH=14,OUTPUT_REG=0,RAM_MUX_RATIO=1)" begin
INFO     : ... Hierarchical pre-synthesis "efx_fifo_ram_custom(FAMILY="TITANIUM",WR_DEPTH=16384,RD_DEPTH=16384,WDATA_WIDTH=64,RDATA_WIDTH=64,WADDR_WIDTH=14,RADDR_WIDTH=14,OUTPUT_REG=0,RAM_MUX_RATIO=1)" end (Real time : 0s CPU user time : 24s CPU sys time : 2s MEM : 353616KB)
INFO     : ... Hierarchical pre-synthesis "efx_fifo_bin2gray_custom(WIDTH=15)" begin
INFO     : ... Hierarchical pre-synthesis "efx_fifo_bin2gray_custom(WIDTH=15)" end (Real time : 0s CPU user time : 24s CPU sys time : 2s MEM : 353616KB)
INFO     : ... Hierarchical pre-synthesis "efx_fifo_datasync_custom(STAGE=2,WIDTH=15)" begin
INFO     : ... Hierarchical pre-synthesis "efx_fifo_datasync_custom(STAGE=2,WIDTH=15)" end (Real time : 0s CPU user time : 24s CPU sys time : 2s MEM : 353616KB)
INFO     : ... Hierarchical pre-synthesis "efx_fifo_gray2bin_custom(WIDTH=2)" begin
INFO     : ... Hierarchical pre-synthesis "efx_fifo_gray2bin_custom(WIDTH=2)" end (Real time : 0s CPU user time : 24s CPU sys time : 2s MEM : 353616KB)
INFO     : ... Hierarchical pre-synthesis "efx_fifo_gray2bin_custom(WIDTH=3)" begin
INFO     : ... Hierarchical pre-synthesis "efx_fifo_gray2bin_custom(WIDTH=3)" end (Real time : 0s CPU user time : 24s CPU sys time : 2s MEM : 353616KB)
INFO     : ... Hierarchical pre-synthesis "efx_fifo_gray2bin_custom(WIDTH=4)" begin
INFO     : ... Hierarchical pre-synthesis "efx_fifo_gray2bin_custom(WIDTH=4)" end (Real time : 0s CPU user time : 24s CPU sys time : 2s MEM : 353616KB)
INFO     : ... Hierarchical pre-synthesis "efx_fifo_gray2bin_custom" begin
INFO     : ... Hierarchical pre-synthesis "efx_fifo_gray2bin_custom" end (Real time : 0s CPU user time : 24s CPU sys time : 2s MEM : 353616KB)
INFO     : ... Hierarchical pre-synthesis "efx_fifo_gray2bin_custom(WIDTH=6)" begin
INFO     : ... Hierarchical pre-synthesis "efx_fifo_gray2bin_custom(WIDTH=6)" end (Real time : 0s CPU user time : 24s CPU sys time : 2s MEM : 353616KB)
INFO     : ... Hierarchical pre-synthesis "efx_fifo_gray2bin_custom(WIDTH=7)" begin
INFO     : ... Hierarchical pre-synthesis "efx_fifo_gray2bin_custom(WIDTH=7)" end (Real time : 0s CPU user time : 24s CPU sys time : 2s MEM : 353616KB)
INFO     : ... Hierarchical pre-synthesis "efx_fifo_gray2bin_custom(WIDTH=8)" begin
INFO     : ... Hierarchical pre-synthesis "efx_fifo_gray2bin_custom(WIDTH=8)" end (Real time : 0s CPU user time : 24s CPU sys time : 2s MEM : 353616KB)
INFO     : ... Hierarchical pre-synthesis "efx_fifo_gray2bin_custom(WIDTH=9)" begin
INFO     : ... Hierarchical pre-synthesis "efx_fifo_gray2bin_custom(WIDTH=9)" end (Real time : 0s CPU user time : 24s CPU sys time : 2s MEM : 353616KB)
INFO     : ... Hierarchical pre-synthesis "efx_fifo_gray2bin_custom(WIDTH=10)" begin
INFO     : ... Hierarchical pre-synthesis "efx_fifo_gray2bin_custom(WIDTH=10)" end (Real time : 0s CPU user time : 24s CPU sys time : 2s MEM : 353616KB)
INFO     : ... Hierarchical pre-synthesis "efx_fifo_gray2bin_custom(WIDTH=11)" begin
INFO     : ... Hierarchical pre-synthesis "efx_fifo_gray2bin_custom(WIDTH=11)" end (Real time : 0s CPU user time : 24s CPU sys time : 2s MEM : 353616KB)
INFO     : ... Hierarchical pre-synthesis "efx_fifo_gray2bin_custom(WIDTH=12)" begin
INFO     : ... Hierarchical pre-synthesis "efx_fifo_gray2bin_custom(WIDTH=12)" end (Real time : 0s CPU user time : 24s CPU sys time : 2s MEM : 353616KB)
INFO     : ... Hierarchical pre-synthesis "efx_fifo_gray2bin_custom(WIDTH=13)" begin
INFO     : ... Hierarchical pre-synthesis "efx_fifo_gray2bin_custom(WIDTH=13)" end (Real time : 0s CPU user time : 24s CPU sys time : 2s MEM : 353616KB)
INFO     : ... Hierarchical pre-synthesis "efx_fifo_gray2bin_custom(WIDTH=14)" begin
INFO     : ... Hierarchical pre-synthesis "efx_fifo_gray2bin_custom(WIDTH=14)" end (Real time : 0s CPU user time : 24s CPU sys time : 2s MEM : 353616KB)
INFO     : ... Hierarchical pre-synthesis "efx_fifo_gray2bin_custom(WIDTH=15)" begin
INFO     : ... Hierarchical pre-synthesis "efx_fifo_gray2bin_custom(WIDTH=15)" end (Real time : 0s CPU user time : 24s CPU sys time : 2s MEM : 353616KB)
INFO     : ... Hierarchical pre-synthesis "efx_fifo_ctl_custom(FAMILY="TITANIUM",SYNC_CLK=0,WR_DEPTH=16384,WADDR_WIDTH=14,RADDR_WIDTH=14,ALMOST_FLAG=0,PROG_FULL_ASSERT=128,PROG_FULL_NEGATE=128,PROG_EMPTY_NEGATE=2,HANDSHAKE_FLAG=0)" begin
INFO     : ... Hierarchical pre-synthesis "efx_fifo_ctl_custom(FAMILY="TITANIUM",SYNC_CLK=0,WR_DEPTH=16384,WADDR_WIDTH=14,RADDR_WIDTH=14,ALMOST_FLAG=0,PROG_FULL_ASSERT=128,PROG_FULL_NEGATE=128,PROG_EMPTY_NEGATE=2,HANDSHAKE_FLAG=0)" end (Real time : 0s CPU user time : 24s CPU sys time : 2s MEM : 353616KB)
INFO     : ... Hierarchical pre-synthesis "efx_fifo_top_custom(FAMILY="TITANIUM",DEPTH=16384,DATA_WIDTH=64,OPTIONAL_FLAGS=0,PROGRAMMABLE_FULL="NONE",PROG_FULL_ASSERT=128,PROG_FULL_NEGATE=128,PROGRAMMABLE_EMPTY="NONE",PROG_EMPTY_ASSERT=0,PROG_EMPTY_NEGATE=2)" begin
INFO     : ... Hierarchical pre-synthesis "efx_fifo_top_custom(FAMILY="TITANIUM",DEPTH=16384,DATA_WIDTH=64,OPTIONAL_FLAGS=0,PROGRAMMABLE_FULL="NONE",PROG_FULL_ASSERT=128,PROG_FULL_NEGATE=128,PROGRAMMABLE_EMPTY="NONE",PROG_EMPTY_ASSERT=0,PROG_EMPTY_NEGATE=2)" end (Real time : 0s CPU user time : 24s CPU sys time : 2s MEM : 353616KB)
INFO     : ... Hierarchical pre-synthesis "efx_fifo_ram_custom(FAMILY="TITANIUM",MODE="FWFT",WDATA_WIDTH=16,RDATA_WIDTH=16,OUTPUT_REG=0,RAM_MUX_RATIO=1)" begin
INFO     : ... Hierarchical pre-synthesis "efx_fifo_ram_custom(FAMILY="TITANIUM",MODE="FWFT",WDATA_WIDTH=16,RDATA_WIDTH=16,OUTPUT_REG=0,RAM_MUX_RATIO=1)" end (Real time : 0s CPU user time : 24s CPU sys time : 2s MEM : 353616KB)
INFO     : ... Hierarchical pre-synthesis "efx_fifo_bin2gray_custom(WIDTH=10)" begin
INFO     : ... Hierarchical pre-synthesis "efx_fifo_bin2gray_custom(WIDTH=10)" end (Real time : 0s CPU user time : 24s CPU sys time : 2s MEM : 353616KB)
INFO     : ... Hierarchical pre-synthesis "efx_fifo_datasync_custom(STAGE=2,WIDTH=10)" begin
INFO     : ... Hierarchical pre-synthesis "efx_fifo_datasync_custom(STAGE=2,WIDTH=10)" end (Real time : 0s CPU user time : 24s CPU sys time : 2s MEM : 353616KB)
INFO     : ... Hierarchical pre-synthesis "efx_fifo_ctl_custom(FAMILY="TITANIUM",SYNC_CLK=0,MODE="FWFT",ALMOST_FLAG=0,PROG_FULL_ASSERT=128,PROG_FULL_NEGATE=128,PROG_EMPTY_NEGATE=2,HANDSHAKE_FLAG=0)" begin
INFO     : ... Hierarchical pre-synthesis "efx_fifo_ctl_custom(FAMILY="TITANIUM",SYNC_CLK=0,MODE="FWFT",ALMOST_FLAG=0,PROG_FULL_ASSERT=128,PROG_FULL_NEGATE=128,PROG_EMPTY_NEGATE=2,HANDSHAKE_FLAG=0)" end (Real time : 0s CPU user time : 24s CPU sys time : 2s MEM : 353616KB)
INFO     : ... Hierarchical pre-synthesis "efx_fifo_top_custom(FAMILY="TITANIUM",MODE="FWFT",DATA_WIDTH=16,OPTIONAL_FLAGS=0,PROGRAMMABLE_FULL="NONE",PROG_FULL_ASSERT=128,PROG_FULL_NEGATE=128,PROGRAMMABLE_EMPTY="NONE",PROG_EMPTY_ASSERT=0,PROG_EMPTY_NEGATE=2)" begin
INFO     : ... Hierarchical pre-synthesis "efx_fifo_top_custom(FAMILY="TITANIUM",MODE="FWFT",DATA_WIDTH=16,OPTIONAL_FLAGS=0,PROGRAMMABLE_FULL="NONE",PROG_FULL_ASSERT=128,PROG_FULL_NEGATE=128,PROGRAMMABLE_EMPTY="NONE",PROG_EMPTY_ASSERT=0,PROG_EMPTY_NEGATE=2)" end (Real time : 0s CPU user time : 24s CPU sys time : 2s MEM : 353616KB)
INFO     : ... Hierarchical pre-synthesis "line_to_packets(DEPTH=16384,KEEP_WIDTH=8)" begin
INFO     : ... Hierarchical pre-synthesis "line_to_packets(DEPTH=16384,KEEP_WIDTH=8)" end (Real time : 1s CPU user time : 24s CPU sys time : 2s MEM : 353616KB)
INFO     : ... Hierarchical pre-synthesis "efx_asyncreg_582ec7e2806a4722891d527723c60497(WIDTH=1)" begin
INFO     : ... Hierarchical pre-synthesis "efx_asyncreg_582ec7e2806a4722891d527723c60497(WIDTH=1)" end (Real time : 0s CPU user time : 24s CPU sys time : 2s MEM : 353616KB)
INFO     : ... Hierarchical pre-synthesis "efx_resetsync_582ec7e2806a4722891d527723c60497" begin
INFO     : ... Hierarchical pre-synthesis "efx_resetsync_582ec7e2806a4722891d527723c60497" end (Real time : 0s CPU user time : 24s CPU sys time : 2s MEM : 353616KB)
INFO     : ... Hierarchical pre-synthesis "efx_10g_init_582ec7e2806a4722891d527723c60497" begin
INFO     : ... Hierarchical pre-synthesis "efx_10g_init_582ec7e2806a4722891d527723c60497" end (Real time : 0s CPU user time : 24s CPU sys time : 2s MEM : 353616KB)
INFO     : ... Hierarchical pre-synthesis "efx_tx_axi4_st_582ec7e2806a4722891d527723c60497(TXFIFO_DEPTH=512,TX_PKT_CNT_DW=4'b011)" begin
INFO     : ... Hierarchical pre-synthesis "efx_tx_axi4_st_582ec7e2806a4722891d527723c60497(TXFIFO_DEPTH=512,TX_PKT_CNT_DW=4'b011)" end (Real time : 0s CPU user time : 24s CPU sys time : 2s MEM : 353616KB)
INFO     : ... Hierarchical pre-synthesis "efx_rx_axi4_st_582ec7e2806a4722891d527723c60497(AXIS_DW=7'b1000000)" begin
INFO     : ... Hierarchical pre-synthesis "efx_rx_axi4_st_582ec7e2806a4722891d527723c60497(AXIS_DW=7'b1000000)" end (Real time : 0s CPU user time : 24s CPU sys time : 2s MEM : 353616KB)
INFO     : ... Hierarchical pre-synthesis "efx_tx_ctr_582ec7e2806a4722891d527723c60497(REG_WIDTH=6'b100000)" begin
INFO     : ... Hierarchical pre-synthesis "efx_tx_ctr_582ec7e2806a4722891d527723c60497(REG_WIDTH=6'b100000)" end (Real time : 0s CPU user time : 24s CPU sys time : 2s MEM : 353616KB)
INFO     : ... Hierarchical pre-synthesis "efx_CRC_gen_582ec7e2806a4722891d527723c60497" begin
INFO     : ... Hierarchical pre-synthesis "efx_CRC_gen_582ec7e2806a4722891d527723c60497" end (Real time : 0s CPU user time : 25s CPU sys time : 2s MEM : 353736KB)
INFO     : ... Hierarchical pre-synthesis "efx_tx_engine_582ec7e2806a4722891d527723c60497(REG_WIDTH=6'b100000)" begin
INFO     : ... Hierarchical pre-synthesis "efx_tx_engine_582ec7e2806a4722891d527723c60497(REG_WIDTH=6'b100000)" end (Real time : 0s CPU user time : 25s CPU sys time : 2s MEM : 353736KB)
INFO     : ... Hierarchical pre-synthesis "efx_rx_ctr_582ec7e2806a4722891d527723c60497(REG_WIDTH=6'b100000)" begin
INFO     : ... Hierarchical pre-synthesis "efx_rx_ctr_582ec7e2806a4722891d527723c60497(REG_WIDTH=6'b100000)" end (Real time : 0s CPU user time : 25s CPU sys time : 2s MEM : 353736KB)
INFO     : ... Hierarchical pre-synthesis "efx_CRC_chk_582ec7e2806a4722891d527723c60497" begin
INFO     : ... Hierarchical pre-synthesis "efx_CRC_chk_582ec7e2806a4722891d527723c60497" end (Real time : 1s CPU user time : 25s CPU sys time : 2s MEM : 353736KB)
INFO     : ... Hierarchical pre-synthesis "efx_rx_engine_582ec7e2806a4722891d527723c60497(REG_WIDTH=6'b100000)" begin
INFO     : ... Hierarchical pre-synthesis "efx_rx_engine_582ec7e2806a4722891d527723c60497(REG_WIDTH=6'b100000)" end (Real time : 0s CPU user time : 26s CPU sys time : 3s MEM : 353736KB)
INFO     : ... Hierarchical pre-synthesis "efx_xgmii_if_ex_582ec7e2806a4722891d527723c60497" begin
INFO     : ... Hierarchical pre-synthesis "efx_xgmii_if_ex_582ec7e2806a4722891d527723c60497" end (Real time : 0s CPU user time : 26s CPU sys time : 3s MEM : 353736KB)
INFO     : ... Hierarchical pre-synthesis "efx_xgmac_582ec7e2806a4722891d527723c60497(MTU_FRAME_LENGTH=15'b010001100101000,ENABLE_BROADCAST_FILTER=1'b0,TXFIFO_DEPTH=512,TX_PKT_CNT_DW=4'b011)" begin
INFO     : ... Hierarchical pre-synthesis "efx_xgmac_582ec7e2806a4722891d527723c60497(MTU_FRAME_LENGTH=15'b010001100101000,ENABLE_BROADCAST_FILTER=1'b0,TXFIFO_DEPTH=512,TX_PKT_CNT_DW=4'b011)" end (Real time : 1s CPU user time : 27s CPU sys time : 3s MEM : 353736KB)
INFO     : ... Hierarchical pre-synthesis "efx_mac10gbe_582ec7e2806a4722891d527723c60497(MTU_FRAME_LENGTH=15'b010001100101000,ENABLE_BROADCAST_FILTER=1'b0,TXFIFO_DEPTH=512,TX_PKT_CNT_DW=4'b011)" begin
INFO     : ... Hierarchical pre-synthesis "efx_mac10gbe_582ec7e2806a4722891d527723c60497(MTU_FRAME_LENGTH=15'b010001100101000,ENABLE_BROADCAST_FILTER=1'b0,TXFIFO_DEPTH=512,TX_PKT_CNT_DW=4'b011)" end (Real time : 0s CPU user time : 28s CPU sys time : 3s MEM : 353736KB)
INFO     : ... Hierarchical pre-synthesis "mac10gbe" begin
INFO     : ... Hierarchical pre-synthesis "mac10gbe" end (Real time : 1s CPU user time : 28s CPU sys time : 3s MEM : 353864KB)
INFO     : ... Hierarchical pre-synthesis "axis_fifo(DATA_WIDTH=64,KEEP_ENABLE=1)" begin
INFO     : ... Hierarchical pre-synthesis "axis_fifo(DATA_WIDTH=64,KEEP_ENABLE=1)" end (Real time : 0s CPU user time : 28s CPU sys time : 3s MEM : 353864KB)
INFO     : ... Hierarchical pre-synthesis "eth_axis_rx(DATA_WIDTH=64)" begin
INFO     : ... Hierarchical pre-synthesis "eth_axis_rx(DATA_WIDTH=64)" end (Real time : 0s CPU user time : 28s CPU sys time : 3s MEM : 353864KB)
INFO     : ... Hierarchical pre-synthesis "eth_axis_tx(DATA_WIDTH=64)" begin
INFO     : ... Hierarchical pre-synthesis "eth_axis_tx(DATA_WIDTH=64)" end (Real time : 0s CPU user time : 28s CPU sys time : 3s MEM : 353864KB)
INFO     : ... Hierarchical pre-synthesis "priority_encoder(WIDTH=2,LSB_HIGH_PRIORITY=1)" begin
INFO     : ... Hierarchical pre-synthesis "priority_encoder(WIDTH=2,LSB_HIGH_PRIORITY=1)" end (Real time : 0s CPU user time : 28s CPU sys time : 3s MEM : 353864KB)
INFO     : ... Hierarchical pre-synthesis "arbiter(PORTS=2,ARB_BLOCK=1,ARB_LSB_HIGH_PRIORITY=1)" begin
INFO     : ... Hierarchical pre-synthesis "arbiter(PORTS=2,ARB_BLOCK=1,ARB_LSB_HIGH_PRIORITY=1)" end (Real time : 0s CPU user time : 28s CPU sys time : 3s MEM : 353864KB)
INFO     : ... Hierarchical pre-synthesis "ip_arb_mux(S_COUNT=2,DATA_WIDTH=64,KEEP_ENABLE=1)" begin
INFO     : ... Hierarchical pre-synthesis "ip_arb_mux(S_COUNT=2,DATA_WIDTH=64,KEEP_ENABLE=1)" end (Real time : 0s CPU user time : 28s CPU sys time : 3s MEM : 353864KB)
INFO     : ... Hierarchical pre-synthesis "eth_arb_mux(S_COUNT=2,DATA_WIDTH=64,KEEP_ENABLE=1)" begin
INFO     : ... Hierarchical pre-synthesis "eth_arb_mux(S_COUNT=2,DATA_WIDTH=64,KEEP_ENABLE=1)" end (Real time : 0s CPU user time : 28s CPU sys time : 4s MEM : 353864KB)
INFO     : ... Hierarchical pre-synthesis "ip_eth_rx_64" begin
INFO     : ... Hierarchical pre-synthesis "ip_eth_rx_64" end (Real time : 0s CPU user time : 29s CPU sys time : 4s MEM : 353864KB)
INFO     : ... Hierarchical pre-synthesis "ip_eth_tx_64" begin
INFO     : ... Hierarchical pre-synthesis "ip_eth_tx_64" end (Real time : 0s CPU user time : 29s CPU sys time : 4s MEM : 353864KB)
INFO     : ... Hierarchical pre-synthesis "ip_64" begin
INFO     : ... Hierarchical pre-synthesis "ip_64" end (Real time : 1s CPU user time : 29s CPU sys time : 4s MEM : 353864KB)
INFO     : ... Hierarchical pre-synthesis "arp_eth_rx(DATA_WIDTH=64,KEEP_ENABLE=1,KEEP_WIDTH=8)" begin
INFO     : ... Hierarchical pre-synthesis "arp_eth_rx(DATA_WIDTH=64,KEEP_ENABLE=1,KEEP_WIDTH=8)" end (Real time : 0s CPU user time : 29s CPU sys time : 4s MEM : 353864KB)
INFO     : ... Hierarchical pre-synthesis "arp_eth_tx(DATA_WIDTH=64,KEEP_ENABLE=1,KEEP_WIDTH=8)" begin
INFO     : ... Hierarchical pre-synthesis "arp_eth_tx(DATA_WIDTH=64,KEEP_ENABLE=1,KEEP_WIDTH=8)" end (Real time : 0s CPU user time : 29s CPU sys time : 4s MEM : 353864KB)
INFO     : ... Hierarchical pre-synthesis "lfsr(LFSR_WIDTH=32,LFSR_POLY=32'b0100110000010001110110110111,LFSR_CONFIG="GALOIS",REVERSE=1,DATA_WIDTH=32)" begin
INFO     : ... Hierarchical pre-synthesis "lfsr(LFSR_WIDTH=32,LFSR_POLY=32'b0100110000010001110110110111,LFSR_CONFIG="GALOIS",REVERSE=1,DATA_WIDTH=32)" end (Real time : 0s CPU user time : 29s CPU sys time : 4s MEM : 353864KB)
INFO     : ... Hierarchical pre-synthesis "arp_cache" begin
INFO     : ... Hierarchical pre-synthesis "arp_cache" end (Real time : 0s CPU user time : 30s CPU sys time : 4s MEM : 353864KB)
INFO     : ... Hierarchical pre-synthesis "arp(DATA_WIDTH=64,KEEP_ENABLE=1,KEEP_WIDTH=8,REQUEST_RETRY_INTERVAL=250000000,REQUEST_TIMEOUT=-544967296)" begin
INFO     : ... Hierarchical pre-synthesis "arp(DATA_WIDTH=64,KEEP_ENABLE=1,KEEP_WIDTH=8,REQUEST_RETRY_INTERVAL=250000000,REQUEST_TIMEOUT=-544967296)" end (Real time : 0s CPU user time : 30s CPU sys time : 4s MEM : 353864KB)
INFO     : ... Hierarchical pre-synthesis "ip_complete_64(ARP_REQUEST_RETRY_INTERVAL=250000000,ARP_REQUEST_TIMEOUT=-544967296)" begin
INFO     : ... Hierarchical pre-synthesis "ip_complete_64(ARP_REQUEST_RETRY_INTERVAL=250000000,ARP_REQUEST_TIMEOUT=-544967296)" end (Real time : 1s CPU user time : 30s CPU sys time : 4s MEM : 353864KB)
INFO     : ... Hierarchical pre-synthesis "udp_ip_rx_64" begin
INFO     : ... Hierarchical pre-synthesis "udp_ip_rx_64" end (Real time : 0s CPU user time : 31s CPU sys time : 4s MEM : 353864KB)
INFO     : ... Hierarchical pre-synthesis "axis_fifo(DEPTH=32768,DATA_WIDTH=64,KEEP_ENABLE=1,KEEP_WIDTH=8)" begin
INFO     : ... Hierarchical pre-synthesis "axis_fifo(DEPTH=32768,DATA_WIDTH=64,KEEP_ENABLE=1,KEEP_WIDTH=8)" end (Real time : 0s CPU user time : 31s CPU sys time : 4s MEM : 353864KB)
INFO     : ... Hierarchical pre-synthesis "udp_checksum_gen_64(PAYLOAD_FIFO_DEPTH=32768,HEADER_FIFO_DEPTH=128)" begin
INFO     : ... Hierarchical pre-synthesis "udp_checksum_gen_64(PAYLOAD_FIFO_DEPTH=32768,HEADER_FIFO_DEPTH=128)" end (Real time : 0s CPU user time : 31s CPU sys time : 4s MEM : 353864KB)
INFO     : ... Hierarchical pre-synthesis "udp_ip_tx_64" begin
INFO     : ... Hierarchical pre-synthesis "udp_ip_tx_64" end (Real time : 0s CPU user time : 31s CPU sys time : 4s MEM : 353864KB)
INFO     : ... Hierarchical pre-synthesis "udp_64(CHECKSUM_PAYLOAD_FIFO_DEPTH=32768,CHECKSUM_HEADER_FIFO_DEPTH=128)" begin
INFO     : ... Hierarchical pre-synthesis "udp_64(CHECKSUM_PAYLOAD_FIFO_DEPTH=32768,CHECKSUM_HEADER_FIFO_DEPTH=128)" end (Real time : 1s CPU user time : 31s CPU sys time : 4s MEM : 353864KB)
INFO     : ... Hierarchical pre-synthesis "udp_complete_64(UDP_CHECKSUM_PAYLOAD_FIFO_DEPTH=32768,UDP_CHECKSUM_HEADER_FIFO_DEPTH=128)" begin
INFO     : ... Hierarchical pre-synthesis "udp_complete_64(UDP_CHECKSUM_PAYLOAD_FIFO_DEPTH=32768,UDP_CHECKSUM_HEADER_FIFO_DEPTH=128)" end (Real time : 0s CPU user time : 33s CPU sys time : 4s MEM : 353864KB)
INFO     : ... Hierarchical pre-synthesis "ethernet_core(PW=32)" begin
INFO     : ... Hierarchical pre-synthesis "ethernet_core(PW=32)" end (Real time : 4s CPU user time : 37s CPU sys time : 5s MEM : 353864KB)
INFO     : ... Hierarchical pre-synthesis "udp_video_generator(dphy_rx=DphyRx4LaneIface_slv)" begin
WARNING  : Optimizing into logic zero initialized read-only memory block 'inst_frame_buffer_512/inst_wr_address_decoder_1/genblk1[15].inst_pclk_to_axi_buffer/ram__D$1'. (/home/steve/video_streaming_10g_demo_v1.4.1_2026.1_imx900_rpi/rtl/lib/common/simple_dual_port_ram.sv:32) [EFX-0656]
WARNING  : Optimizing into logic zero initialized read-only memory block 'inst_frame_buffer_512/inst_wr_address_decoder_1/genblk1[15].inst_pclk_to_axi_buffer/ram__D$2'. (/home/steve/video_streaming_10g_demo_v1.4.1_2026.1_imx900_rpi/rtl/lib/common/simple_dual_port_ram.sv:32) [EFX-0656]
WARNING  : Optimizing into logic zero initialized read-only memory block 'inst_frame_buffer_512/inst_wr_address_decoder_1/genblk1[14].inst_pclk_to_axi_buffer/ram__D$1'. (/home/steve/video_streaming_10g_demo_v1.4.1_2026.1_imx900_rpi/rtl/lib/common/simple_dual_port_ram.sv:32) [EFX-0656]
WARNING  : Optimizing into logic zero initialized read-only memory block 'inst_frame_buffer_512/inst_wr_address_decoder_1/genblk1[14].inst_pclk_to_axi_buffer/ram__D$2'. (/home/steve/video_streaming_10g_demo_v1.4.1_2026.1_imx900_rpi/rtl/lib/common/simple_dual_port_ram.sv:32) [EFX-0656]
WARNING  : Optimizing into logic zero initialized read-only memory block 'inst_frame_buffer_512/inst_wr_address_decoder_1/genblk1[13].inst_pclk_to_axi_buffer/ram__D$1'. (/home/steve/video_streaming_10g_demo_v1.4.1_2026.1_imx900_rpi/rtl/lib/common/simple_dual_port_ram.sv:32) [EFX-0656]
WARNING  : Optimizing into logic zero initialized read-only memory block 'inst_frame_buffer_512/inst_wr_address_decoder_1/genblk1[13].inst_pclk_to_axi_buffer/ram__D$2'. (/home/steve/video_streaming_10g_demo_v1.4.1_2026.1_imx900_rpi/rtl/lib/common/simple_dual_port_ram.sv:32) [EFX-0656]
WARNING  : Optimizing into logic zero initialized read-only memory block 'inst_frame_buffer_512/inst_wr_address_decoder_1/genblk1[12].inst_pclk_to_axi_buffer/ram__D$1'. (/home/steve/video_streaming_10g_demo_v1.4.1_2026.1_imx900_rpi/rtl/lib/common/simple_dual_port_ram.sv:32) [EFX-0656]
WARNING  : Optimizing into logic zero initialized read-only memory block 'inst_frame_buffer_512/inst_wr_address_decoder_1/genblk1[12].inst_pclk_to_axi_buffer/ram__D$2'. (/home/steve/video_streaming_10g_demo_v1.4.1_2026.1_imx900_rpi/rtl/lib/common/simple_dual_port_ram.sv:32) [EFX-0656]
WARNING  : Optimizing into logic zero initialized read-only memory block 'inst_frame_buffer_512/inst_wr_address_decoder_1/genblk1[11].inst_pclk_to_axi_buffer/ram__D$1'. (/home/steve/video_streaming_10g_demo_v1.4.1_2026.1_imx900_rpi/rtl/lib/common/simple_dual_port_ram.sv:32) [EFX-0656]
WARNING  : Optimizing into logic zero initialized read-only memory block 'inst_frame_buffer_512/inst_wr_address_decoder_1/genblk1[11].inst_pclk_to_axi_buffer/ram__D$2'. (/home/steve/video_streaming_10g_demo_v1.4.1_2026.1_imx900_rpi/rtl/lib/common/simple_dual_port_ram.sv:32) [EFX-0656]
WARNING  : Optimizing into logic zero initialized read-only memory block 'inst_frame_buffer_512/inst_wr_address_decoder_1/genblk1[10].inst_pclk_to_axi_buffer/ram__D$1'. (/home/steve/video_streaming_10g_demo_v1.4.1_2026.1_imx900_rpi/rtl/lib/common/simple_dual_port_ram.sv:32) [EFX-0656]
WARNING  : Optimizing into logic zero initialized read-only memory block 'inst_frame_buffer_512/inst_wr_address_decoder_1/genblk1[10].inst_pclk_to_axi_buffer/ram__D$2'. (/home/steve/video_streaming_10g_demo_v1.4.1_2026.1_imx900_rpi/rtl/lib/common/simple_dual_port_ram.sv:32) [EFX-0656]
WARNING  : Optimizing into logic zero initialized read-only memory block 'inst_frame_buffer_512/inst_wr_address_decoder_1/genblk1[9].inst_pclk_to_axi_buffer/ram__D$1'. (/home/steve/video_streaming_10g_demo_v1.4.1_2026.1_imx900_rpi/rtl/lib/common/simple_dual_port_ram.sv:32) [EFX-0656]
WARNING  : Optimizing into logic zero initialized read-only memory block 'inst_frame_buffer_512/inst_wr_address_decoder_1/genblk1[9].inst_pclk_to_axi_buffer/ram__D$2'. (/home/steve/video_streaming_10g_demo_v1.4.1_2026.1_imx900_rpi/rtl/lib/common/simple_dual_port_ram.sv:32) [EFX-0656]
WARNING  : Optimizing into logic zero initialized read-only memory block 'inst_frame_buffer_512/inst_wr_address_decoder_1/genblk1[8].inst_pclk_to_axi_buffer/ram__D$1'. (/home/steve/video_streaming_10g_demo_v1.4.1_2026.1_imx900_rpi/rtl/lib/common/simple_dual_port_ram.sv:32) [EFX-0656]
WARNING  : Optimizing into logic zero initialized read-only memory block 'inst_frame_buffer_512/inst_wr_address_decoder_1/genblk1[8].inst_pclk_to_axi_buffer/ram__D$2'. (/home/steve/video_streaming_10g_demo_v1.4.1_2026.1_imx900_rpi/rtl/lib/common/simple_dual_port_ram.sv:32) [EFX-0656]
WARNING  : Optimizing into logic zero initialized read-only memory block 'inst_frame_buffer_512/inst_wr_address_decoder_1/genblk1[7].inst_pclk_to_axi_buffer/ram__D$1'. (/home/steve/video_streaming_10g_demo_v1.4.1_2026.1_imx900_rpi/rtl/lib/common/simple_dual_port_ram.sv:32) [EFX-0656]
WARNING  : Optimizing into logic zero initialized read-only memory block 'inst_frame_buffer_512/inst_wr_address_decoder_1/genblk1[7].inst_pclk_to_axi_buffer/ram__D$2'. (/home/steve/video_streaming_10g_demo_v1.4.1_2026.1_imx900_rpi/rtl/lib/common/simple_dual_port_ram.sv:32) [EFX-0656]
WARNING  : Optimizing into logic zero initialized read-only memory block 'inst_frame_buffer_512/inst_wr_address_decoder_1/genblk1[6].inst_pclk_to_axi_buffer/ram__D$1'. (/home/steve/video_streaming_10g_demo_v1.4.1_2026.1_imx900_rpi/rtl/lib/common/simple_dual_port_ram.sv:32) [EFX-0656]
WARNING  : Optimizing into logic zero initialized read-only memory block 'inst_frame_buffer_512/inst_wr_address_decoder_1/genblk1[6].inst_pclk_to_axi_buffer/ram__D$2'. (/home/steve/video_streaming_10g_demo_v1.4.1_2026.1_imx900_rpi/rtl/lib/common/simple_dual_port_ram.sv:32) [EFX-0656]
WARNING  : Optimizing into logic zero initialized read-only memory block 'inst_frame_buffer_512/inst_wr_address_decoder_1/genblk1[5].inst_pclk_to_axi_buffer/ram__D$1'. (/home/steve/video_streaming_10g_demo_v1.4.1_2026.1_imx900_rpi/rtl/lib/common/simple_dual_port_ram.sv:32) [EFX-0656]
WARNING  : Optimizing into logic zero initialized read-only memory block 'inst_frame_buffer_512/inst_wr_address_decoder_1/genblk1[5].inst_pclk_to_axi_buffer/ram__D$2'. (/home/steve/video_streaming_10g_demo_v1.4.1_2026.1_imx900_rpi/rtl/lib/common/simple_dual_port_ram.sv:32) [EFX-0656]
WARNING  : Optimizing into logic zero initialized read-only memory block 'inst_frame_buffer_512/inst_wr_address_decoder_1/genblk1[4].inst_pclk_to_axi_buffer/ram__D$1'. (/home/steve/video_streaming_10g_demo_v1.4.1_2026.1_imx900_rpi/rtl/lib/common/simple_dual_port_ram.sv:32) [EFX-0656]
WARNING  : Optimizing into logic zero initialized read-only memory block 'inst_frame_buffer_512/inst_wr_address_decoder_1/genblk1[4].inst_pclk_to_axi_buffer/ram__D$2'. (/home/steve/video_streaming_10g_demo_v1.4.1_2026.1_imx900_rpi/rtl/lib/common/simple_dual_port_ram.sv:32) [EFX-0656]
WARNING  : Optimizing into logic zero initialized read-only memory block 'inst_frame_buffer_512/inst_wr_address_decoder_1/genblk1[3].inst_pclk_to_axi_buffer/ram__D$1'. (/home/steve/video_streaming_10g_demo_v1.4.1_2026.1_imx900_rpi/rtl/lib/common/simple_dual_port_ram.sv:32) [EFX-0656]
WARNING  : Optimizing into logic zero initialized read-only memory block 'inst_frame_buffer_512/inst_wr_address_decoder_1/genblk1[3].inst_pclk_to_axi_buffer/ram__D$2'. (/home/steve/video_streaming_10g_demo_v1.4.1_2026.1_imx900_rpi/rtl/lib/common/simple_dual_port_ram.sv:32) [EFX-0656]
WARNING  : Optimizing into logic zero initialized read-only memory block 'inst_frame_buffer_512/inst_wr_address_decoder_1/genblk1[2].inst_pclk_to_axi_buffer/ram__D$1'. (/home/steve/video_streaming_10g_demo_v1.4.1_2026.1_imx900_rpi/rtl/lib/common/simple_dual_port_ram.sv:32) [EFX-0656]
WARNING  : Optimizing into logic zero initialized read-only memory block 'inst_frame_buffer_512/inst_wr_address_decoder_1/genblk1[2].inst_pclk_to_axi_buffer/ram__D$2'. (/home/steve/video_streaming_10g_demo_v1.4.1_2026.1_imx900_rpi/rtl/lib/common/simple_dual_port_ram.sv:32) [EFX-0656]
WARNING  : Optimizing into logic zero initialized read-only memory block 'inst_frame_buffer_512/inst_wr_address_decoder_1/genblk1[1].inst_pclk_to_axi_buffer/ram__D$1'. (/home/steve/video_streaming_10g_demo_v1.4.1_2026.1_imx900_rpi/rtl/lib/common/simple_dual_port_ram.sv:32) [EFX-0656]
WARNING  : Optimizing into logic zero initialized read-only memory block 'inst_frame_buffer_512/inst_wr_address_decoder_1/genblk1[1].inst_pclk_to_axi_buffer/ram__D$2'. (/home/steve/video_streaming_10g_demo_v1.4.1_2026.1_imx900_rpi/rtl/lib/common/simple_dual_port_ram.sv:32) [EFX-0656]
WARNING  : Optimizing into logic zero initialized read-only memory block 'inst_frame_buffer_512/inst_wr_address_decoder_1/genblk1[0].inst_pclk_to_axi_buffer/ram__D$1'. (/home/steve/video_streaming_10g_demo_v1.4.1_2026.1_imx900_rpi/rtl/lib/common/simple_dual_port_ram.sv:32) [EFX-0656]
WARNING  : Optimizing into logic zero initialized read-only memory block 'inst_frame_buffer_512/inst_wr_address_decoder_1/genblk1[0].inst_pclk_to_axi_buffer/ram__D$2'. (/home/steve/video_streaming_10g_demo_v1.4.1_2026.1_imx900_rpi/rtl/lib/common/simple_dual_port_ram.sv:32) [EFX-0656]
INFO     : ... Hierarchical pre-synthesis "udp_video_generator(dphy_rx=DphyRx4LaneIface_slv)" end (Real time : 15s CPU user time : 58s CPU sys time : 6s MEM : 363456KB)
INFO     : ... Hierarchical pre-synthesis "fpga" begin
INFO     : Instance 'rx_reset_sync_inst' is equivalent to 'tx_reset_sync_inst', it will be optimized. (/home/steve/video_streaming_10g_demo_v1.4.1_2026.1_imx900_rpi/rtl/fpga.sv:254) [EFX-0673]
WARNING  : Mapping into logic memory block 'q1_apb_master/rom_mif' (1060 bits) (/home/steve/video_streaming_10g_demo_v1.4.1_2026.1_imx900_rpi/rtl/apb_master.sv:49) because read port is not synchronous. [EFX-0657]
INFO     : ... Clock Enable Synthesis Performed on 2140 flops.
INFO     : ... Hierarchical pre-synthesis "fpga" end (Real time : 7s CPU user time : 69s CPU sys time : 7s MEM : 399808KB)
INFO     : ... Flat optimizations begin
INFO     : ... Flat optimizations end (Real time : 0s CPU user time : 70s CPU sys time : 7s MEM : 399936KB)
INFO     : ... Flat synthesis begin
INFO     : ... Flat synthesis end (Real time : 0s CPU user time : 71s CPU sys time : 7s MEM : 400064KB)
INFO     : ... Flat optimizations begin
INFO     : ... Flat optimizations end (Real time : 0s CPU user time : 72s CPU sys time : 7s MEM : 400064KB)
INFO     : ... Check and break combinational loops begin
INFO     : ... Check and break combinational loops end (Real time : 1s CPU user time : 73s CPU sys time : 7s MEM : 400064KB)
INFO     : ... Sequential Optimization begin
INFO     : ... Clock Network 'sfp0_iface_clk' with 6668 loads will be considered for sequential optimization.
INFO     : ... Clock Network 'clk_100m' with 5985 loads will be considered for sequential optimization.
INFO     : ... Clock Network 'dphy_rx1_SLOWCLK' with 345 loads will be considered for sequential optimization.
INFO     : ... Clock Network 'jtag_inst1_TCK' with 201 loads will be considered for sequential optimization.
INFO     : ... Clock Network 'inst_udp_video_generator/inst_ethernet_core/clk_50m' with 27 loads will be considered for sequential optimization.
INFO     : ... Sequential Optimization deduced 2273 equivalent points.
INFO     : ... Sequential Optimization end (Real time : 21s CPU user time : 101s CPU sys time : 8s MEM : 400064KB)
INFO     : ... Setup for logic synthesis begin
INFO     : ... Setup for logic synthesis end (Real time : 1s CPU user time : 103s CPU sys time : 8s MEM : 400064KB)
INFO     : ... LUT mapping begin
INFO     : ... LS, strategy: 3, nd: 18162, ed: 59530, lv: 14, pw: 34709.05
INFO     : ... LUT mapping end (Real time : 215s CPU user time : 783s CPU sys time : 9s MEM : 471600KB)
INFO     : ... Post-synthesis Verific netlist creation begin
INFO     : ... Post-synthesis Verific netlist creation end (Real time : 1s CPU user time : 784s CPU sys time : 9s MEM : 471600KB)
INFO     : ... Postmap Retiming Optimization begin
INFO     : ... Clock Network 'sfp0_iface_clk~sfp0_iface_clk' with 6523 loads will be considered for retiming optimization.
INFO     : ... Clock Network 'clk_100m~clk_100m' with 5895 loads will be considered for retiming optimization.
INFO     : ... Clock Network 'dphy_rx1_SLOWCLK~dphy_rx1_SLOWCLK' with 324 loads will be considered for retiming optimization.
INFO     : ... Clock Network 'jtag_inst1_TCK~jtag_inst1_TCK' with 200 loads will be considered for retiming optimization.
INFO     : ... Clock Network 'inst_udp_video_generator/inst_ethernet_core/clk_50m' with 27 loads will be considered for retiming optimization.
INFO     : ... Performed 8 retime moves.
INFO     : ... Postmap Retiming Optimization end (Real time : 7s CPU user time : 792s CPU sys time : 9s MEM : 471600KB)
INFO     : ***** Beginning VDB Netlist Checker ... *****
WARNING  : /home/steve/video_streaming_10g_demo_v1.4.1_2026.1_imx900_rpi/rtl/fpga.sv(14): Input/inout port sw[1] is unconnected. Place and route may remove this unconnected port. [VDB-8003]
WARNING  : /home/steve/video_streaming_10g_demo_v1.4.1_2026.1_imx900_rpi/rtl/fpga.sv(22): Input/inout port dphy_rx1_RX_ULPS_ACTIVE_CLK_NOT is unconnected. Place and route may remove this unconnected port. [VDB-8003]
WARNING  : /home/steve/video_streaming_10g_demo_v1.4.1_2026.1_imx900_rpi/rtl/fpga.sv(65): Input/inout port ddr_BID_0[5] is unconnected. Place and route may remove this unconnected port. [VDB-8003]
WARNING  : /home/steve/video_streaming_10g_demo_v1.4.1_2026.1_imx900_rpi/rtl/fpga.sv(66): Input/inout port ddr_BRESP_0[1] is unconnected. Place and route may remove this unconnected port. [VDB-8003]
WARNING  : /home/steve/video_streaming_10g_demo_v1.4.1_2026.1_imx900_rpi/rtl/fpga.sv(68): Input/inout port ddr_RID_0[5] is unconnected. Place and route may remove this unconnected port. [VDB-8003]
WARNING  : /home/steve/video_streaming_10g_demo_v1.4.1_2026.1_imx900_rpi/rtl/fpga.sv(72): Input/inout port ddr_RRESP_0[1] is unconnected. Place and route may remove this unconnected port. [VDB-8003]
WARNING  : /home/steve/video_streaming_10g_demo_v1.4.1_2026.1_imx900_rpi/rtl/fpga.sv(115): Input/inout port cmn_inst1_USER_APB_PSLVERR is unconnected. Place and route may remove this unconnected port. [VDB-8003]
WARNING  : /home/steve/video_streaming_10g_demo_v1.4.1_2026.1_imx900_rpi/rtl/fpga.sv(124): Input/inout port sfp0_IRQ is unconnected. Place and route may remove this unconnected port. [VDB-8003]
WARNING  : /home/steve/video_streaming_10g_demo_v1.4.1_2026.1_imx900_rpi/rtl/fpga.sv(128): Input/inout port sfp0_HI_BER is unconnected. Place and route may remove this unconnected port. [VDB-8003]
WARNING  : /home/steve/video_streaming_10g_demo_v1.4.1_2026.1_imx900_rpi/rtl/fpga.sv(130): Input/inout port sfp0_PHY_INTERRUPT is unconnected. Place and route may remove this unconnected port. [VDB-8003]
WARNING  : /home/steve/video_streaming_10g_demo_v1.4.1_2026.1_imx900_rpi/rtl/fpga.sv(131): Input/inout port sfp0_PCS_STATUS is unconnected. Place and route may remove this unconnected port. [VDB-8003]
WARNING  : Net inst_sapphire/u_EfxSapphireSoc/system_cores_0_logic_cpu/IBusCachedPlugin_cache/lineLoader_address[4] is dangling. [VDB-8009]
WARNING  : Net inst_sapphire/u_EfxSapphireSoc/system_cores_0_logic_cpu/IBusCachedPlugin_cache/lineLoader_address[3] is dangling. [VDB-8009]
WARNING  : Net inst_sapphire/u_EfxSapphireSoc/system_cores_0_logic_cpu/IBusCachedPlugin_cache/lineLoader_address[5] is dangling. [VDB-8009]
WARNING  : Net inst_sapphire/u_EfxSapphireSoc/system_cores_0_logic_cpu/IBusCachedPlugin_cache/lineLoader_address[0] is dangling. [VDB-8009]
WARNING  : Net inst_sapphire/u_EfxSapphireSoc/system_cores_0_logic_cpu/IBusCachedPlugin_cache/lineLoader_address[1] is dangling. [VDB-8009]
WARNING  : Net inst_sapphire/u_EfxSapphireSoc/system_cores_0_logic_cpu/IBusCachedPlugin_cache/lineLoader_address[2] is dangling. [VDB-8009]
WARNING  : Found 96 warnings in the post-synthesis netlist.
INFO     : VDB Netlist Checker took 0.202578158 seconds [FlowMsg::StageDuration]
INFO     :     VDB Netlist Checker took 0.33 seconds (approximately) in total CPU time [FlowMsg::StageDuration::CPUTime]
INFO     : VDB Netlist Checker virtual memory usage: begin = 610.42 MB, end = 610.42 MB, delta = 0 MB [FlowMsg::VMUsage]
INFO     : VDB Netlist Checker resident set memory usage: begin = 376.32 MB, end = 376.32 MB, delta = 0 MB [FlowMsg::RSSUsage]
INFO     :     VDB Netlist Checker peak resident set memory usage = 471.6 MB [FlowMsg::RSSUsage::Peak]
INFO     : ***** Ending VDB Netlist Checker ... *****
INFO     : Resource Summary 
INFO     : ======================================= 
INFO     : EFX_ADD                 : 	2388
INFO     : EFX_LUT4                : 	18172
INFO     : EFX_DSP48               : 	10
INFO     : EFX_FF                  : 	12817
INFO     : EFX_SRL8                : 	57
INFO     : EFX_RAM10               : 	442
INFO     : ======================================= 
INFO     : ... Post-Map Verilog Writer begin
INFO     : Writing netlist 'fpga' to Verilog file '/home/steve/video_streaming_10g_demo_v1.4.1_2026.1_imx900_rpi/fpga/Ti375N1156-DK/outflow/videostream.map.v' [VDB-1030]
INFO     : ... Post-Map Verilog Writer end (Real time : 1s CPU user time : 799s CPU sys time : 10s MEM : 471600KB)
INFO     : The entire flow of EFX_MAP took 312.034817425 seconds [FlowMsg::StageDuration]
INFO     :     The entire flow of EFX_MAP took 799.21 seconds (approximately) in total CPU time [FlowMsg::StageDuration::CPUTime]
INFO     : The entire flow of EFX_MAP virtual memory usage: begin = 108.14 MB, end = 610.42 MB, delta = 502.28 MB [FlowMsg::VMUsage]
INFO     : The entire flow of EFX_MAP resident set memory usage: begin = 34.016 MB, end = 426.516 MB, delta = 392.5 MB [FlowMsg::RSSUsage]
INFO     :     The entire flow of EFX_MAP peak resident set memory usage = 471.6 MB [FlowMsg::RSSUsage::Peak]
